#
# There is insufficient memory for the Java Runtime Environment to continue.
# Native memory allocation (mmap) failed to map 65536 bytes. Error detail: Failed to commit metaspace.
# Possible reasons:
#   The system is out of physical RAM or swap space
#   This process is running with CompressedOops enabled, and the Java Heap may be blocking the growth of the native heap
# Possible solutions:
#   Reduce memory load on the system
#   Increase physical memory or swap space
#   Check if swap backing store is full
#   Decrease Java heap size (-Xmx/-Xms)
#   Decrease number of Java threads
#   Decrease Java thread stack sizes (-Xss)
#   Set larger code cache with -XX:ReservedCodeCacheSize=
#   JVM is running with Unscaled Compressed Oops mode in which the Java heap is
#     placed in the first 4GB address space. The Java Heap base address is the
#     maximum limit for the native heap growth. Please use -XX:HeapBaseMinAddress
#     to set the Java Heap base and to place the Java Heap above 4GB virtual address.
# This output file may be truncated or incomplete.
#
#  Out of Memory Error (virtualSpaceNode.cpp:113), pid=17420, tid=12152
#
# JRE version: OpenJDK Runtime Environment Temurin-21.0.10+7 (21.0.10+7) (build 21.0.10+7-LTS)
# Java VM: OpenJDK 64-Bit Server VM Temurin-21.0.10+7 (21.0.10+7-LTS, mixed mode, sharing, tiered, compressed oops, compressed class ptrs, parallel gc, windows-amd64)
# No core dump will be written. Minidumps are not enabled by default on client versions of Windows
#

---------------  S U M M A R Y ------------

Command Line: --add-modules=ALL-SYSTEM --add-opens=java.base/java.util=ALL-UNNAMED --add-opens=java.base/java.lang=ALL-UNNAMED --add-opens=java.base/sun.nio.fs=ALL-UNNAMED -Declipse.application=org.eclipse.jdt.ls.core.id1 -Dosgi.bundles.defaultStartLevel=4 -Declipse.product=org.eclipse.jdt.ls.core.product -Djava.import.generatesMetadataFilesAtProjectRoot=false -DDetectVMInstallationsJob.disabled=true -Dfile.encoding=utf8 -XX:+UseParallelGC -XX:GCTimeRatio=4 -XX:AdaptiveSizePolicyWeight=90 -Dsun.zip.disableMemoryMapping=true -Xmx2G -Xms100m -Xlog:disable -javaagent:c:\Users\beatr\.vscode\extensions\redhat.java-1.54.0-win32-x64\lombok\lombok-1.18.39-4050.jar -XX:+HeapDumpOnOutOfMemoryError -XX:HeapDumpPath=c:\Users\beatr\AppData\Roaming\Code\User\workspaceStorage\512d8a2463e38182a966693e443d7862\redhat.java -Daether.dependencyCollector.impl=bf c:\Users\beatr\.vscode\extensions\redhat.java-1.54.0-win32-x64\server\plugins\org.eclipse.equinox.launcher_1.7.100.v20251111-0406.jar -configuration c:\Users\beatr\AppData\Roaming\Code\User\globalStorage\redhat.java\1.54.0\config_win -data c:\Users\beatr\AppData\Roaming\Code\User\workspaceStorage\512d8a2463e38182a966693e443d7862\redhat.java\jdt_ws --pipe=\\.\pipe\lsp-dc539b3efdb2bd53f6384317b0c43da8-sock

Host: AMD Ryzen 7 5800H with Radeon Graphics         , 16 cores, 13G,  Windows 11 , 64 bit Build 26100 (10.0.26100.8328)
Time: Wed May 20 16:11:21 2026 Hora est. Sudamérica Pacífico elapsed time: 0.886511 seconds (0d 0h 0m 0s)

---------------  T H R E A D  ---------------

Current thread (0x000001bbf8b4dd80):  JavaThread "main"             [_thread_in_vm, id=12152, stack(0x000000677c000000,0x000000677c100000) (1024K)]

Stack: [0x000000677c000000,0x000000677c100000]
Native frames: (J=compiled Java code, j=interpreted, Vv=VM code, C=native code)
V  [jvm.dll+0x6d7a39]
V  [jvm.dll+0x8b4b26]
V  [jvm.dll+0x8b70de]
V  [jvm.dll+0x8b77c3]
V  [jvm.dll+0x284346]
V  [jvm.dll+0x8b086e]
V  [jvm.dll+0x679444]
V  [jvm.dll+0x1e82bb]
V  [jvm.dll+0x1e807e]
V  [jvm.dll+0x67bd42]
V  [jvm.dll+0x67bb72]
V  [jvm.dll+0x679e1e]
V  [jvm.dll+0x26f5c6]
V  [jvm.dll+0x219f3f]
V  [jvm.dll+0x20f62e]
V  [jvm.dll+0x5b644f]
V  [jvm.dll+0x82ec4d]
V  [jvm.dll+0x47952e]
V  [jvm.dll+0x48c8a6]
C  [java.dll+0x1657]

Java frames: (J=compiled Java code, j=interpreted, Vv=VM code)
J 967  java.lang.ClassLoader.defineClass0(Ljava/lang/ClassLoader;Ljava/lang/Class;Ljava/lang/String;[BIILjava/security/ProtectionDomain;ZILjava/lang/Object;)Ljava/lang/Class; java.base@21.0.10 (0 bytes) @ 0x000001bb87bf553c [0x000001bb87bf5440+0x00000000000000fc]
j  java.lang.System$2.defineClass(Ljava/lang/ClassLoader;Ljava/lang/Class;Ljava/lang/String;[BLjava/security/ProtectionDomain;ZILjava/lang/Object;)Ljava/lang/Class;+17 java.base@21.0.10
j  java.lang.invoke.MethodHandles$Lookup$ClassDefiner.defineClass(ZLjava/lang/Object;)Ljava/lang/Class;+57 java.base@21.0.10
j  java.lang.invoke.InvokerBytecodeGenerator.loadMethod([B)Ljava/lang/invoke/MemberName;+22 java.base@21.0.10
j  java.lang.invoke.InvokerBytecodeGenerator.generateCustomizedCode(Ljava/lang/invoke/LambdaForm;Ljava/lang/invoke/MethodType;)Ljava/lang/invoke/MemberName;+30 java.base@21.0.10
j  java.lang.invoke.LambdaForm.compileToBytecode()V+69 java.base@21.0.10
j  java.lang.invoke.DirectMethodHandle.makePreparedLambdaForm(Ljava/lang/invoke/MethodType;I)Ljava/lang/invoke/LambdaForm;+750 java.base@21.0.10
J 1615 c1 java.lang.invoke.DirectMethodHandle.preparedLambdaForm(Ljava/lang/invoke/MemberName;Z)Ljava/lang/invoke/LambdaForm; java.base@21.0.10 (244 bytes) @ 0x000001bb802c79b4 [0x000001bb802c7000+0x00000000000009b4]
j  java.lang.invoke.DirectMethodHandle.preparedLambdaForm(Ljava/lang/invoke/MemberName;)Ljava/lang/invoke/LambdaForm;+2 java.base@21.0.10
j  java.lang.invoke.DirectMethodHandle.make(BLjava/lang/Class;Ljava/lang/invoke/MemberName;Ljava/lang/Class;)Ljava/lang/invoke/DirectMethodHandle;+163 java.base@21.0.10
j  java.lang.invoke.MethodHandles$Lookup.getDirectMethodCommon(BLjava/lang/Class;Ljava/lang/invoke/MemberName;ZZLjava/lang/invoke/MethodHandles$Lookup;)Ljava/lang/invoke/MethodHandle;+220 java.base@21.0.10
j  java.lang.invoke.MethodHandles$Lookup.getDirectMethodNoSecurityManager(BLjava/lang/Class;Ljava/lang/invoke/MemberName;Ljava/lang/invoke/MethodHandles$Lookup;)Ljava/lang/invoke/MethodHandle;+14 java.base@21.0.10
j  java.lang.invoke.MethodHandles$Lookup.getDirectMethodForConstant(BLjava/lang/Class;Ljava/lang/invoke/MemberName;)Ljava/lang/invoke/MethodHandle;+31 java.base@21.0.10
j  java.lang.invoke.MethodHandles$Lookup.linkMethodHandleConstant(BLjava/lang/Class;Ljava/lang/String;Ljava/lang/Object;)Ljava/lang/invoke/MethodHandle;+153 java.base@21.0.10
j  java.lang.invoke.MethodHandleNatives.linkMethodHandleConstant(Ljava/lang/Class;ILjava/lang/Class;Ljava/lang/String;Ljava/lang/Object;)Ljava/lang/invoke/MethodHandle;+38 java.base@21.0.10
v  ~StubRoutines::call_stub 0x000001bb8745100d
j  java.lang.SecurityManager.addNonExportedPackages(Ljava/lang/ModuleLayer;)V+29 java.base@21.0.10
j  java.lang.SecurityManager.<clinit>()V+47 java.base@21.0.10
v  ~StubRoutines::call_stub 0x000001bb8745100d
j  org.eclipse.osgi.internal.framework.ContextFinder$1.run()Ljava/lang/Void;+8
j  org.eclipse.osgi.internal.framework.ContextFinder$1.run()Ljava/lang/Object;+1
j  java.security.AccessController.executePrivileged(Ljava/security/PrivilegedAction;Ljava/security/AccessControlContext;Ljava/lang/Class;)Ljava/lang/Object;+29 java.base@21.0.10
j  java.security.AccessController.doPrivileged(Ljava/security/PrivilegedAction;)Ljava/lang/Object;+5 java.base@21.0.10
j  org.eclipse.osgi.internal.framework.ContextFinder.<clinit>()V+17
v  ~StubRoutines::call_stub 0x000001bb8745100d
j  org.eclipse.osgi.internal.framework.EquinoxContainer.initializeContextFinder()V+106
j  org.eclipse.osgi.internal.framework.EquinoxContainer.init()V+27
j  org.eclipse.osgi.internal.framework.EquinoxBundle$SystemBundle$EquinoxSystemModule.initWorker()V+46
j  org.eclipse.osgi.container.SystemModule.init()V+333
j  org.eclipse.osgi.internal.framework.EquinoxBundle$SystemBundle.init([Lorg/osgi/framework/FrameworkListener;)V+83
j  org.eclipse.osgi.internal.framework.EquinoxBundle$SystemBundle.init()V+2
j  org.eclipse.osgi.launch.Equinox.init()V+4
j  org.eclipse.core.runtime.adaptor.EclipseStarter.startup([Ljava/lang/String;Ljava/lang/Runnable;)Lorg/osgi/framework/BundleContext;+37
j  org.eclipse.core.runtime.adaptor.EclipseStarter.run([Ljava/lang/String;Ljava/lang/Runnable;)Ljava/lang/Object;+21
J 964 c1 java.lang.invoke.DirectMethodHandle$Holder.invokeStatic(Ljava/lang/Object;Ljava/lang/Object;Ljava/lang/Object;)Ljava/lang/Object; java.base@21.0.10 (15 bytes) @ 0x000001bb801764d4 [0x000001bb801760e0+0x00000000000003f4]
j  java.lang.invoke.LambdaForm$MH+0x000001bb9108a800.invoke(Ljava/lang/Object;Ljava/lang/Object;Ljava/lang/Object;Ljava/lang/Object;)Ljava/lang/Object;+54 java.base@21.0.10
j  java.lang.invoke.LambdaForm$MH+0x000001bb91002c00.invokeExact_MT(Ljava/lang/Object;Ljava/lang/Object;Ljava/lang/Object;Ljava/lang/Object;Ljava/lang/Object;)Ljava/lang/Object;+22 java.base@21.0.10
j  jdk.internal.reflect.DirectMethodHandleAccessor.invokeImpl(Ljava/lang/Object;[Ljava/lang/Object;)Ljava/lang/Object;+72 java.base@21.0.10
j  jdk.internal.reflect.DirectMethodHandleAccessor.invoke(Ljava/lang/Object;[Ljava/lang/Object;)Ljava/lang/Object;+23 java.base@21.0.10
j  java.lang.reflect.Method.invoke(Ljava/lang/Object;[Ljava/lang/Object;)Ljava/lang/Object;+102 java.base@21.0.10
j  org.eclipse.equinox.launcher.Main.invokeFramework([Ljava/lang/String;[Ljava/net/URL;)V+155
j  org.eclipse.equinox.launcher.Main.basicRun([Ljava/lang/String;)V+191
j  org.eclipse.equinox.launcher.Main.run([Ljava/lang/String;)I+4
j  org.eclipse.equinox.launcher.Main.main([Ljava/lang/String;)V+10
v  ~StubRoutines::call_stub 0x000001bb8745100d

Compiled method (n/a) 931  967     n 0       java.lang.ClassLoader::defineClass0 (native)
 total in heap  [0x000001bb87bf5290,0x000001bb87bf5748] = 1208
 relocation     [0x000001bb87bf53f0,0x000001bb87bf5428] = 56
 main code      [0x000001bb87bf5440,0x000001bb87bf5741] = 769
 stub code      [0x000001bb87bf5741,0x000001bb87bf5748] = 7

[Constant Pool (empty)]

[MachCode]
[Entry Point]
  # {method} {0x000001bb90434930} 'defineClass0' '(Ljava/lang/ClassLoader;Ljava/lang/Class;Ljava/lang/String;[BIILjava/security/ProtectionDomain;ZILjava/lang/Object;)Ljava/lang/Class;' in 'java/lang/ClassLoader'
  # parm0:    rdx:rdx   = 'java/lang/ClassLoader'
  # parm1:    r8:r8     = 'java/lang/Class'
  # parm2:    r9:r9     = 'java/lang/String'
  # parm3:    rdi:rdi   = '[B'
  # parm4:    rsi       = int
  # parm5:    rcx       = int
  # parm6:    [sp+0xb0]   = 'java/security/ProtectionDomain'  (sp of caller)
  # parm7:    [sp+0xb8]   = boolean
  # parm8:    [sp+0xc0]   = int
  # parm9:    [sp+0xc8]   = 'java/lang/Object'
  0x000001bb87bf5440: 448b 5208 | 49bb 0000 | 0090 bb01 | 0000 4d03 | d349 3bc2 | 0f84 0600 

  0x000001bb87bf5458: ;   {runtime_call ic_miss_stub}
  0x000001bb87bf5458: 0000 e921 | 908a ff90 
[Verified Entry Point]
  0x000001bb87bf5460: 8984 2400 | 80ff ff55 | 488b ec48 | 81ec a000 | 0000 6690 | 4181 7f20 | 0100 0000 

  0x000001bb87bf547c: ;   {runtime_call StubRoutines (final stubs)}
  0x000001bb87bf547c: 7405 e85d | 3589 ff48 | 837d 2800 | 488d 4528 | 480f 4445 | 2848 8944 | 2458 4863 | 4520 4889 
  0x000001bb87bf549c: 4424 5048 | 6345 1848 | 8944 2448 | 4883 7d10 | 0048 8d45 | 1048 0f44 | 4510 4889 | 4424 4048 
  0x000001bb87bf54bc: 894c 2438 | 4889 7424 | 3048 897c | 2478 4883 | ff00 488d | 4424 7848 | 0f44 4424 | 7848 8944 
  0x000001bb87bf54dc: 2428 4c89 | 4c24 7049 | 83f9 0048 | 8d44 2470 | 480f 4444 | 2470 4889 | 4424 204c | 8944 2468 
  0x000001bb87bf54fc: 4983 f800 | 4c8d 4c24 | 684c 0f44 | 4c24 6848 | 8954 2460 | 4883 fa00 | 4c8d 4424 | 604c 0f44 
  0x000001bb87bf551c: ;   {oop(a 'java/lang/Class'{0x0000000080000bd8} = 'java/lang/ClassLoader')}
  0x000001bb87bf551c: 4424 6049 | bed8 0b00 | 8000 0000 | 004c 89b4 | 2490 0000 | 004c 8db4 | 2490 0000 | 0049 8bd6 
  0x000001bb87bf553c: ;   {internal_word}
  0x000001bb87bf553c: c5f8 7749 | ba3c 55bf | 87bb 0100 | 004d 8997 | a803 0000 | 4989 a7a0 

  0x000001bb87bf5554: ;   {external_word}
  0x000001bb87bf5554: 0300 0049 | bac6 5c2e | 87fb 7f00 | 0041 803a | 000f 844e | 0000 0052 | 4150 4151 

  0x000001bb87bf5570: ;   {metadata({method} {0x000001bb90434930} 'defineClass0' '(Ljava/lang/ClassLoader;Ljava/lang/Class;Ljava/lang/String;[BIILjava/security/ProtectionDomain;ZILjava/lang/Object;)Ljava/lang/Class;' in 'java/lang/ClassLoader')}
  0x000001bb87bf5570: 48ba 2849 | 4390 bb01 | 0000 498b | cf48 83ec | 2040 f6c4 | 0f0f 8419 | 0000 0048 

  0x000001bb87bf558c: ;   {runtime_call}
  0x000001bb87bf558c: 83ec 0848 | b850 e1d7 | 86fb 7f00 | 00ff d048 | 83c4 08e9 | 0c00 0000 

  0x000001bb87bf55a4: ;   {runtime_call}
  0x000001bb87bf55a4: 48b8 50e1 | d786 fb7f | 0000 ffd0 | 4883 c420 | 4159 4158 | 5a49 8d8f | c003 0000 | 41c7 874c 
  0x000001bb87bf55c4: 0400 0004 

  0x000001bb87bf55c8: ;   {runtime_call}
  0x000001bb87bf55c8: 0000 0048 | b81c 1586 | 69fc 7f00 | 00ff d0c5 | f877 41c7 | 874c 0400 | 0005 0000 | 00f0 8344 
  0x000001bb87bf55e8: 24c0 0049 | 3baf 5004 | 0000 0f87 | 0e00 0000 | 4183 bf48 | 0400 0000 | 0f84 2b00 | 0000 c5f8 
  0x000001bb87bf5608: 7748 8945 | f849 8bcf | 4c8b e448 | 83ec 2048 

  0x000001bb87bf5618: ;   {runtime_call}
  0x000001bb87bf5618: 83e4 f048 | b8d0 52a3 | 86fb 7f00 | 00ff d049 | 8be4 4d33 | e448 8b45 | f841 c787 | 4c04 0000 
  0x000001bb87bf5638: 0800 0000 | 4183 bfc8 | 0400 0002 | 0f84 ca00 

  0x000001bb87bf5648: ;   {external_word}
  0x000001bb87bf5648: 0000 49ba | c65c 2e87 | fb7f 0000 | 4180 3a00 | 0f84 4c00 | 0000 4889 

  0x000001bb87bf5660: ;   {metadata({method} {0x000001bb90434930} 'defineClass0' '(Ljava/lang/ClassLoader;Ljava/lang/Class;Ljava/lang/String;[BIILjava/security/ProtectionDomain;ZILjava/lang/Object;)Ljava/lang/Class;' in 'java/lang/ClassLoader')}
  0x000001bb87bf5660: 45f8 48ba | 2849 4390 | bb01 0000 | 498b cf48 | 83ec 2040 | f6c4 0f0f | 8419 0000 | 0048 83ec 
  0x000001bb87bf5680: ;   {runtime_call}
  0x000001bb87bf5680: 0848 b850 | e1d7 86fb | 7f00 00ff | d048 83c4 | 08e9 0c00 

  0x000001bb87bf5694: ;   {runtime_call}
  0x000001bb87bf5694: 0000 48b8 | 50e1 d786 | fb7f 0000 | ffd0 4883 | c420 488b | 45f8 49c7 | 87a0 0300 | 0000 0000 
  0x000001bb87bf56b4: 0049 c787 | a803 0000 | 0000 0000 | c5f8 7748 | 85c0 0f84 | 2500 0000 | a803 0f85 | 0800 0000 
  0x000001bb87bf56d4: 488b 00e9 | 1500 0000 | a801 0f85 | 0900 0000 | 488b 40fe | e904 0000 | 0048 8b40 | ff49 8b8f 
  0x000001bb87bf56f4: 3004 0000 | c781 0001 | 0000 0000 | 0000 c949 | 837f 0800 | 0f85 0100 

  0x000001bb87bf570c: ;   {runtime_call StubRoutines (initial stubs)}
  0x000001bb87bf570c: 0000 c3e9 | ecb7 85ff | c5f8 7748 | 8945 f84c | 8be4 4883 | ec20 4883 

  0x000001bb87bf5724: ;   {runtime_call}
  0x000001bb87bf5724: e4f0 48b8 | a018 d886 | fb7f 0000 | ffd0 498b | e44d 33e4 | 488b 45f8 | e909 ffff | fff4 f4f4 
  0x000001bb87bf5744: f4f4 f4f4 
[/MachCode]


Compiled method (c1) 936 1615       3       java.lang.invoke.DirectMethodHandle::preparedLambdaForm (244 bytes)
 total in heap  [0x000001bb802c6d10,0x000001bb802c8490] = 6016
 relocation     [0x000001bb802c6e70,0x000001bb802c7000] = 400
 main code      [0x000001bb802c7000,0x000001bb802c7e20] = 3616
 stub code      [0x000001bb802c7e20,0x000001bb802c7ef0] = 208
 metadata       [0x000001bb802c7ef0,0x000001bb802c7f58] = 104
 scopes data    [0x000001bb802c7f58,0x000001bb802c8168] = 528
 scopes pcs     [0x000001bb802c8168,0x000001bb802c83f8] = 656
 dependencies   [0x000001bb802c83f8,0x000001bb802c8418] = 32
 nul chk table  [0x000001bb802c8418,0x000001bb802c8490] = 120

[Constant Pool (empty)]

[MachCode]
[Verified Entry Point]
  # {method} {0x000001bb900a0d18} 'preparedLambdaForm' '(Ljava/lang/invoke/MemberName;Z)Ljava/lang/invoke/LambdaForm;' in 'java/lang/invoke/DirectMethodHandle'
  # parm0:    rdx:rdx   = 'java/lang/invoke/MemberName'
  # parm1:    r8        = boolean
  #           [sp+0xc0]  (sp of caller)
  0x000001bb802c7000: 8984 2400 | 80ff ff55 | 4881 ecb0 | 0000 0090 | 4181 7f20 | 0100 0000 

  0x000001bb802c7018: ;   {runtime_call StubRoutines (final stubs)}
  0x000001bb802c7018: 7405 e8c1 | 191c 0748 | 8954 2470 

  0x000001bb802c7024: ;   {metadata(method data for {method} {0x000001bb900a0d18} 'preparedLambdaForm' '(Ljava/lang/invoke/MemberName;Z)Ljava/lang/invoke/LambdaForm;' in 'java/lang/invoke/DirectMethodHandle')}
  0x000001bb802c7024: 48be f036 | 39d4 bb01 | 0000 8bbe | cc00 0000 | 83c7 0289 | becc 0000 | 0081 e7fe | 0700 0085 
  0x000001bb802c7044: ff0f 8406 

  0x000001bb802c7048: ;   {metadata(method data for {method} {0x000001bb900a0d18} 'preparedLambdaForm' '(Ljava/lang/invoke/MemberName;Z)Ljava/lang/invoke/LambdaForm;' in 'java/lang/invoke/DirectMethodHandle')}
  0x000001bb802c7048: 0c00 0048 | bef0 3639 | d4bb 0100 | 00ff 8610 | 0100 0044 | 8944 2478 

  0x000001bb802c7060: ; implicit exception: dispatches to 0x000001bb802c7c72
  0x000001bb802c7060: 483b 0248 

  0x000001bb802c7064: ;   {metadata(method data for {method} {0x000001bb900a0d18} 'preparedLambdaForm' '(Ljava/lang/invoke/MemberName;Z)Ljava/lang/invoke/LambdaForm;' in 'java/lang/invoke/DirectMethodHandle')}
  0x000001bb802c7064: 8bf2 48bf | f036 39d4 | bb01 0000 | 4883 8798 | 0100 0001 | 488b f248 

  0x000001bb802c707c: ;   {optimized virtual_call}
  0x000001bb802c707c: 8bd6 90e8 

  0x000001bb802c7080: ; ImmutableOopMap {[112]=Oop }
                      ;*invokevirtual getInvocationType {reexecute=0 rethrow=0 return_oop=0}
                      ; - java.lang.invoke.DirectMethodHandle::preparedLambdaForm@23
  0x000001bb802c7080: dcc5 e6ff 

  0x000001bb802c7084: ;   {other}
  0x000001bb802c7084: 0f1f 8400 | 7403 0000 

  0x000001bb802c708c: ; implicit exception: dispatches to 0x000001bb802c7c77
  0x000001bb802c708c: 483b 0048 

  0x000001bb802c7090: ;   {metadata(method data for {method} {0x000001bb900a0d18} 'preparedLambdaForm' '(Ljava/lang/invoke/MemberName;Z)Ljava/lang/invoke/LambdaForm;' in 'java/lang/invoke/DirectMethodHandle')}
  0x000001bb802c7090: 8bd0 48be | f036 39d4 | bb01 0000 | 4883 86d0 | 0100 0001 

  0x000001bb802c70a4: ;   {metadata(method data for {method} {0x000001bb9040b7d0} 'basicType' '()Ljava/lang/invoke/MethodType;' in 'java/lang/invoke/MethodType')}
  0x000001bb802c70a4: 48ba 98b4 | 24d4 bb01 | 0000 8bb2 | cc00 0000 | 83c6 0289 | b2cc 0000 | 0081 e6fe | ff1f 0085 
  0x000001bb802c70c4: f60f 84b1 | 0b00 008b | 5014 483b | 0248 8bf2 

  0x000001bb802c70d4: ;   {metadata(method data for {method} {0x000001bb9040b7d0} 'basicType' '()Ljava/lang/invoke/MethodType;' in 'java/lang/invoke/MethodType')}
  0x000001bb802c70d4: 48bf 98b4 | 24d4 bb01 | 0000 4883 | 8710 0100 | 0001 8b72 | 1448 89b4 | 2480 0000 

  0x000001bb802c70f0: ;   {metadata(method data for {method} {0x000001bb900a0d18} 'preparedLambdaForm' '(Ljava/lang/invoke/MemberName;Z)Ljava/lang/invoke/LambdaForm;' in 'java/lang/invoke/DirectMethodHandle')}
  0x000001bb802c70f0: 0048 baf0 | 3639 d4bb | 0100 00ff | 8208 0200 | 0048 8b54 | 2470 488b 

  0x000001bb802c7108: ;   {metadata(method data for {method} {0x000001bb900a0d18} 'preparedLambdaForm' '(Ljava/lang/invoke/MemberName;Z)Ljava/lang/invoke/LambdaForm;' in 'java/lang/invoke/DirectMethodHandle')}
  0x000001bb802c7108: fa48 bbf0 | 3639 d4bb | 0100 0048 | 8383 9002 

  0x000001bb802c7118: ;   {metadata(method data for {method} {0x000001bb903ec458} 'getReferenceKind' '()B' in 'java/lang/invoke/MemberName')}
  0x000001bb802c7118: 0000 0148 | bf98 5f05 | d4bb 0100 | 008b 9fcc | 0000 0083 | c302 899f | cc00 0000 | 81e3 feff 
  0x000001bb802c7138: 1f00 85db | 0f84 600b | 0000 8b7a | 0cc1 ef18 | 83e7 0fc1 | e718 c1ff 

  0x000001bb802c7150: ;   {metadata(method data for {method} {0x000001bb900a0d18} 'preparedLambdaForm' '(Ljava/lang/invoke/MemberName;Z)Ljava/lang/invoke/LambdaForm;' in 'java/lang/invoke/DirectMethodHandle')}
  0x000001bb802c7150: 1848 bbf0 | 3639 d4bb | 0100 0048 | c7c0 d002 | 0000 83ff | 0548 8bc8 | 48c7 c0e0 | 0200 0048 
  0x000001bb802c7170: 0f45 c183 | ff06 488b | c848 c7c0 | f002 0000 | 480f 45c1 | 83ff 0748 | 8bc8 48c7 | c000 0300 
  0x000001bb802c7190: 0048 0f45 | c183 ff08 | 488b c848 | c7c0 1003 | 0000 480f | 45c1 83ff | 0948 8bc8 | 48c7 c020 
  0x000001bb802c71b0: 0300 0048 | 0f45 c148 | 8b0c 0349 | c7c2 0100 | 0000 4903 | ca48 890c | 0383 ff05 | 0f84 8c00 
  0x000001bb802c71d0: 0000 83ff | 060f 8469 | 0000 0083 | ff07 0f84 | 4600 0000 | 83ff 080f | 8423 0000 | 0083 ff09 
  0x000001bb802c71f0: 0f85 8709 

  0x000001bb802c71f4: ;   {metadata(method data for {method} {0x000001bb900a0d18} 'preparedLambdaForm' '(Ljava/lang/invoke/MemberName;Z)Ljava/lang/invoke/LambdaForm;' in 'java/lang/invoke/DirectMethodHandle')}
  0x000001bb802c71f4: 0000 48bf | f036 39d4 | bb01 0000 | ff87 8003 | 0000 bf04 | 0000 00e9 | 6300 0000 

  0x000001bb802c7210: ;   {metadata(method data for {method} {0x000001bb900a0d18} 'preparedLambdaForm' '(Ljava/lang/invoke/MemberName;Z)Ljava/lang/invoke/LambdaForm;' in 'java/lang/invoke/DirectMethodHandle')}
  0x000001bb802c7210: 48bf f036 | 39d4 bb01 | 0000 ff87 | 9803 0000 | bf03 0000 | 00e9 4900 

  0x000001bb802c7228: ;   {metadata(method data for {method} {0x000001bb900a0d18} 'preparedLambdaForm' '(Ljava/lang/invoke/MemberName;Z)Ljava/lang/invoke/LambdaForm;' in 'java/lang/invoke/DirectMethodHandle')}
  0x000001bb802c7228: 0000 48bf | f036 39d4 | bb01 0000 | ff87 6803 | 0000 bf02 | 0000 00e9 | 2f00 0000 

  0x000001bb802c7244: ;   {metadata(method data for {method} {0x000001bb900a0d18} 'preparedLambdaForm' '(Ljava/lang/invoke/MemberName;Z)Ljava/lang/invoke/LambdaForm;' in 'java/lang/invoke/DirectMethodHandle')}
  0x000001bb802c7244: 48bf f036 | 39d4 bb01 | 0000 ff87 | 5003 0000 | bf01 0000 | 00e9 1500 

  0x000001bb802c725c: ;   {metadata(method data for {method} {0x000001bb900a0d18} 'preparedLambdaForm' '(Ljava/lang/invoke/MemberName;Z)Ljava/lang/invoke/LambdaForm;' in 'java/lang/invoke/DirectMethodHandle')}
  0x000001bb802c725c: 0000 48bf | f036 39d4 | bb01 0000 | ff87 3803 | 0000 bf00 | 0000 0083 

  0x000001bb802c7274: ;   {metadata(method data for {method} {0x000001bb900a0d18} 'preparedLambdaForm' '(Ljava/lang/invoke/MemberName;Z)Ljava/lang/invoke/LambdaForm;' in 'java/lang/invoke/DirectMethodHandle')}
  0x000001bb802c7274: ff01 48bb | f036 39d4 | bb01 0000 | 48c7 c0f8 | 0300 0075 | 0748 c7c0 | 0804 0000 | 488b 0c03 
  0x000001bb802c7294: 488d 4901 | 4889 0c03 | 0f85 b203 | 0000 897c 

  0x000001bb802c72a4: ;   {metadata(method data for {method} {0x000001bb900a0d18} 'preparedLambdaForm' '(Ljava/lang/invoke/MemberName;Z)Ljava/lang/invoke/LambdaForm;' in 'java/lang/invoke/DirectMethodHandle')}
  0x000001bb802c72a4: 247c 48bb | f036 39d4 | bb01 0000 | 4883 8318 | 0400 0001 | 488b da48 

  0x000001bb802c72bc: ;   {static_call}
  0x000001bb802c72bc: 8bd3 90e8 

  0x000001bb802c72c0: ; ImmutableOopMap {[112]=Oop [128]=Oop }
                      ;*invokestatic shouldBeInitialized {reexecute=0 rethrow=0 return_oop=0}
                      ; - java.lang.invoke.DirectMethodHandle::preparedLambdaForm@131
  0x000001bb802c72c0: 9f0b 0000 

  0x000001bb802c72c4: ;   {other}
  0x000001bb802c72c4: 0f1f 8400 | b405 0001 

  0x000001bb802c72cc: ;   {metadata(method data for {method} {0x000001bb900a0d18} 'preparedLambdaForm' '(Ljava/lang/invoke/MemberName;Z)Ljava/lang/invoke/LambdaForm;' in 'java/lang/invoke/DirectMethodHandle')}
  0x000001bb802c72cc: 85c0 48ba | f036 39d4 | bb01 0000 | 48c7 c628 | 0400 0074 | 0748 c7c6 | 3804 0000 | 488b 3c32 
  0x000001bb802c72ec: 488d 7f01 | 4889 3c32 | 8b7c 247c | 0f84 5603 | 0000 488b | b424 8000 

  0x000001bb802c7304: ;   {metadata(method data for {method} {0x000001bb900a0d18} 'preparedLambdaForm' '(Ljava/lang/invoke/MemberName;Z)Ljava/lang/invoke/LambdaForm;' in 'java/lang/invoke/DirectMethodHandle')}
  0x000001bb802c7304: 0000 48ba | f036 39d4 | bb01 0000 | 4883 8248 | 0400 0001 

  0x000001bb802c7318: ;   {metadata(method data for {method} {0x000001bb900a0d70} 'preparedLambdaForm' '(Ljava/lang/invoke/MethodType;I)Ljava/lang/invoke/LambdaForm;' in 'java/lang/invoke/DirectMethodHandle')}
  0x000001bb802c7318: 48ba b826 | 39d4 bb01 | 0000 8b9a | cc00 0000 | 83c3 0289 | 9acc 0000 | 0081 e3fe | ff1f 0085 
  0x000001bb802c7338: db0f 8484 | 0900 0048 | 3b06 488b 

  0x000001bb802c7344: ;   {metadata(method data for {method} {0x000001bb900a0d70} 'preparedLambdaForm' '(Ljava/lang/invoke/MethodType;I)Ljava/lang/invoke/LambdaForm;' in 'java/lang/invoke/DirectMethodHandle')}
  0x000001bb802c7344: d648 bbb8 | 2639 d4bb | 0100 0048 | 8383 1001 | 0000 018b | 5614 483b | 0248 8bda 

  0x000001bb802c7360: ;   {metadata(method data for {method} {0x000001bb900a0d70} 'preparedLambdaForm' '(Ljava/lang/invoke/MethodType;I)Ljava/lang/invoke/LambdaForm;' in 'java/lang/invoke/DirectMethodHandle')}
  0x000001bb802c7360: 48b8 b826 | 39d4 bb01 | 0000 4883 | 8048 0100 

  0x000001bb802c7370: ;   {metadata(method data for {method} {0x000001bb903f7600} 'cachedLambdaForm' '(I)Ljava/lang/invoke/LambdaForm;' in 'java/lang/invoke/MethodTypeForm')}
  0x000001bb802c7370: 0001 48bb | 48c7 16d4 | bb01 0000 | 8b83 cc00 | 0000 83c0 | 0289 83cc | 0000 0025 | feff 1f00 
  0x000001bb802c7390: 85c0 0f84 | 5609 0000 | 8b52 1c8b | 5a0c 3bdf | 0f86 6e09 | 0000 4863 | df8b 549a | 1048 85d2 
  0x000001bb802c73b0: ;   {metadata(method data for {method} {0x000001bb903f7600} 'cachedLambdaForm' '(I)Ljava/lang/invoke/LambdaForm;' in 'java/lang/invoke/MethodTypeForm')}
  0x000001bb802c73b0: 48bb 48c7 | 16d4 bb01 | 0000 48c7 | c010 0100 | 0074 0748 | c7c0 2001 | 0000 488b | 0c03 488d 
  0x000001bb802c73d0: 4901 4889 | 0c03 897c | 247c 0f84 | a501 0000 

  0x000001bb802c73e0: ; implicit exception: dispatches to 0x000001bb802c7d22
  0x000001bb802c73e0: 483b 0248 

  0x000001bb802c73e4: ;   {metadata(method data for {method} {0x000001bb903f7600} 'cachedLambdaForm' '(I)Ljava/lang/invoke/LambdaForm;' in 'java/lang/invoke/MethodTypeForm')}
  0x000001bb802c73e4: 8bda 48b8 | 48c7 16d4 | bb01 0000 | 8b5b 0849 | ba00 0000 | 90bb 0100 | 0049 03da | 483b 9840 
  0x000001bb802c7404: 0100 0075 | 0d48 8380 | 4801 0000 | 01e9 6000 | 0000 483b | 9850 0100 | 0075 0d48 | 8380 5801 
  0x000001bb802c7424: 0000 01e9 | 4a00 0000 | 4883 b840 | 0100 0000 | 7517 4889 | 9840 0100 | 0048 c780 | 4801 0000 
  0x000001bb802c7444: 0100 0000 | e929 0000 | 0048 83b8 | 5001 0000 | 0075 1748 | 8998 5001 | 0000 48c7 | 8058 0100 
  0x000001bb802c7464: 0001 0000 | 00e9 0800 | 0000 4883 | 8030 0100 

  0x000001bb802c7474: ;   {optimized virtual_call}
  0x000001bb802c7474: 0001 90e8 

  0x000001bb802c7478: ; ImmutableOopMap {[112]=Oop [128]=Oop }
                      ;*invokevirtual get {reexecute=0 rethrow=0 return_oop=0}
                      ; - java.lang.invoke.MethodTypeForm::cachedLambdaForm@12
                      ; - java.lang.invoke.DirectMethodHandle::preparedLambdaForm@5
                      ; - java.lang.invoke.DirectMethodHandle::preparedLambdaForm@139
  0x000001bb802c7478: 64c9 e2ff 

  0x000001bb802c747c: ;   {other}
  0x000001bb802c747c: 0f1f 8400 | 6c07 0002 | 4885 c075 

  0x000001bb802c7488: ;   {metadata(method data for {method} {0x000001bb903f7600} 'cachedLambdaForm' '(I)Ljava/lang/invoke/LambdaForm;' in 'java/lang/invoke/MethodTypeForm')}
  0x000001bb802c7488: 1648 be48 | c716 d4bb | 0100 0080 | 8e61 0100 | 0001 e9cd 

  0x000001bb802c749c: ;   {metadata('java/lang/invoke/LambdaForm')}
  0x000001bb802c749c: 0000 0048 | bfe0 e208 | 90bb 0100 | 0044 8b40 | 0849 ba00 | 0000 90bb | 0100 004d | 03c2 493b 
  0x000001bb802c74bc: f80f 858d 

  0x000001bb802c74c0: ;   {metadata(method data for {method} {0x000001bb903f7600} 'cachedLambdaForm' '(I)Ljava/lang/invoke/LambdaForm;' in 'java/lang/invoke/MethodTypeForm')}
  0x000001bb802c74c0: 0000 0048 | be48 c716 | d4bb 0100 | 008b 7808 | 49ba 0000 | 0090 bb01 | 0000 4903 | fa48 3bbe 
  0x000001bb802c74e0: 7801 0000 | 750d 4883 | 8680 0100 | 0001 e979 | 0000 0048 | 3bbe 8801 | 0000 750d | 4883 8690 
  0x000001bb802c7500: 0100 0001 | e963 0000 | 0048 83be | 7801 0000 | 0075 1748 | 89be 7801 | 0000 48c7 | 8680 0100 
  0x000001bb802c7520: 0001 0000 | 00e9 4200 | 0000 4883 | be88 0100 | 0000 7517 | 4889 be88 | 0100 0048 | c786 9001 
  0x000001bb802c7540: 0000 0100 | 0000 e921 | 0000 00e9 | 1c00 0000 

  0x000001bb802c7550: ;   {metadata(method data for {method} {0x000001bb903f7600} 'cachedLambdaForm' '(I)Ljava/lang/invoke/LambdaForm;' in 'java/lang/invoke/MethodTypeForm')}
  0x000001bb802c7550: 48be 48c7 | 16d4 bb01 | 0000 4883 | ae68 0100 | 0001 e9c0 | 0700 00e9 | 0000 0000 

  0x000001bb802c756c: ;   {metadata(method data for {method} {0x000001bb903f7600} 'cachedLambdaForm' '(I)Ljava/lang/invoke/LambdaForm;' in 'java/lang/invoke/MethodTypeForm')}
  0x000001bb802c756c: 488b d049 | b848 c716 | d4bb 0100 | 0041 ff80 | a001 0000 | e90a 0000 

  0x000001bb802c7584: ;   {oop(nullptr)}
  0x000001bb802c7584: 0048 ba00 | 0000 0000 | 0000 0048 

  0x000001bb802c7590: ;   {metadata(method data for {method} {0x000001bb900a0d70} 'preparedLambdaForm' '(Ljava/lang/invoke/MethodType;I)Ljava/lang/invoke/LambdaForm;' in 'java/lang/invoke/DirectMethodHandle')}
  0x000001bb802c7590: 85d2 49b8 | b826 39d4 | bb01 0000 | 48c7 c690 | 0100 0075 | 0748 c7c6 | 8001 0000 | 498b 3c30 
  0x000001bb802c75b0: 488d 7f01 | 4989 3c30 | 0f85 9100 | 0000 8b7c | 247c 488b | b424 8000 

  0x000001bb802c75c8: ;   {metadata(method data for {method} {0x000001bb900a0d70} 'preparedLambdaForm' '(Ljava/lang/invoke/MethodType;I)Ljava/lang/invoke/LambdaForm;' in 'java/lang/invoke/DirectMethodHandle')}
  0x000001bb802c75c8: 0000 48ba | b826 39d4 | bb01 0000 | 4883 82a0 | 0100 0001 | 488b d64c | 8bc7 897c 

  0x000001bb802c75e4: ;   {static_call}
  0x000001bb802c75e4: 247c 90e8 

  0x000001bb802c75e8: ; ImmutableOopMap {[112]=Oop [128]=Oop }
                      ;*invokestatic makePreparedLambdaForm {reexecute=0 rethrow=0 return_oop=0}
                      ; - java.lang.invoke.DirectMethodHandle::preparedLambdaForm@17
                      ; - java.lang.invoke.DirectMethodHandle::preparedLambdaForm@139
  0x000001bb802c75e8: 9477 1d07 

  0x000001bb802c75ec: ;   {other}
  0x000001bb802c75ec: 0f1f 8400 | dc08 0003 | 488b b424 | 8000 0000 

  0x000001bb802c75fc: ;   {metadata(method data for {method} {0x000001bb900a0d70} 'preparedLambdaForm' '(Ljava/lang/invoke/MethodType;I)Ljava/lang/invoke/LambdaForm;' in 'java/lang/invoke/DirectMethodHandle')}
  0x000001bb802c75fc: 49b8 b826 | 39d4 bb01 | 0000 4983 | 80b0 0100 | 0001 488b | b424 8000 | 0000 8b56 | 1448 3b02 
  0x000001bb802c761c: ;   {metadata(method data for {method} {0x000001bb900a0d70} 'preparedLambdaForm' '(Ljava/lang/invoke/MethodType;I)Ljava/lang/invoke/LambdaForm;' in 'java/lang/invoke/DirectMethodHandle')}
  0x000001bb802c761c: 4c8b c249 | b9b8 2639 | d4bb 0100 | 0049 8381 | e801 0000 | 0144 8b44 | 247c 4c8b | c866 0f1f 
  0x000001bb802c763c: ;   {optimized virtual_call}
  0x000001bb802c763c: 4400 00e8 

  0x000001bb802c7640: ; ImmutableOopMap {[112]=Oop [128]=Oop }
                      ;*invokevirtual setCachedLambdaForm {reexecute=0 rethrow=0 return_oop=0}
                      ; - java.lang.invoke.DirectMethodHandle::preparedLambdaForm@27
                      ; - java.lang.invoke.DirectMethodHandle::preparedLambdaForm@139
  0x000001bb802c7640: 3c71 1d07 

  0x000001bb802c7644: ;   {other}
  0x000001bb802c7644: 0f1f 8400 | 3409 0004 | 488b d0bf | 0500 0000 

  0x000001bb802c7654: ;   {metadata(method data for {method} {0x000001bb900a0d18} 'preparedLambdaForm' '(Ljava/lang/invoke/MemberName;Z)Ljava/lang/invoke/LambdaForm;' in 'java/lang/invoke/DirectMethodHandle')}
  0x000001bb802c7654: 83ff 0248 | baf0 3639 | d4bb 0100 | 0048 c7c6 | 5804 0000 | 7507 48c7 | c668 0400 | 0048 8b1c 
  0x000001bb802c7674: 3248 8d5b | 0148 891c | 320f 8539 | 0000 0044 | 8b44 2478 

  0x000001bb802c7688: ;   {metadata(method data for {method} {0x000001bb900a0d18} 'preparedLambdaForm' '(Ljava/lang/invoke/MemberName;Z)Ljava/lang/invoke/LambdaForm;' in 'java/lang/invoke/DirectMethodHandle')}
  0x000001bb802c7688: 4585 c048 | baf0 3639 | d4bb 0100 | 0048 c7c6 | 7804 0000 | 7407 48c7 | c688 0400 | 0048 8b1c 
  0x000001bb802c76a8: 3248 8d5b | 0148 891c | 320f 8405 | 0000 00bf | 1400 0000 | 488b b424 | 8000 0000 

  0x000001bb802c76c4: ;   {metadata(method data for {method} {0x000001bb900a0d18} 'preparedLambdaForm' '(Ljava/lang/invoke/MemberName;Z)Ljava/lang/invoke/LambdaForm;' in 'java/lang/invoke/DirectMethodHandle')}
  0x000001bb802c76c4: 48ba f036 | 39d4 bb01 | 0000 4883 | 8298 0400 

  0x000001bb802c76d4: ;   {metadata(method data for {method} {0x000001bb900a0d70} 'preparedLambdaForm' '(Ljava/lang/invoke/MethodType;I)Ljava/lang/invoke/LambdaForm;' in 'java/lang/invoke/DirectMethodHandle')}
  0x000001bb802c76d4: 0001 48ba | b826 39d4 | bb01 0000 | 8b9a cc00 | 0000 83c3 | 0289 9acc | 0000 0081 | e3fe ff1f 
  0x000001bb802c76f4: 0085 db0f | 8438 0600 | 0048 3b06 

  0x000001bb802c7700: ;   {metadata(method data for {method} {0x000001bb900a0d70} 'preparedLambdaForm' '(Ljava/lang/invoke/MethodType;I)Ljava/lang/invoke/LambdaForm;' in 'java/lang/invoke/DirectMethodHandle')}
  0x000001bb802c7700: 488b d648 | bbb8 2639 | d4bb 0100 | 0048 8383 | 1001 0000 | 018b 5614 

  0x000001bb802c7718: ; implicit exception: dispatches to 0x000001bb802c7d5b
  0x000001bb802c7718: 483b 0248 

  0x000001bb802c771c: ;   {metadata(method data for {method} {0x000001bb900a0d70} 'preparedLambdaForm' '(Ljava/lang/invoke/MethodType;I)Ljava/lang/invoke/LambdaForm;' in 'java/lang/invoke/DirectMethodHandle')}
  0x000001bb802c771c: 8bda 48b8 | b826 39d4 | bb01 0000 | 4883 8048 | 0100 0001 

  0x000001bb802c7730: ;   {metadata(method data for {method} {0x000001bb903f7600} 'cachedLambdaForm' '(I)Ljava/lang/invoke/LambdaForm;' in 'java/lang/invoke/MethodTypeForm')}
  0x000001bb802c7730: 48bb 48c7 | 16d4 bb01 | 0000 8b83 | cc00 0000 | 83c0 0289 | 83cc 0000 | 0025 feff | 1f00 85c0 
  0x000001bb802c7750: 0f84 0a06 | 0000 8b52 | 1c8b 5a0c | 3bdf 0f86 | 2206 0000 | 4863 df8b | 549a 1048 

  0x000001bb802c776c: ;   {metadata(method data for {method} {0x000001bb903f7600} 'cachedLambdaForm' '(I)Ljava/lang/invoke/LambdaForm;' in 'java/lang/invoke/MethodTypeForm')}
  0x000001bb802c776c: 85d2 48bb | 48c7 16d4 | bb01 0000 | 48c7 c010 | 0100 0074 | 0748 c7c0 | 2001 0000 | 488b 0c03 
  0x000001bb802c778c: 488d 4901 | 4889 0c03 | 89bc 2488 | 0000 000f | 84a4 0100 | 0048 3b02 

  0x000001bb802c77a4: ;   {metadata(method data for {method} {0x000001bb903f7600} 'cachedLambdaForm' '(I)Ljava/lang/invoke/LambdaForm;' in 'java/lang/invoke/MethodTypeForm')}
  0x000001bb802c77a4: 488b da48 | b848 c716 | d4bb 0100 | 008b 5b08 | 49ba 0000 | 0090 bb01 | 0000 4903 | da48 3b98 
  0x000001bb802c77c4: 4001 0000 | 750d 4883 | 8048 0100 | 0001 e960 | 0000 0048 | 3b98 5001 | 0000 750d | 4883 8058 
  0x000001bb802c77e4: 0100 0001 | e94a 0000 | 0048 83b8 | 4001 0000 | 0075 1748 | 8998 4001 | 0000 48c7 | 8048 0100 
  0x000001bb802c7804: 0001 0000 | 00e9 2900 | 0000 4883 | b850 0100 | 0000 7517 | 4889 9850 | 0100 0048 | c780 5801 
  0x000001bb802c7824: 0000 0100 | 0000 e908 | 0000 0048 | 8380 3001 

  0x000001bb802c7834: ;   {optimized virtual_call}
  0x000001bb802c7834: 0000 01e8 

  0x000001bb802c7838: ; ImmutableOopMap {[112]=Oop [128]=Oop }
                      ;*invokevirtual get {reexecute=0 rethrow=0 return_oop=0}
                      ; - java.lang.invoke.MethodTypeForm::cachedLambdaForm@12
                      ; - java.lang.invoke.DirectMethodHandle::preparedLambdaForm@5
                      ; - java.lang.invoke.DirectMethodHandle::preparedLambdaForm@159
  0x000001bb802c7838: a4c5 e2ff 

  0x000001bb802c783c: ;   {other}
  0x000001bb802c783c: 0f1f 8400 | 2c0b 0005 | 4885 c075 

  0x000001bb802c7848: ;   {metadata(method data for {method} {0x000001bb903f7600} 'cachedLambdaForm' '(I)Ljava/lang/invoke/LambdaForm;' in 'java/lang/invoke/MethodTypeForm')}
  0x000001bb802c7848: 1648 be48 | c716 d4bb | 0100 0080 | 8e61 0100 | 0001 e9cd 

  0x000001bb802c785c: ;   {metadata('java/lang/invoke/LambdaForm')}
  0x000001bb802c785c: 0000 0048 | bfe0 e208 | 90bb 0100 | 0044 8b40 | 0849 ba00 | 0000 90bb | 0100 004d | 03c2 493b 
  0x000001bb802c787c: f80f 858d 

  0x000001bb802c7880: ;   {metadata(method data for {method} {0x000001bb903f7600} 'cachedLambdaForm' '(I)Ljava/lang/invoke/LambdaForm;' in 'java/lang/invoke/MethodTypeForm')}
  0x000001bb802c7880: 0000 0048 | be48 c716 | d4bb 0100 | 008b 7808 | 49ba 0000 | 0090 bb01 | 0000 4903 | fa48 3bbe 
  0x000001bb802c78a0: 7801 0000 | 750d 4883 | 8680 0100 | 0001 e979 | 0000 0048 | 3bbe 8801 | 0000 750d | 4883 8690 
  0x000001bb802c78c0: 0100 0001 | e963 0000 | 0048 83be | 7801 0000 | 0075 1748 | 89be 7801 | 0000 48c7 | 8680 0100 
  0x000001bb802c78e0: 0001 0000 | 00e9 4200 | 0000 4883 | be88 0100 | 0000 7517 | 4889 be88 | 0100 0048 | c786 9001 
  0x000001bb802c7900: 0000 0100 | 0000 e921 | 0000 00e9 | 1c00 0000 

  0x000001bb802c7910: ;   {metadata(method data for {method} {0x000001bb903f7600} 'cachedLambdaForm' '(I)Ljava/lang/invoke/LambdaForm;' in 'java/lang/invoke/MethodTypeForm')}
  0x000001bb802c7910: 48be 48c7 | 16d4 bb01 | 0000 4883 | ae68 0100 | 0001 e972 | 0400 00e9 | 0000 0000 

  0x000001bb802c792c: ;   {metadata(method data for {method} {0x000001bb903f7600} 'cachedLambdaForm' '(I)Ljava/lang/invoke/LambdaForm;' in 'java/lang/invoke/MethodTypeForm')}
  0x000001bb802c792c: 488b d049 | b848 c716 | d4bb 0100 | 0041 ff80 | a001 0000 | e90a 0000 

  0x000001bb802c7944: ;   {oop(nullptr)}
  0x000001bb802c7944: 0048 ba00 | 0000 0000 | 0000 0048 

  0x000001bb802c7950: ;   {metadata(method data for {method} {0x000001bb900a0d70} 'preparedLambdaForm' '(Ljava/lang/invoke/MethodType;I)Ljava/lang/invoke/LambdaForm;' in 'java/lang/invoke/DirectMethodHandle')}
  0x000001bb802c7950: 85d2 49b8 | b826 39d4 | bb01 0000 | 48c7 c690 | 0100 0075 | 0748 c7c6 | 8001 0000 | 498b 3c30 
  0x000001bb802c7970: 488d 7f01 | 4989 3c30 | 0f85 9900 | 0000 8bbc | 2488 0000 | 0048 8bb4 | 2480 0000 

  0x000001bb802c798c: ;   {metadata(method data for {method} {0x000001bb900a0d70} 'preparedLambdaForm' '(Ljava/lang/invoke/MethodType;I)Ljava/lang/invoke/LambdaForm;' in 'java/lang/invoke/DirectMethodHandle')}
  0x000001bb802c798c: 0048 bab8 | 2639 d4bb | 0100 0048 | 8382 a001 | 0000 0148 | 8bd6 4c8b | c789 bc24 | 8800 0000 
  0x000001bb802c79ac: ;   {static_call}
  0x000001bb802c79ac: 6666 90e8 

  0x000001bb802c79b0: ; ImmutableOopMap {[112]=Oop [128]=Oop }
                      ;*invokestatic makePreparedLambdaForm {reexecute=0 rethrow=0 return_oop=0}
                      ; - java.lang.invoke.DirectMethodHandle::preparedLambdaForm@17
                      ; - java.lang.invoke.DirectMethodHandle::preparedLambdaForm@159
  0x000001bb802c79b0: be04 0000 

  0x000001bb802c79b4: ;   {other}
  0x000001bb802c79b4: 0f1f 8400 | a40c 0006 | 488b b424 | 8000 0000 

  0x000001bb802c79c4: ;   {metadata(method data for {method} {0x000001bb900a0d70} 'preparedLambdaForm' '(Ljava/lang/invoke/MethodType;I)Ljava/lang/invoke/LambdaForm;' in 'java/lang/invoke/DirectMethodHandle')}
  0x000001bb802c79c4: 49b8 b826 | 39d4 bb01 | 0000 4983 | 80b0 0100 | 0001 488b | b424 8000 | 0000 8b56 | 1448 3b02 
  0x000001bb802c79e4: ;   {metadata(method data for {method} {0x000001bb900a0d70} 'preparedLambdaForm' '(Ljava/lang/invoke/MethodType;I)Ljava/lang/invoke/LambdaForm;' in 'java/lang/invoke/DirectMethodHandle')}
  0x000001bb802c79e4: 4c8b c249 | b9b8 2639 | d4bb 0100 | 0049 8381 | e801 0000 | 0144 8b84 | 2488 0000 | 004c 8bc8 
  0x000001bb802c7a04: ;   {optimized virtual_call}
  0x000001bb802c7a04: 6666 90e8 

  0x000001bb802c7a08: ; ImmutableOopMap {[112]=Oop }
                      ;*invokevirtual setCachedLambdaForm {reexecute=0 rethrow=0 return_oop=0}
                      ; - java.lang.invoke.DirectMethodHandle::preparedLambdaForm@27
                      ; - java.lang.invoke.DirectMethodHandle::preparedLambdaForm@159
  0x000001bb802c7a08: 746d 1d07 

  0x000001bb802c7a0c: ;   {other}
  0x000001bb802c7a0c: 0f1f 8400 | fc0c 0007 

  0x000001bb802c7a14: ;   {metadata(method data for {method} {0x000001bb900a0d18} 'preparedLambdaForm' '(Ljava/lang/invoke/MemberName;Z)Ljava/lang/invoke/LambdaForm;' in 'java/lang/invoke/DirectMethodHandle')}
  0x000001bb802c7a14: 488b d049 | b8f0 3639 | d4bb 0100 | 0049 8380 | a804 0000 

  0x000001bb802c7a28: ;   {metadata(method data for {method} {0x000001bb900a0fd8} 'maybeCompile' '(Ljava/lang/invoke/LambdaForm;Ljava/lang/invoke/MemberName;)V' in 'java/lang/invoke/DirectMethodHandle')}
  0x000001bb802c7a28: 0149 b850 | 1d32 d4bb | 0100 0041 | 8bb0 cc00 | 0000 83c6 | 0241 89b0 | cc00 0000 | 81e6 feff 
  0x000001bb802c7a48: 1f00 85f6 | 0f84 5503 | 0000 448b | 4228 4d85 

  0x000001bb802c7a58: ;   {metadata(method data for {method} {0x000001bb900a0fd8} 'maybeCompile' '(Ljava/lang/invoke/LambdaForm;Ljava/lang/invoke/MemberName;)V' in 'java/lang/invoke/DirectMethodHandle')}
  0x000001bb802c7a58: c049 b850 | 1d32 d4bb | 0100 0048 | c7c6 1001 | 0000 7507 | 48c7 c620 | 0100 0049 | 8b3c 3048 
  0x000001bb802c7a78: 8d7f 0149 | 893c 3048 | 8994 2490 | 0000 000f | 85bf 0000 | 0048 8b54 | 2470 4c8b 

  0x000001bb802c7a94: ;   {metadata(method data for {method} {0x000001bb900a0fd8} 'maybeCompile' '(Ljava/lang/invoke/LambdaForm;Ljava/lang/invoke/MemberName;)V' in 'java/lang/invoke/DirectMethodHandle')}
  0x000001bb802c7a94: c248 bf50 | 1d32 d4bb | 0100 0048 | 8387 3001 | 0000 0144 

  0x000001bb802c7aa8: ;   {metadata(method data for {method} {0x000001bb900a0fd8} 'maybeCompile' '(Ljava/lang/invoke/LambdaForm;Ljava/lang/invoke/MemberName;)V' in 'java/lang/invoke/DirectMethodHandle')}
  0x000001bb802c7aa8: 8b42 1848 | bf50 1d32 | d4bb 0100 | 0048 8387 | 6801 0000 | 0149 8bd0 

  0x000001bb802c7ac0: ;   {oop(a 'java/lang/Class'{0x0000000080000fb0} = 'java/lang/invoke/MethodHandle')}
  0x000001bb802c7ac0: 49b8 b00f | 0080 0000 | 0000 0f1f 

  0x000001bb802c7acc: ;   {static_call}
  0x000001bb802c7acc: 4400 00e8 

  0x000001bb802c7ad0: ; ImmutableOopMap {[112]=Oop [144]=Oop }
                      ;*invokestatic isSamePackage {reexecute=0 rethrow=0 return_oop=0}
                      ; - java.lang.invoke.DirectMethodHandle::maybeCompile@13
                      ; - java.lang.invoke.DirectMethodHandle::preparedLambdaForm@167
  0x000001bb802c7ad0: ac72 1d07 

  0x000001bb802c7ad4: ;   {other}
  0x000001bb802c7ad4: 0f1f 8400 | c40d 0008 

  0x000001bb802c7adc: ;   {metadata(method data for {method} {0x000001bb900a0fd8} 'maybeCompile' '(Ljava/lang/invoke/LambdaForm;Ljava/lang/invoke/MemberName;)V' in 'java/lang/invoke/DirectMethodHandle')}
  0x000001bb802c7adc: 85c0 48ba | 501d 32d4 | bb01 0000 | 48c7 c678 | 0100 0074 | 0748 c7c6 | 8801 0000 | 488b 3c32 
  0x000001bb802c7afc: 488d 7f01 | 4889 3c32 | 0f84 4200 | 0000 488b | 9424 9000 

  0x000001bb802c7b10: ;   {metadata(method data for {method} {0x000001bb900a0fd8} 'maybeCompile' '(Ljava/lang/invoke/LambdaForm;Ljava/lang/invoke/MemberName;)V' in 'java/lang/invoke/DirectMethodHandle')}
  0x000001bb802c7b10: 0000 48be | 501d 32d4 | bb01 0000 

  0x000001bb802c7b1c: ;   {metadata('java/lang/invoke/LambdaForm')}
  0x000001bb802c7b1c: 49ba e0e2 | 0890 bb01 | 0000 4c89 | 96a8 0100 | 0048 8386 | b001 0000 | 0148 8b94 | 2490 0000 
  0x000001bb802c7b3c: ;   {optimized virtual_call}
  0x000001bb802c7b3c: 0066 90e8 

  0x000001bb802c7b40: ; ImmutableOopMap {[112]=Oop [144]=Oop }
                      ;*invokevirtual compileToBytecode {reexecute=0 rethrow=0 return_oop=0}
                      ; - java.lang.invoke.DirectMethodHandle::maybeCompile@20
                      ; - java.lang.invoke.DirectMethodHandle::preparedLambdaForm@167
  0x000001bb802c7b40: 3c6c 1d07 

  0x000001bb802c7b44: ;   {other}
  0x000001bb802c7b44: 0f1f 8400 | 340e 0009 

  0x000001bb802c7b4c: ;   {metadata(method data for {method} {0x000001bb900a0d18} 'preparedLambdaForm' '(Ljava/lang/invoke/MemberName;Z)Ljava/lang/invoke/LambdaForm;' in 'java/lang/invoke/DirectMethodHandle')}
  0x000001bb802c7b4c: 48b8 f036 | 39d4 bb01 | 0000 ff80 | b804 0000 | 488b 9424 | 9000 0000 | 488b c248 | 81c4 b000 
  0x000001bb802c7b6c: ;   {poll_return}
  0x000001bb802c7b6c: 0000 5d49 | 3ba7 5004 | 0000 0f87 | 5102 0000 | c348 8bda 

  0x000001bb802c7b80: ;   {metadata('java/lang/InternalError')}
  0x000001bb802c7b80: 48ba 3807 | 0190 bb01 | 0000 498b | 87b8 0100 | 0048 8d78 | 2849 3bbf | c801 0000 | 0f87 4102 
  0x000001bb802c7ba0: 0000 4989 | bfb8 0100 | 0048 c700 | 0100 0000 | 488b ca49 | ba00 0000 | 90bb 0100 | 0049 2bca 
  0x000001bb802c7bc0: 8948 0848 | 33c9 8948 | 0c48 33c9 | 4889 4810 | 4889 4818 | 4889 4820 

  0x000001bb802c7bd8: ;   {metadata(method data for {method} {0x000001bb900a0d18} 'preparedLambdaForm' '(Ljava/lang/invoke/MemberName;Z)Ljava/lang/invoke/LambdaForm;' in 'java/lang/invoke/DirectMethodHandle')}
  0x000001bb802c7bd8: 488b d348 | bef0 3639 | d4bb 0100 | 0048 8386 | b003 0000 | 0148 8bd3 | 4889 8424 | 9800 0000 
  0x000001bb802c7bf8: 0f1f 8000 

  0x000001bb802c7bfc: ;   {optimized virtual_call}
  0x000001bb802c7bfc: 0000 00e8 

  0x000001bb802c7c00: ; ImmutableOopMap {[152]=Oop }
                      ;*invokevirtual toString {reexecute=0 rethrow=0 return_oop=0}
                      ; - java.lang.invoke.DirectMethodHandle::preparedLambdaForm@117
  0x000001bb802c7c00: 7c6b 1d07 

  0x000001bb802c7c04: ;   {other}
  0x000001bb802c7c04: 0f1f 8400 | f40e 000a | 4c8b 8424 | 9800 0000 

  0x000001bb802c7c14: ;   {metadata(method data for {method} {0x000001bb900a0d18} 'preparedLambdaForm' '(Ljava/lang/invoke/MemberName;Z)Ljava/lang/invoke/LambdaForm;' in 'java/lang/invoke/DirectMethodHandle')}
  0x000001bb802c7c14: 48ba f036 | 39d4 bb01 | 0000 4883 | 82e8 0300 | 0001 4c8b | c048 8b94 | 2498 0000 | 0066 0f1f 
  0x000001bb802c7c34: ;   {optimized virtual_call}
  0x000001bb802c7c34: 4400 00e8 

  0x000001bb802c7c38: ; ImmutableOopMap {[152]=Oop }
                      ;*invokespecial <init> {reexecute=0 rethrow=0 return_oop=0}
                      ; - java.lang.invoke.DirectMethodHandle::preparedLambdaForm@120
  0x000001bb802c7c38: 446b 1d07 

  0x000001bb802c7c3c: ;   {other}
  0x000001bb802c7c3c: 0f1f 8400 | 2c0f 000b | 488b 8424 | 9800 0000 | e9bc 0100 

  0x000001bb802c7c50: ;   {metadata({method} {0x000001bb900a0d18} 'preparedLambdaForm' '(Ljava/lang/invoke/MemberName;Z)Ljava/lang/invoke/LambdaForm;' in 'java/lang/invoke/DirectMethodHandle')}
  0x000001bb802c7c50: 0049 ba10 | 0d0a 90bb | 0100 004c | 8954 2408 | 48c7 0424 | ffff ffff 

  0x000001bb802c7c68: ;   {runtime_call counter_overflow Runtime1 stub}
  0x000001bb802c7c68: e813 ce28 

  0x000001bb802c7c6c: ; ImmutableOopMap {rdx=Oop [112]=Oop }
                      ;*synchronization entry
                      ; - java.lang.invoke.DirectMethodHandle::preparedLambdaForm@-1
  0x000001bb802c7c6c: 07e9 d9f3 

  0x000001bb802c7c70: ;   {runtime_call throw_null_pointer_exception Runtime1 stub}
  0x000001bb802c7c70: ffff e889 

  0x000001bb802c7c74: ; ImmutableOopMap {rdx=Oop [112]=Oop }
                      ;*invokevirtual getInvocationType {reexecute=0 rethrow=0 return_oop=0}
                      ; - java.lang.invoke.DirectMethodHandle::preparedLambdaForm@23
                      ;   {runtime_call throw_null_pointer_exception Runtime1 stub}
  0x000001bb802c7c74: 6728 07e8 

  0x000001bb802c7c78: ; ImmutableOopMap {rax=Oop [112]=Oop }
                      ;*invokevirtual basicType {reexecute=0 rethrow=0 return_oop=0}
                      ; - java.lang.invoke.DirectMethodHandle::preparedLambdaForm@26
  0x000001bb802c7c78: 8467 2807 

  0x000001bb802c7c7c: ;   {metadata({method} {0x000001bb9040b7d0} 'basicType' '()Ljava/lang/invoke/MethodType;' in 'java/lang/invoke/MethodType')}
  0x000001bb802c7c7c: 49ba c8b7 | 4090 bb01 | 0000 4c89 | 5424 0848 | c704 24ff 

  0x000001bb802c7c90: ;   {runtime_call counter_overflow Runtime1 stub}
  0x000001bb802c7c90: ffff ffe8 

  0x000001bb802c7c94: ; ImmutableOopMap {rax=Oop [112]=Oop }
                      ;*synchronization entry
                      ; - java.lang.invoke.MethodType::basicType@-1
                      ; - java.lang.invoke.DirectMethodHandle::preparedLambdaForm@26
  0x000001bb802c7c94: e8cd 2807 | e92e f4ff 

  0x000001bb802c7c9c: ;   {runtime_call throw_null_pointer_exception Runtime1 stub}
  0x000001bb802c7c9c: ffe8 5e67 

  0x000001bb802c7ca0: ; ImmutableOopMap {rdx=Oop [112]=Oop }
                      ;*invokevirtual basicType {reexecute=0 rethrow=0 return_oop=0}
                      ; - java.lang.invoke.MethodType::basicType@4
                      ; - java.lang.invoke.DirectMethodHandle::preparedLambdaForm@26
                      ;   {metadata({method} {0x000001bb903ec458} 'getReferenceKind' '()B' in 'java/lang/invoke/MemberName')}
  0x000001bb802c7ca0: 2807 49ba | 50c4 3e90 | bb01 0000 | 4c89 5424 | 0848 c704 | 24ff ffff 

  0x000001bb802c7cb8: ;   {runtime_call counter_overflow Runtime1 stub}
  0x000001bb802c7cb8: ffe8 c2cd 

  0x000001bb802c7cbc: ; ImmutableOopMap {rsi=Oop rdx=Oop [112]=Oop [128]=Oop }
                      ;*synchronization entry
                      ; - java.lang.invoke.MemberName::getReferenceKind@-1
                      ; - java.lang.invoke.DirectMethodHandle::preparedLambdaForm@53
  0x000001bb802c7cbc: 2807 e97f 

  0x000001bb802c7cc0: ;   {metadata({method} {0x000001bb900a0d70} 'preparedLambdaForm' '(Ljava/lang/invoke/MethodType;I)Ljava/lang/invoke/LambdaForm;' in 'java/lang/invoke/DirectMethodHandle')}
  0x000001bb802c7cc0: f4ff ff49 | ba68 0d0a | 90bb 0100 | 004c 8954 | 2408 48c7 | 0424 ffff 

  0x000001bb802c7cd8: ;   {runtime_call counter_overflow Runtime1 stub}
  0x000001bb802c7cd8: ffff e8a1 

  0x000001bb802c7cdc: ; ImmutableOopMap {rsi=Oop [112]=Oop [128]=Oop }
                      ;*synchronization entry
                      ; - java.lang.invoke.DirectMethodHandle::preparedLambdaForm@-1
                      ; - java.lang.invoke.DirectMethodHandle::preparedLambdaForm@139
  0x000001bb802c7cdc: cd28 07e9 | 5bf6 ffff 

  0x000001bb802c7ce4: ;   {runtime_call throw_null_pointer_exception Runtime1 stub}
  0x000001bb802c7ce4: e817 6728 

  0x000001bb802c7ce8: ; ImmutableOopMap {rsi=Oop [112]=Oop [128]=Oop }
                      ;*invokevirtual form {reexecute=0 rethrow=0 return_oop=0}
                      ; - java.lang.invoke.DirectMethodHandle::preparedLambdaForm@1
                      ; - java.lang.invoke.DirectMethodHandle::preparedLambdaForm@139
                      ;   {runtime_call throw_null_pointer_exception Runtime1 stub}
  0x000001bb802c7ce8: 07e8 1267 

  0x000001bb802c7cec: ; ImmutableOopMap {rsi=Oop rdx=Oop [112]=Oop [128]=Oop }
                      ;*invokevirtual cachedLambdaForm {reexecute=0 rethrow=0 return_oop=0}
                      ; - java.lang.invoke.DirectMethodHandle::preparedLambdaForm@5
                      ; - java.lang.invoke.DirectMethodHandle::preparedLambdaForm@139
                      ;   {metadata({method} {0x000001bb903f7600} 'cachedLambdaForm' '(I)Ljava/lang/invoke/LambdaForm;' in 'java/lang/invoke/MethodTypeForm')}
  0x000001bb802c7cec: 2807 49ba | f875 3f90 | bb01 0000 | 4c89 5424 | 0848 c704 | 24ff ffff 

  0x000001bb802c7d04: ;   {runtime_call counter_overflow Runtime1 stub}
  0x000001bb802c7d04: ffe8 76cd 

  0x000001bb802c7d08: ; ImmutableOopMap {rsi=Oop rdx=Oop [112]=Oop [128]=Oop }
                      ;*synchronization entry
                      ; - java.lang.invoke.MethodTypeForm::cachedLambdaForm@-1
                      ; - java.lang.invoke.DirectMethodHandle::preparedLambdaForm@5
                      ; - java.lang.invoke.DirectMethodHandle::preparedLambdaForm@139
  0x000001bb802c7d08: 2807 e989 

  0x000001bb802c7d0c: ;   {runtime_call throw_null_pointer_exception Runtime1 stub}
  0x000001bb802c7d0c: f6ff ffe8 

  0x000001bb802c7d10: ; ImmutableOopMap {rsi=Oop rdx=Oop [112]=Oop [128]=Oop }
                      ;*aaload {reexecute=0 rethrow=0 return_oop=0}
                      ; - java.lang.invoke.MethodTypeForm::cachedLambdaForm@5
                      ; - java.lang.invoke.DirectMethodHandle::preparedLambdaForm@5
                      ; - java.lang.invoke.DirectMethodHandle::preparedLambdaForm@139
  0x000001bb802c7d10: ec66 2807 | 4889 3c24 | 4889 5424 

  0x000001bb802c7d1c: ;   {runtime_call throw_range_check_failed Runtime1 stub}
  0x000001bb802c7d1c: 08e8 de5a 

  0x000001bb802c7d20: ; ImmutableOopMap {rsi=Oop rdx=Oop [112]=Oop [128]=Oop }
                      ;*aaload {reexecute=0 rethrow=0 return_oop=0}
                      ; - java.lang.invoke.MethodTypeForm::cachedLambdaForm@5
                      ; - java.lang.invoke.DirectMethodHandle::preparedLambdaForm@5
                      ; - java.lang.invoke.DirectMethodHandle::preparedLambdaForm@139
                      ;   {runtime_call throw_null_pointer_exception Runtime1 stub}
  0x000001bb802c7d20: 2807 e8d9 

  0x000001bb802c7d24: ; ImmutableOopMap {rdx=Oop [112]=Oop [128]=Oop }
                      ;*invokevirtual get {reexecute=0 rethrow=0 return_oop=0}
                      ; - java.lang.invoke.MethodTypeForm::cachedLambdaForm@12
                      ; - java.lang.invoke.DirectMethodHandle::preparedLambdaForm@5
                      ; - java.lang.invoke.DirectMethodHandle::preparedLambdaForm@139
  0x000001bb802c7d24: 6628 0748 

  0x000001bb802c7d28: ;   {runtime_call throw_class_cast_exception Runtime1 stub}
  0x000001bb802c7d28: 8904 24e8 

  0x000001bb802c7d2c: ; ImmutableOopMap {[112]=Oop [128]=Oop }
                      ;*checkcast {reexecute=0 rethrow=0 return_oop=0}
                      ; - java.lang.invoke.MethodTypeForm::cachedLambdaForm@15
                      ; - java.lang.invoke.DirectMethodHandle::preparedLambdaForm@5
                      ; - java.lang.invoke.DirectMethodHandle::preparedLambdaForm@139
  0x000001bb802c7d2c: d096 2807 

  0x000001bb802c7d30: ;   {runtime_call throw_null_pointer_exception Runtime1 stub}
  0x000001bb802c7d30: e8cb 6628 

  0x000001bb802c7d34: ; ImmutableOopMap {rax=Oop rsi=Oop rdx=Oop [112]=Oop [128]=Oop }
                      ;*invokevirtual setCachedLambdaForm {reexecute=0 rethrow=0 return_oop=0}
                      ; - java.lang.invoke.DirectMethodHandle::preparedLambdaForm@27
                      ; - java.lang.invoke.DirectMethodHandle::preparedLambdaForm@139
                      ;   {metadata({method} {0x000001bb900a0d70} 'preparedLambdaForm' '(Ljava/lang/invoke/MethodType;I)Ljava/lang/invoke/LambdaForm;' in 'java/lang/invoke/DirectMethodHandle')}
  0x000001bb802c7d34: 0749 ba68 | 0d0a 90bb | 0100 004c | 8954 2408 | 48c7 0424 | ffff ffff 

  0x000001bb802c7d4c: ;   {runtime_call counter_overflow Runtime1 stub}
  0x000001bb802c7d4c: e82f cd28 

  0x000001bb802c7d50: ; ImmutableOopMap {rsi=Oop [112]=Oop [128]=Oop }
                      ;*synchronization entry
                      ; - java.lang.invoke.DirectMethodHandle::preparedLambdaForm@-1
                      ; - java.lang.invoke.DirectMethodHandle::preparedLambdaForm@159
  0x000001bb802c7d50: 07e9 a7f9 

  0x000001bb802c7d54: ;   {runtime_call throw_null_pointer_exception Runtime1 stub}
  0x000001bb802c7d54: ffff e8a5 

  0x000001bb802c7d58: ; ImmutableOopMap {rsi=Oop [112]=Oop [128]=Oop }
                      ;*invokevirtual form {reexecute=0 rethrow=0 return_oop=0}
                      ; - java.lang.invoke.DirectMethodHandle::preparedLambdaForm@1
                      ; - java.lang.invoke.DirectMethodHandle::preparedLambdaForm@159
                      ;   {runtime_call throw_null_pointer_exception Runtime1 stub}
  0x000001bb802c7d58: 6628 07e8 

  0x000001bb802c7d5c: ; ImmutableOopMap {rsi=Oop rdx=Oop [112]=Oop [128]=Oop }
                      ;*invokevirtual cachedLambdaForm {reexecute=0 rethrow=0 return_oop=0}
                      ; - java.lang.invoke.DirectMethodHandle::preparedLambdaForm@5
                      ; - java.lang.invoke.DirectMethodHandle::preparedLambdaForm@159
  0x000001bb802c7d5c: a066 2807 

  0x000001bb802c7d60: ;   {metadata({method} {0x000001bb903f7600} 'cachedLambdaForm' '(I)Ljava/lang/invoke/LambdaForm;' in 'java/lang/invoke/MethodTypeForm')}
  0x000001bb802c7d60: 49ba f875 | 3f90 bb01 | 0000 4c89 | 5424 0848 | c704 24ff 

  0x000001bb802c7d74: ;   {runtime_call counter_overflow Runtime1 stub}
  0x000001bb802c7d74: ffff ffe8 

  0x000001bb802c7d78: ; ImmutableOopMap {rsi=Oop rdx=Oop [112]=Oop [128]=Oop }
                      ;*synchronization entry
                      ; - java.lang.invoke.MethodTypeForm::cachedLambdaForm@-1
                      ; - java.lang.invoke.DirectMethodHandle::preparedLambdaForm@5
                      ; - java.lang.invoke.DirectMethodHandle::preparedLambdaForm@159
  0x000001bb802c7d78: 04cd 2807 | e9d5 f9ff 

  0x000001bb802c7d80: ;   {runtime_call throw_null_pointer_exception Runtime1 stub}
  0x000001bb802c7d80: ffe8 7a66 

  0x000001bb802c7d84: ; ImmutableOopMap {rsi=Oop rdx=Oop [112]=Oop [128]=Oop }
                      ;*aaload {reexecute=0 rethrow=0 return_oop=0}
                      ; - java.lang.invoke.MethodTypeForm::cachedLambdaForm@5
                      ; - java.lang.invoke.DirectMethodHandle::preparedLambdaForm@5
                      ; - java.lang.invoke.DirectMethodHandle::preparedLambdaForm@159
  0x000001bb802c7d84: 2807 4889 | 3c24 4889 

  0x000001bb802c7d8c: ;   {runtime_call throw_range_check_failed Runtime1 stub}
  0x000001bb802c7d8c: 5424 08e8 

  0x000001bb802c7d90: ; ImmutableOopMap {rsi=Oop rdx=Oop [112]=Oop [128]=Oop }
                      ;*aaload {reexecute=0 rethrow=0 return_oop=0}
                      ; - java.lang.invoke.MethodTypeForm::cachedLambdaForm@5
                      ; - java.lang.invoke.DirectMethodHandle::preparedLambdaForm@5
                      ; - java.lang.invoke.DirectMethodHandle::preparedLambdaForm@159
  0x000001bb802c7d90: 6c5a 2807 

  0x000001bb802c7d94: ;   {runtime_call throw_null_pointer_exception Runtime1 stub}
  0x000001bb802c7d94: e867 6628 

  0x000001bb802c7d98: ; ImmutableOopMap {rdx=Oop [112]=Oop [128]=Oop }
                      ;*invokevirtual get {reexecute=0 rethrow=0 return_oop=0}
                      ; - java.lang.invoke.MethodTypeForm::cachedLambdaForm@12
                      ; - java.lang.invoke.DirectMethodHandle::preparedLambdaForm@5
                      ; - java.lang.invoke.DirectMethodHandle::preparedLambdaForm@159
  0x000001bb802c7d98: 0748 8904 

  0x000001bb802c7d9c: ;   {runtime_call throw_class_cast_exception Runtime1 stub}
  0x000001bb802c7d9c: 24e8 5e96 

  0x000001bb802c7da0: ; ImmutableOopMap {[112]=Oop [128]=Oop }
                      ;*checkcast {reexecute=0 rethrow=0 return_oop=0}
                      ; - java.lang.invoke.MethodTypeForm::cachedLambdaForm@15
                      ; - java.lang.invoke.DirectMethodHandle::preparedLambdaForm@5
                      ; - java.lang.invoke.DirectMethodHandle::preparedLambdaForm@159
                      ;   {runtime_call throw_null_pointer_exception Runtime1 stub}
  0x000001bb802c7da0: 2807 e859 

  0x000001bb802c7da4: ; ImmutableOopMap {rax=Oop rdx=Oop [112]=Oop }
                      ;*invokevirtual setCachedLambdaForm {reexecute=0 rethrow=0 return_oop=0}
                      ; - java.lang.invoke.DirectMethodHandle::preparedLambdaForm@27
                      ; - java.lang.invoke.DirectMethodHandle::preparedLambdaForm@159
                      ;   {metadata({method} {0x000001bb900a0fd8} 'maybeCompile' '(Ljava/lang/invoke/LambdaForm;Ljava/lang/invoke/MemberName;)V' in 'java/lang/invoke/DirectMethodHandle')}
  0x000001bb802c7da4: 6628 0749 | bad0 0f0a | 90bb 0100 | 004c 8954 | 2408 48c7 | 0424 ffff 

  0x000001bb802c7dbc: ;   {runtime_call counter_overflow Runtime1 stub}
  0x000001bb802c7dbc: ffff e8bd 

  0x000001bb802c7dc0: ; ImmutableOopMap {rdx=Oop [112]=Oop }
                      ;*synchronization entry
                      ; - java.lang.invoke.DirectMethodHandle::maybeCompile@-1
                      ; - java.lang.invoke.DirectMethodHandle::preparedLambdaForm@167
  0x000001bb802c7dc0: cc28 07e9 | 8afc ffff 

  0x000001bb802c7dc8: ;   {runtime_call throw_null_pointer_exception Runtime1 stub}
  0x000001bb802c7dc8: e833 6628 

  0x000001bb802c7dcc: ; ImmutableOopMap {rdx=Oop [112]=Oop }
                      ;*getfield vmentry {reexecute=1 rethrow=0 return_oop=0}
                      ; - (reexecute) java.lang.invoke.DirectMethodHandle::maybeCompile@1
                      ; - java.lang.invoke.DirectMethodHandle::preparedLambdaForm@167
                      ;   {internal_word}
  0x000001bb802c7dcc: 0749 ba6f | 7b2c 80bb | 0100 004d | 8997 6804 

  0x000001bb802c7ddc: ;   {runtime_call SafepointBlob}
  0x000001bb802c7ddc: 0000 e91d | cd1d 0748 

  0x000001bb802c7de4: ;   {runtime_call fast_new_instance Runtime1 stub}
  0x000001bb802c7de4: 8bd2 e815 

  0x000001bb802c7de8: ; ImmutableOopMap {rbx=Oop [112]=Oop }
                      ;*new {reexecute=0 rethrow=0 return_oop=0}
                      ; - java.lang.invoke.DirectMethodHandle::preparedLambdaForm@112
  0x000001bb802c7de8: 7528 07e9 | e8fd ffff | 498b 8700 | 0500 0049 | c787 0005 | 0000 0000 | 0000 49c7 | 8708 0500 
  0x000001bb802c7e08: 0000 0000 | 0048 81c4 | b000 0000 

  0x000001bb802c7e14: ;   {runtime_call unwind_exception Runtime1 stub}
  0x000001bb802c7e14: 5de9 e653 | 2807 f4f4 | f4f4 f4f4 
[Stub Code]
  0x000001bb802c7e20: ;   {no_reloc}
  0x000001bb802c7e20: 0f1f 4400 

  0x000001bb802c7e24: ;   {static_stub}
  0x000001bb802c7e24: 0048 bb00 | 0000 0000 

  0x000001bb802c7e2c: ;   {runtime_call nmethod}
  0x000001bb802c7e2c: 0000 00e9 | fbff ffff 

  0x000001bb802c7e34: ;   {static_stub}
  0x000001bb802c7e34: 9048 bb00 | 0000 0000 

  0x000001bb802c7e3c: ;   {runtime_call nmethod}
  0x000001bb802c7e3c: 0000 00e9 | fbff ffff 

  0x000001bb802c7e44: ;   {static_stub}
  0x000001bb802c7e44: 9048 bb00 | 0000 0000 

  0x000001bb802c7e4c: ;   {runtime_call nmethod}
  0x000001bb802c7e4c: 0000 00e9 | fbff ffff 

  0x000001bb802c7e54: ;   {static_stub}
  0x000001bb802c7e54: 48bb 0000 | 0000 0000 

  0x000001bb802c7e5c: ;   {runtime_call nmethod}
  0x000001bb802c7e5c: 0000 e9fb 

  0x000001bb802c7e60: ;   {static_stub}
  0x000001bb802c7e60: ffff ff48 | bb78 0f0a | 90bb 0100 

  0x000001bb802c7e6c: ;   {runtime_call I2C/C2I adapters}
  0x000001bb802c7e6c: 00e9 715d 

  0x000001bb802c7e70: ;   {static_stub}
  0x000001bb802c7e70: 1d07 48bb | 2810 0a90 | bb01 0000 

  0x000001bb802c7e7c: ;   {runtime_call I2C/C2I adapters}
  0x000001bb802c7e7c: e9e6 b51d 

  0x000001bb802c7e80: ;   {static_stub}
  0x000001bb802c7e80: 0748 bb00 | 0000 0000 

  0x000001bb802c7e88: ;   {runtime_call nmethod}
  0x000001bb802c7e88: 0000 00e9 | fbff ffff 

  0x000001bb802c7e90: ;   {static_stub}
  0x000001bb802c7e90: 48bb 0000 | 0000 0000 

  0x000001bb802c7e98: ;   {runtime_call nmethod}
  0x000001bb802c7e98: 0000 e9fb 

  0x000001bb802c7e9c: ;   {static_stub}
  0x000001bb802c7e9c: ffff ff48 | bb00 0000 | 0000 0000 

  0x000001bb802c7ea8: ;   {runtime_call nmethod}
  0x000001bb802c7ea8: 00e9 fbff 

  0x000001bb802c7eac: ;   {static_stub}
  0x000001bb802c7eac: ffff 48bb | 0000 0000 | 0000 0000 

  0x000001bb802c7eb8: ;   {runtime_call nmethod}
  0x000001bb802c7eb8: e9fb ffff 

  0x000001bb802c7ebc: ;   {runtime_call handle_exception_from_callee Runtime1 stub}
  0x000001bb802c7ebc: ffe8 3e8f 

  0x000001bb802c7ec0: ;   {external_word}
  0x000001bb802c7ec0: 2807 48b9 | 4053 0487 | fb7f 0000 | 4883 e4f0 

  0x000001bb802c7ed0: ;   {runtime_call}
  0x000001bb802c7ed0: 48b8 b0c3 | c686 fb7f | 0000 ffd0 

  0x000001bb802c7edc: ;   {section_word}
  0x000001bb802c7edc: f449 badd | 7e2c 80bb | 0100 0041 

  0x000001bb802c7ee8: ;   {runtime_call DeoptimizationBlob}
  0x000001bb802c7ee8: 52e9 b2be | 1d07 f4f4 
[/MachCode]


Compiled method (c1) 966  964       3       java.lang.invoke.DirectMethodHandle$Holder::invokeStatic (15 bytes)
 total in heap  [0x000001bb80175f10,0x000001bb80176728] = 2072
 relocation     [0x000001bb80176070,0x000001bb801760d8] = 104
 main code      [0x000001bb801760e0,0x000001bb801765e8] = 1288
 stub code      [0x000001bb801765e8,0x000001bb80176640] = 88
 metadata       [0x000001bb80176640,0x000001bb80176650] = 16
 scopes data    [0x000001bb80176650,0x000001bb801766a0] = 80
 scopes pcs     [0x000001bb801766a0,0x000001bb80176710] = 112
 dependencies   [0x000001bb80176710,0x000001bb80176718] = 8
 nul chk table  [0x000001bb80176718,0x000001bb80176728] = 16

[Constant Pool (empty)]

[MachCode]
[Verified Entry Point]
  # {method} {0x000001bb900b27f0} 'invokeStatic' '(Ljava/lang/Object;Ljava/lang/Object;Ljava/lang/Object;)Ljava/lang/Object;' in 'java/lang/invoke/DirectMethodHandle$Holder'
  # parm0:    rdx:rdx   = 'java/lang/Object'
  # parm1:    r8:r8     = 'java/lang/Object'
  # parm2:    r9:r9     = 'java/lang/Object'
  #           [sp+0x50]  (sp of caller)
  0x000001bb801760e0: 8984 2400 | 80ff ff55 | 4883 ec40 | 4181 7f20 | 0100 0000 

  0x000001bb801760f4: ;   {runtime_call StubRoutines (final stubs)}
  0x000001bb801760f4: 7405 e8e5 

  0x000001bb801760f8: ;   {metadata(method data for {method} {0x000001bb900b27f0} 'invokeStatic' '(Ljava/lang/Object;Ljava/lang/Object;Ljava/lang/Object;)Ljava/lang/Object;' in 'java/lang/invoke/DirectMethodHandle$Holder')}
  0x000001bb801760f8: 2831 0748 | bec8 0129 | d4bb 0100 | 0048 8db6 | 2002 0000 | 4885 d275 | 0cf6 0601 | 754d f048 
  0x000001bb80176118: 830e 01eb | 468b 7a08 | 49ba 0000 | 0090 bb01 | 0000 4903 | fa4c 8bd7 | 4833 3e48 | f7c7 fcff 
  0x000001bb80176138: ffff 7427 | 40f6 c702 | 7521 48f7 | 06fe ffff | ff74 1549 | 8bfa 4833 | 3e48 f7c7 | fcff ffff 
  0x000001bb80176158: 7409 4883 | 0e02 eb03 | 4889 3e4d | 85c0 750e | f646 1001 | 7554 f048 | 834e 1001 | eb4c 418b 
  0x000001bb80176178: 7808 49ba | 0000 0090 | bb01 0000 | 4903 fa4c | 8bd7 4833 | 7e10 48f7 | c7fc ffff | ff74 2b40 
  0x000001bb80176198: f6c7 0275 | 2548 f746 | 10fe ffff | ff74 1749 | 8bfa 4833 | 7e10 48f7 | c7fc ffff | ff74 0b48 
  0x000001bb801761b8: 834e 1002 | eb04 4889 

  0x000001bb801761c0: ;   {metadata(method data for {method} {0x000001bb900b27f0} 'invokeStatic' '(Ljava/lang/Object;Ljava/lang/Object;Ljava/lang/Object;)Ljava/lang/Object;' in 'java/lang/invoke/DirectMethodHandle$Holder')}
  0x000001bb801761c0: 7e10 48be | c801 29d4 | bb01 0000 | 8bbe cc00 | 0000 83c7 | 0289 becc | 0000 0081 | e7fe 0700 
  0x000001bb801761e0: 0085 ff0f | 846e 0300 

  0x000001bb801761e8: ;   {metadata(method data for {method} {0x000001bb900b27f0} 'invokeStatic' '(Ljava/lang/Object;Ljava/lang/Object;Ljava/lang/Object;)Ljava/lang/Object;' in 'java/lang/invoke/DirectMethodHandle$Holder')}
  0x000001bb801761e8: 0048 bec8 | 0129 d4bb | 0100 0048 | 8db6 2001 | 0000 4885 | d275 0ef6 | 4608 0175 | 53f0 4883 
  0x000001bb80176208: 4e08 01eb | 4b8b 7a08 | 49ba 0000 | 0090 bb01 | 0000 4903 | fa4c 8bd7 | 4833 7e08 | 48f7 c7fc 
  0x000001bb80176228: ffff ff74 | 2b40 f6c7 | 0275 2548 | f746 08fe | ffff ff74 | 1749 8bfa | 4833 7e08 | 48f7 c7fc 
  0x000001bb80176248: ffff ff74 | 0b48 834e | 0802 eb04 | 4889 7e08 

  0x000001bb80176258: ;   {metadata(method data for {method} {0x000001bb900b27f0} 'invokeStatic' '(Ljava/lang/Object;Ljava/lang/Object;Ljava/lang/Object;)Ljava/lang/Object;' in 'java/lang/invoke/DirectMethodHandle$Holder')}
  0x000001bb80176258: 48be c801 | 29d4 bb01 | 0000 4883 | 8610 0100 

  0x000001bb80176268: ;   {metadata(method data for {method} {0x000001bb900a0f28} 'internalMemberName' '(Ljava/lang/Object;)Ljava/lang/Object;' in 'java/lang/invoke/DirectMethodHandle')}
  0x000001bb80176268: 0001 48be | 1838 26d4 | bb01 0000 | 8bbe cc00 | 0000 83c7 | 0289 becc | 0000 0081 | e7fe ff1f 
  0x000001bb80176288: 0085 ff0f | 84e7 0200 | 0048 85d2 

  0x000001bb80176294: ;   {metadata(method data for {method} {0x000001bb900a0f28} 'internalMemberName' '(Ljava/lang/Object;)Ljava/lang/Object;' in 'java/lang/invoke/DirectMethodHandle')}
  0x000001bb80176294: 7516 48bf | 1838 26d4 | bb01 0000 | 808f 0901 | 0000 01e9 | cd00 0000 

  0x000001bb801762ac: ;   {metadata('java/lang/invoke/DirectMethodHandle')}
  0x000001bb801762ac: 48bb 98e6 | 0990 bb01 | 0000 8b7a | 0849 ba00 | 0000 90bb | 0100 0049 | 03fa 483b | 5f40 0f85 
  0x000001bb801762cc: 8d00 0000 

  0x000001bb801762d0: ;   {metadata(method data for {method} {0x000001bb900a0f28} 'internalMemberName' '(Ljava/lang/Object;)Ljava/lang/Object;' in 'java/lang/invoke/DirectMethodHandle')}
  0x000001bb801762d0: 48bf 1838 | 26d4 bb01 | 0000 8b5a | 0849 ba00 | 0000 90bb | 0100 0049 | 03da 483b | 9f20 0100 
  0x000001bb801762f0: 0075 0d48 | 8387 2801 | 0000 01e9 | 7900 0000 | 483b 9f30 | 0100 0075 | 0d48 8387 | 3801 0000 
  0x000001bb80176310: 01e9 6300 | 0000 4883 | bf20 0100 | 0000 7517 | 4889 9f20 | 0100 0048 | c787 2801 | 0000 0100 
  0x000001bb80176330: 0000 e942 | 0000 0048 | 83bf 3001 | 0000 0075 | 1748 899f | 3001 0000 | 48c7 8738 | 0100 0001 
  0x000001bb80176350: 0000 00e9 | 2100 0000 | e91c 0000 

  0x000001bb8017635c: ;   {metadata(method data for {method} {0x000001bb900a0f28} 'internalMemberName' '(Ljava/lang/Object;)Ljava/lang/Object;' in 'java/lang/invoke/DirectMethodHandle')}
  0x000001bb8017635c: 0048 bf18 | 3826 d4bb | 0100 0048 | 83af 1001 | 0000 01e9 | 2502 0000 | e900 0000 | 008b 7220 
  0x000001bb8017637c: ;   {metadata(method data for {method} {0x000001bb900b27f0} 'invokeStatic' '(Ljava/lang/Object;Ljava/lang/Object;Ljava/lang/Object;)Ljava/lang/Object;' in 'java/lang/invoke/DirectMethodHandle$Holder')}
  0x000001bb8017637c: 48ba c801 | 29d4 bb01 | 0000 488d | 9230 0100 | 0048 85f6 | 750c f602 | 0175 47f0 | 4883 0a01 
  0x000001bb8017639c: ;   {metadata('java/lang/invoke/MemberName')}
  0x000001bb8017639c: eb40 48bf | 880f 0990 | bb01 0000 | 4c8b d748 | 333a 48f7 | c7fc ffff | ff74 2740 | f6c7 0275 
  0x000001bb801763bc: 2148 f702 | feff ffff | 7415 498b | fa48 333a | 48f7 c7fc | ffff ff74 | 0948 830a | 02eb 0348 
  0x000001bb801763dc: ;   {metadata(method data for {method} {0x000001bb900b27f0} 'invokeStatic' '(Ljava/lang/Object;Ljava/lang/Object;Ljava/lang/Object;)Ljava/lang/Object;' in 'java/lang/invoke/DirectMethodHandle$Holder')}
  0x000001bb801763dc: 893a 48ba | c801 29d4 | bb01 0000 | 488d 9288 | 0100 004d | 85c0 750e | f642 0801 | 7554 f048 
  0x000001bb801763fc: 834a 0801 | eb4c 418b | 7808 49ba | 0000 0090 | bb01 0000 | 4903 fa4c | 8bd7 4833 | 7a08 48f7 
  0x000001bb8017641c: c7fc ffff | ff74 2b40 | f6c7 0275 | 2548 f742 | 08fe ffff | ff74 1749 | 8bfa 4833 | 7a08 48f7 
  0x000001bb8017643c: c7fc ffff | ff74 0b48 | 834a 0802 | eb04 4889 | 7a08 4d85 | c975 0ef6 | 4218 0175 | 54f0 4883 
  0x000001bb8017645c: 4a18 01eb | 4c41 8b79 | 0849 ba00 | 0000 90bb | 0100 0049 | 03fa 4c8b | d748 337a | 1848 f7c7 
  0x000001bb8017647c: fcff ffff | 742b 40f6 | c702 7525 | 48f7 4218 | feff ffff | 7417 498b | fa48 337a | 1848 f7c7 
  0x000001bb8017649c: fcff ffff | 740b 4883 | 4a18 02eb | 0448 897a 

  0x000001bb801764ac: ;   {metadata(method data for {method} {0x000001bb900b27f0} 'invokeStatic' '(Ljava/lang/Object;Ljava/lang/Object;Ljava/lang/Object;)Ljava/lang/Object;' in 'java/lang/invoke/DirectMethodHandle$Holder')}
  0x000001bb801764ac: 1848 bac8 | 0129 d4bb | 0100 0048 | 8382 7801 | 0000 0149 | 8bd0 4d8b | c14c 8bce | 0f1f 8000 
  0x000001bb801764cc: ;   {static_call}
  0x000001bb801764cc: 0000 00e8 

  0x000001bb801764d0: ; ImmutableOopMap {}
                      ;*invokestatic linkToStatic {reexecute=0 rethrow=0 return_oop=0}
                      ; - java.lang.invoke.DirectMethodHandle$Holder::invokeStatic@11
  0x000001bb801764d0: 2cc6 a207 

  0x000001bb801764d4: ;   {other}
  0x000001bb801764d4: 0f1f 8400 | c405 0000 

  0x000001bb801764dc: ;   {metadata(method data for {method} {0x000001bb900b27f0} 'invokeStatic' '(Ljava/lang/Object;Ljava/lang/Object;Ljava/lang/Object;)Ljava/lang/Object;' in 'java/lang/invoke/DirectMethodHandle$Holder')}
  0x000001bb801764dc: 48be c801 | 29d4 bb01 | 0000 488d | b6a8 0100 | 0048 85c0 | 750c f606 | 0175 4df0 | 4883 0e01 
  0x000001bb801764fc: eb46 8b78 | 0849 ba00 | 0000 90bb | 0100 0049 | 03fa 4c8b | d748 333e | 48f7 c7fc | ffff ff74 
  0x000001bb8017651c: 2740 f6c7 | 0275 2148 | f706 feff | ffff 7415 | 498b fa48 | 333e 48f7 | c7fc ffff | ff74 0948 
  0x000001bb8017653c: 830e 02eb | 0348 893e | 4883 c440 

  0x000001bb80176548: ;   {poll_return}
  0x000001bb80176548: 5d49 3ba7 | 5004 0000 | 0f87 5100 

  0x000001bb80176554: ;   {metadata({method} {0x000001bb900b27f0} 'invokeStatic' '(Ljava/lang/Object;Ljava/lang/Object;Ljava/lang/Object;)Ljava/lang/Object;' in 'java/lang/invoke/DirectMethodHandle$Holder')}
  0x000001bb80176554: 0000 c349 | bae8 270b | 90bb 0100 | 004c 8954 | 2408 48c7 | 0424 ffff 

  0x000001bb8017656c: ;   {runtime_call counter_overflow Runtime1 stub}
  0x000001bb8017656c: ffff e80d 

  0x000001bb80176570: ; ImmutableOopMap {rdx=Oop r8=Oop r9=Oop }
                      ;*synchronization entry
                      ; - java.lang.invoke.DirectMethodHandle$Holder::invokeStatic@-1
  0x000001bb80176570: e53d 07e9 | 71fc ffff 

  0x000001bb80176578: ;   {metadata({method} {0x000001bb900a0f28} 'internalMemberName' '(Ljava/lang/Object;)Ljava/lang/Object;' in 'java/lang/invoke/DirectMethodHandle')}
  0x000001bb80176578: 49ba 200f | 0a90 bb01 | 0000 4c89 | 5424 0848 | c704 24ff 

  0x000001bb8017658c: ;   {runtime_call counter_overflow Runtime1 stub}
  0x000001bb8017658c: ffff ffe8 

  0x000001bb80176590: ; ImmutableOopMap {rdx=Oop r8=Oop r9=Oop }
                      ;*synchronization entry
                      ; - java.lang.invoke.DirectMethodHandle::internalMemberName@-1
                      ; - java.lang.invoke.DirectMethodHandle$Holder::invokeStatic@1
  0x000001bb80176590: ece4 3d07 | e9f8 fcff | ff48 8914 

  0x000001bb8017659c: ;   {runtime_call throw_class_cast_exception Runtime1 stub}
  0x000001bb8017659c: 24e8 5eae 

  0x000001bb801765a0: ; ImmutableOopMap {r8=Oop r9=Oop }
                      ;*checkcast {reexecute=0 rethrow=0 return_oop=0}
                      ; - java.lang.invoke.DirectMethodHandle::internalMemberName@1
                      ; - java.lang.invoke.DirectMethodHandle$Holder::invokeStatic@1
                      ;   {runtime_call throw_null_pointer_exception Runtime1 stub}
  0x000001bb801765a0: 3d07 e859 

  0x000001bb801765a4: ; ImmutableOopMap {r8=Oop r9=Oop }
                      ;*getfield member {reexecute=1 rethrow=0 return_oop=0}
                      ; - (reexecute) java.lang.invoke.DirectMethodHandle::internalMemberName@4
                      ; - java.lang.invoke.DirectMethodHandle$Holder::invokeStatic@1
                      ;   {internal_word}
  0x000001bb801765a4: 7e3d 0749 | ba49 6517 | 80bb 0100 | 004d 8997 | 6804 0000 

  0x000001bb801765b8: ;   {runtime_call SafepointBlob}
  0x000001bb801765b8: e943 e532 | 0749 8b87 | 0005 0000 | 49c7 8700 | 0500 0000 | 0000 0049 | c787 0805 | 0000 0000 
  0x000001bb801765d8: 0000 4883 

  0x000001bb801765dc: ;   {runtime_call unwind_exception Runtime1 stub}
  0x000001bb801765dc: c440 5de9 | 1c6c 3d07 | f4f4 f4f4 
[Stub Code]
  0x000001bb801765e8: ;   {no_reloc}
  0x000001bb801765e8: 48bb 0000 | 0000 0000 

  0x000001bb801765f0: ;   {runtime_call nmethod}
  0x000001bb801765f0: 0000 e9fb 

  0x000001bb801765f4: ;   {runtime_call handle_exception_from_callee Runtime1 stub}
  0x000001bb801765f4: ffff ffe8 | 04a8 3d07 

  0x000001bb801765fc: ;   {external_word}
  0x000001bb801765fc: 48b9 4053 | 0487 fb7f | 0000 4883 

  0x000001bb80176608: ;   {runtime_call}
  0x000001bb80176608: e4f0 48b8 | b0c3 c686 | fb7f 0000 

  0x000001bb80176614: ;   {section_word}
  0x000001bb80176614: ffd0 f449 | ba17 6617 | 80bb 0100 

  0x000001bb80176620: ;   {runtime_call DeoptimizationBlob}
  0x000001bb80176620: 0041 52e9 | 78d7 3207 
[Deopt MH Handler Code]
  0x000001bb80176628: ;   {section_word}
  0x000001bb80176628: 49ba 2866 | 1780 bb01 | 0000 4152 

  0x000001bb80176634: ;   {runtime_call DeoptimizationBlob}
  0x000001bb80176634: e967 d732 | 07f4 f4f4 | f4f4 f4f4 
[/MachCode]


---------------  P R O C E S S  ---------------

Threads class SMR info:
_java_thread_list=0x000001bbd38ecc30, length=18, elements={
0x000001bbf8b4dd80, 0x000001bb8f5fe6a0, 0x000001bbf8bf16a0, 0x000001bbf8bf7050,
0x000001bbf8bf9e40, 0x000001bbf8bfc410, 0x000001bbf8c03650, 0x000001bbd1b2d040,
0x000001bbf8c0b4e0, 0x000001bbd1c25830, 0x000001bbd1c25ee0, 0x000001bbd1c27d40,
0x000001bbd1c8e2b0, 0x000001bbd1d7d750, 0x000001bbd33f4450, 0x000001bbd35b7b20,
0x000001bbd38f0e40, 0x000001bbd38f1880
}

Java Threads: ( => current thread )
=>0x000001bbf8b4dd80 JavaThread "main"                              [_thread_in_vm, id=12152, stack(0x000000677c000000,0x000000677c100000) (1024K)]
  0x000001bb8f5fe6a0 JavaThread "Reference Handler"          daemon [_thread_blocked, id=37064, stack(0x000000677c400000,0x000000677c500000) (1024K)]
  0x000001bbf8bf16a0 JavaThread "Finalizer"                  daemon [_thread_blocked, id=44096, stack(0x000000677c500000,0x000000677c600000) (1024K)]
  0x000001bbf8bf7050 JavaThread "Signal Dispatcher"          daemon [_thread_blocked, id=11788, stack(0x000000677c600000,0x000000677c700000) (1024K)]
  0x000001bbf8bf9e40 JavaThread "Attach Listener"            daemon [_thread_blocked, id=2060, stack(0x000000677c700000,0x000000677c800000) (1024K)]
  0x000001bbf8bfc410 JavaThread "Service Thread"             daemon [_thread_blocked, id=8344, stack(0x000000677c800000,0x000000677c900000) (1024K)]
  0x000001bbf8c03650 JavaThread "Monitor Deflation Thread"   daemon [_thread_blocked, id=30528, stack(0x000000677c900000,0x000000677ca00000) (1024K)]
  0x000001bbd1b2d040 JavaThread "C2 CompilerThread0"         daemon [_thread_blocked, id=8016, stack(0x000000677ca00000,0x000000677cb00000) (1024K)]
  0x000001bbf8c0b4e0 JavaThread "C1 CompilerThread0"         daemon [_thread_blocked, id=27760, stack(0x000000677cb00000,0x000000677cc00000) (1024K)]
  0x000001bbd1c25830 JavaThread "C1 CompilerThread1"         daemon [_thread_blocked, id=41720, stack(0x000000677cc00000,0x000000677cd00000) (1024K)]
  0x000001bbd1c25ee0 JavaThread "C1 CompilerThread2"         daemon [_thread_blocked, id=34572, stack(0x000000677cd00000,0x000000677ce00000) (1024K)]
  0x000001bbd1c27d40 JavaThread "C1 CompilerThread3"         daemon [_thread_blocked, id=41132, stack(0x000000677ce00000,0x000000677cf00000) (1024K)]
  0x000001bbd1c8e2b0 JavaThread "C2 CompilerThread1"         daemon [_thread_blocked, id=21340, stack(0x000000677cf00000,0x000000677d000000) (1024K)]
  0x000001bbd1d7d750 JavaThread "Common-Cleaner"             daemon [_thread_blocked, id=43476, stack(0x000000677d000000,0x000000677d100000) (1024K)]
  0x000001bbd33f4450 JavaThread "Notification Thread"        daemon [_thread_blocked, id=11000, stack(0x000000677d100000,0x000000677d200000) (1024K)]
  0x000001bbd35b7b20 JavaThread "C2 CompilerThread2"         daemon [_thread_blocked, id=36000, stack(0x000000677d200000,0x000000677d300000) (1024K)]
  0x000001bbd38f0e40 JavaThread "C2 CompilerThread3"         daemon [_thread_blocked, id=35836, stack(0x000000677d900000,0x000000677da00000) (1024K)]
  0x000001bbd38f1880 JavaThread "C2 CompilerThread4"         daemon [_thread_blocked, id=4688, stack(0x000000677da00000,0x000000677db00000) (1024K)]
Total: 18

Other Threads:
  0x000001bb8f5e4c20 VMThread "VM Thread"                           [id=42392, stack(0x000000677c300000,0x000000677c400000) (1024K)]
  0x000001bb8f4dba00 WatcherThread "VM Periodic Task Thread"        [id=29256, stack(0x000000677c200000,0x000000677c300000) (1024K)]
  0x000001bbf8b6d260 WorkerThread "GC Thread#0"                     [id=35968, stack(0x000000677c100000,0x000000677c200000) (1024K)]
  0x000001bbd3bd07d0 WorkerThread "GC Thread#1"                     [id=45872, stack(0x000000677d300000,0x000000677d400000) (1024K)]
  0x000001bbd35af490 WorkerThread "GC Thread#2"                     [id=18004, stack(0x000000677d400000,0x000000677d500000) (1024K)]
  0x000001bbd35af840 WorkerThread "GC Thread#3"                     [id=20100, stack(0x000000677d500000,0x000000677d600000) (1024K)]
  0x000001bbd35afbf0 WorkerThread "GC Thread#4"                     [id=20084, stack(0x000000677d600000,0x000000677d700000) (1024K)]
  0x000001bbd82b6750 WorkerThread "GC Thread#5"                     [id=46744, stack(0x000000677d700000,0x000000677d800000) (1024K)]
  0x000001bbd82b6b00 WorkerThread "GC Thread#6"                     [id=32152, stack(0x000000677d800000,0x000000677d900000) (1024K)]
Total: 9

Threads with active compile tasks:
Total: 0

VM state: not at safepoint (normal execution)

VM Mutex/Monitor currently owned by a thread:  ([mutex/lock_event])
[0x00007ffb872fc4e0] Metaspace_lock - owner thread: 0x000001bbf8b4dd80

Heap address: 0x0000000080000000, size: 2048 MB, Compressed Oops mode: 32-bit

CDS archive(s) mapped at: [0x000001bb90000000-0x000001bb90ba0000-0x000001bb90ba0000), size 12189696, SharedBaseAddress: 0x000001bb90000000, ArchiveRelocationMode: 1.
Compressed class space mapped at: 0x000001bb91000000-0x000001bbd1000000, reserved size: 1073741824
Narrow klass base: 0x000001bb90000000, Narrow klass shift: 0, Narrow klass range: 0x100000000

GC Precious Log:
 CardTable entry size: 512
 CPUs: 16 total, 16 available
 Memory: 14188M
 Large Page Support: Disabled
 NUMA Support: Disabled
 Compressed Oops: Enabled (32-bit)
 Alignments: Space 512K, Generation 512K, Heap 2M
 Heap Min Capacity: 100M
 Heap Initial Capacity: 100M
 Heap Max Capacity: 2G
 Pre-touch: Disabled
 Parallel Workers: 13

Heap:
 PSYoungGen      total 29696K, used 22926K [0x00000000d5580000, 0x00000000d7680000, 0x0000000100000000)
  eden space 25600K, 75% used [0x00000000d5580000,0x00000000d6854928,0x00000000d6e80000)
  from space 4096K, 88% used [0x00000000d6e80000,0x00000000d720f000,0x00000000d7280000)
  to   space 4096K, 0% used [0x00000000d7280000,0x00000000d7280000,0x00000000d7680000)
 ParOldGen       total 68608K, used 16K [0x0000000080000000, 0x0000000084300000, 0x00000000d5580000)
  object space 68608K, 0% used [0x0000000080000000,0x0000000080004000,0x0000000084300000)
 Metaspace       used 6909K, committed 7168K, reserved 1114112K
  class space    used 689K, committed 832K, reserved 1048576K

Card table byte_map: [0x000001bbf84f0000,0x000001bbf8900000] _byte_map_base: 0x000001bbf80f0000

Marking Bits: (ParMarkBitMap*) 0x00007ffb87303450
 Begin Bits: [0x000001bbfc000000, 0x000001bbfe000000)
 End Bits:   [0x000001bbfe000000, 0x000001bc00000000)

Polling page: 0x000001bbf69b0000

Metaspace:

Usage:
  Non-class:      6.07 MB used.
      Class:    689.23 KB used.
       Both:      6.75 MB used.

Virtual space:
  Non-class space:       64.00 MB reserved,       6.19 MB ( 10%) committed,  1 nodes.
      Class space:        1.00 GB reserved,     832.00 KB ( <1%) committed,  1 nodes.
             Both:        1.06 GB reserved,       7.00 MB ( <1%) committed. 

Chunk freelists:
   Non-Class:  9.50 MB
       Class:  15.02 MB
        Both:  24.51 MB

MaxMetaspaceSize: unlimited
CompressedClassSpaceSize: 1.00 GB
Initial GC threshold: 21.00 MB
Current GC threshold: 21.00 MB
CDS: on
 - commit_granule_bytes: 65536.
 - commit_granule_words: 8192.
 - virtual_space_node_default_size: 8388608.
 - enlarge_chunks_in_place: 1.
 - use_allocation_guard: 0.


Internal statistics:

num_allocs_failed_limit: 0.
num_arena_births: 208.
num_arena_deaths: 0.
num_vsnodes_births: 2.
num_vsnodes_deaths: 0.
num_space_committed: 112.
num_space_uncommitted: 0.
num_chunks_returned_to_freelist: 0.
num_chunks_taken_from_freelist: 355.
num_chunk_merges: 0.
num_chunk_splits: 233.
num_chunks_enlarged: 150.
num_inconsistent_stats: 0.

CodeHeap 'non-profiled nmethods': size=119168Kb used=736Kb max_used=736Kb free=118431Kb
 bounds [0x000001bb87ba0000, 0x000001bb87e10000, 0x000001bb8f000000]
CodeHeap 'profiled nmethods': size=119104Kb used=3085Kb max_used=3085Kb free=116018Kb
 bounds [0x000001bb80000000, 0x000001bb80310000, 0x000001bb87450000]
CodeHeap 'non-nmethods': size=7488Kb used=2896Kb max_used=2927Kb free=4591Kb
 bounds [0x000001bb87450000, 0x000001bb87730000, 0x000001bb87ba0000]
CodeCache: size=245760Kb, used=6717Kb, max_used=6748Kb, free=239040Kb
 total_blobs=2214, nmethods=1739, adapters=379, full_count=0
Compilation: enabled, stopped_count=0, restarted_count=0

Compilation events (20 events):
Event: 0.881 Thread 0x000001bbd1c27d40 nmethod 1725 0x000001bb802f9e90 code [0x000001bb802fa220, 0x000001bb802fb840]
Event: 0.881 Thread 0x000001bbd1c25ee0 nmethod 1733 0x000001bb802fc190 code [0x000001bb802fc340, 0x000001bb802fc590]
Event: 0.881 Thread 0x000001bbd1c27d40 1735       3       java.security.Security::getImpl (14 bytes)
Event: 0.881 Thread 0x000001bbd1c25830 nmethod 1730 0x000001bb802fc690 code [0x000001bb802fc8e0, 0x000001bb802fd048]
Event: 0.881 Thread 0x000001bbd1c25ee0 1736       3       sun.security.jca.GetInstance$Instance::toArray (19 bytes)
Event: 0.881 Thread 0x000001bbd1c25830 1737       3       sun.security.util.ManifestEntryVerifier::algsPermittedStatusForSigners (40 bytes)
Event: 0.881 Thread 0x000001bbd1c25ee0 nmethod 1736 0x000001bb802fd490 code [0x000001bb802fd640, 0x000001bb802fda68]
Event: 0.881 Thread 0x000001bbd1c25ee0 1739       3       java.security.CodeSource::matchCerts (254 bytes)
Event: 0.881 Thread 0x000001bbd1c27d40 nmethod 1735 0x000001bb802fdb90 code [0x000001bb802fdd80, 0x000001bb802fe318]
Event: 0.881 Thread 0x000001bbd1c25830 nmethod 1737 0x000001bb802fe510 code [0x000001bb802fe700, 0x000001bb802fecc8]
Event: 0.881 Thread 0x000001bbd1c27d40 1738       3       java.security.SecureClassLoader$CodeSourceKey::equals (60 bytes)
Event: 0.881 Thread 0x000001bbf8c0b4e0 nmethod 1734 0x000001bb802fee90 code [0x000001bb802ff120, 0x000001bb802fff40]
Event: 0.882 Thread 0x000001bbd1c27d40 nmethod 1738 0x000001bb80300310 code [0x000001bb80300520, 0x000001bb80300b58]
Event: 0.882 Thread 0x000001bbd1c25ee0 nmethod 1739 0x000001bb80300d10 code [0x000001bb80300f80, 0x000001bb80301a40]
Event: 0.882 Thread 0x000001bbd1c25830 1740   !   3       java.security.AccessController::doPrivileged (26 bytes)
Event: 0.882 Thread 0x000001bbd1c25830 nmethod 1740 0x000001bb80301e10 code [0x000001bb80302020, 0x000001bb80302560]
Event: 0.883 Thread 0x000001bbf8c0b4e0 1741       3       java.util.jar.JarFile$JarFileEntry::realEntry (67 bytes)
Event: 0.883 Thread 0x000001bbd1c25830 1742       3       java.lang.ClassLoader::setSigners (6 bytes)
Event: 0.883 Thread 0x000001bbd1c25830 nmethod 1742 0x000001bb80302810 code [0x000001bb803029c0, 0x000001bb80302b08]
Event: 0.883 Thread 0x000001bbf8c0b4e0 nmethod 1741 0x000001bb80302c10 code [0x000001bb80302e20, 0x000001bb803033c0]

GC Heap History (2 events):
Event: 0.510 GC heap before
{Heap before GC invocations=1 (full 0):
 PSYoungGen      total 29696K, used 25600K [0x00000000d5580000, 0x00000000d7680000, 0x0000000100000000)
  eden space 25600K, 100% used [0x00000000d5580000,0x00000000d6e80000,0x00000000d6e80000)
  from space 4096K, 0% used [0x00000000d7280000,0x00000000d7280000,0x00000000d7680000)
  to   space 4096K, 0% used [0x00000000d6e80000,0x00000000d6e80000,0x00000000d7280000)
 ParOldGen       total 68608K, used 0K [0x0000000080000000, 0x0000000084300000, 0x00000000d5580000)
  object space 68608K, 0% used [0x0000000080000000,0x0000000080000000,0x0000000084300000)
 Metaspace       used 4155K, committed 4416K, reserved 1114112K
  class space    used 453K, committed 576K, reserved 1048576K
}
Event: 0.515 GC heap after
{Heap after GC invocations=1 (full 0):
 PSYoungGen      total 29696K, used 3644K [0x00000000d5580000, 0x00000000d7680000, 0x0000000100000000)
  eden space 25600K, 0% used [0x00000000d5580000,0x00000000d5580000,0x00000000d6e80000)
  from space 4096K, 88% used [0x00000000d6e80000,0x00000000d720f000,0x00000000d7280000)
  to   space 4096K, 0% used [0x00000000d7280000,0x00000000d7280000,0x00000000d7680000)
 ParOldGen       total 68608K, used 16K [0x0000000080000000, 0x0000000084300000, 0x00000000d5580000)
  object space 68608K, 0% used [0x0000000080000000,0x0000000080004000,0x0000000084300000)
 Metaspace       used 4155K, committed 4416K, reserved 1114112K
  class space    used 453K, committed 576K, reserved 1048576K
}

Dll operation events (8 events):
Event: 0.007 Loaded shared library c:\Users\beatr\.vscode\extensions\redhat.java-1.54.0-win32-x64\jre\21.0.10-win32-x86_64\bin\java.dll
Event: 0.057 Loaded shared library c:\Users\beatr\.vscode\extensions\redhat.java-1.54.0-win32-x64\jre\21.0.10-win32-x86_64\bin\zip.dll
Event: 0.077 Loaded shared library C:\Users\beatr\.vscode\extensions\redhat.java-1.54.0-win32-x64\jre\21.0.10-win32-x86_64\bin\instrument.dll
Event: 0.082 Loaded shared library C:\Users\beatr\.vscode\extensions\redhat.java-1.54.0-win32-x64\jre\21.0.10-win32-x86_64\bin\net.dll
Event: 0.085 Loaded shared library C:\Users\beatr\.vscode\extensions\redhat.java-1.54.0-win32-x64\jre\21.0.10-win32-x86_64\bin\nio.dll
Event: 0.089 Loaded shared library C:\Users\beatr\.vscode\extensions\redhat.java-1.54.0-win32-x64\jre\21.0.10-win32-x86_64\bin\zip.dll
Event: 0.107 Loaded shared library C:\Users\beatr\.vscode\extensions\redhat.java-1.54.0-win32-x64\jre\21.0.10-win32-x86_64\bin\jimage.dll
Event: 0.182 Loaded shared library c:\Users\beatr\.vscode\extensions\redhat.java-1.54.0-win32-x64\jre\21.0.10-win32-x86_64\bin\verify.dll

Deoptimization events (20 events):
Event: 0.754 Thread 0x000001bbf8b4dd80 DEOPT PACKING pc=0x000001bb800ac58d sp=0x000000677c0f8140
Event: 0.754 Thread 0x000001bbf8b4dd80 DEOPT UNPACKING pc=0x000001bb874a4242 sp=0x000000677c0f75f0 mode 0
Event: 0.763 Thread 0x000001bbf8b4dd80 DEOPT PACKING pc=0x000001bb800ac58d sp=0x000000677c0f43b0
Event: 0.763 Thread 0x000001bbf8b4dd80 DEOPT UNPACKING pc=0x000001bb874a4242 sp=0x000000677c0f3860 mode 0
Event: 0.771 Thread 0x000001bbf8b4dd80 Uncommon trap: trap_request=0xffffffc6 fr.pc=0x000001bb87bd89d0 relative=0x0000000000000290
Event: 0.771 Thread 0x000001bbf8b4dd80 Uncommon trap: reason=bimorphic_or_optimized_type_check action=maybe_recompile pc=0x000001bb87bd89d0 method=java.util.Collections$UnmodifiableCollection$1.next()Ljava/lang/Object; @ 4 c2
Event: 0.771 Thread 0x000001bbf8b4dd80 DEOPT PACKING pc=0x000001bb87bd89d0 sp=0x000000677c0f88c0
Event: 0.771 Thread 0x000001bbf8b4dd80 DEOPT UNPACKING pc=0x000001bb874a3aa2 sp=0x000000677c0f8870 mode 2
Event: 0.771 Thread 0x000001bbf8b4dd80 Uncommon trap: trap_request=0xffffffc6 fr.pc=0x000001bb87bd89d0 relative=0x0000000000000290
Event: 0.771 Thread 0x000001bbf8b4dd80 Uncommon trap: reason=bimorphic_or_optimized_type_check action=maybe_recompile pc=0x000001bb87bd89d0 method=java.util.Collections$UnmodifiableCollection$1.next()Ljava/lang/Object; @ 4 c2
Event: 0.771 Thread 0x000001bbf8b4dd80 DEOPT PACKING pc=0x000001bb87bd89d0 sp=0x000000677c0f88c0
Event: 0.771 Thread 0x000001bbf8b4dd80 DEOPT UNPACKING pc=0x000001bb874a3aa2 sp=0x000000677c0f8870 mode 2
Event: 0.869 Thread 0x000001bbf8b4dd80 Uncommon trap: trap_request=0xffffff45 fr.pc=0x000001bb87c1cd4c relative=0x00000000000000ac
Event: 0.869 Thread 0x000001bbf8b4dd80 Uncommon trap: reason=unstable_if action=reinterpret pc=0x000001bb87c1cd4c method=java.util.concurrent.locks.ReentrantLock$NonfairSync.initialTryLock()Z @ 10 c2
Event: 0.870 Thread 0x000001bbf8b4dd80 DEOPT PACKING pc=0x000001bb87c1cd4c sp=0x000000677c0fec30
Event: 0.870 Thread 0x000001bbf8b4dd80 DEOPT UNPACKING pc=0x000001bb874a3aa2 sp=0x000000677c0febc0 mode 2
Event: 0.871 Thread 0x000001bbf8b4dd80 Uncommon trap: trap_request=0xffffff45 fr.pc=0x000001bb87c1c9b4 relative=0x0000000000000094
Event: 0.871 Thread 0x000001bbf8b4dd80 Uncommon trap: reason=unstable_if action=reinterpret pc=0x000001bb87c1c9b4 method=java.util.concurrent.locks.ReentrantLock$Sync.tryRelease(I)Z @ 26 c2
Event: 0.871 Thread 0x000001bbf8b4dd80 DEOPT PACKING pc=0x000001bb87c1c9b4 sp=0x000000677c0fed00
Event: 0.871 Thread 0x000001bbf8b4dd80 DEOPT UNPACKING pc=0x000001bb874a3aa2 sp=0x000000677c0fec80 mode 2

Classes loaded (20 events):
Event: 0.799 Loading class java/security/cert/CertificateException
Event: 0.799 Loading class java/security/cert/CertificateException done
Event: 0.799 Loading class java/security/NoSuchAlgorithmException
Event: 0.799 Loading class java/security/NoSuchAlgorithmException done
Event: 0.799 Loading class java/security/NoSuchProviderException
Event: 0.799 Loading class java/security/NoSuchProviderException done
Event: 0.813 Loading class java/util/Collections$UnmodifiableMap$UnmodifiableEntrySet
Event: 0.813 Loading class java/util/Collections$UnmodifiableMap$UnmodifiableEntrySet done
Event: 0.813 Loading class java/util/Collections$UnmodifiableMap$UnmodifiableEntrySet$1
Event: 0.813 Loading class java/util/Collections$UnmodifiableMap$UnmodifiableEntrySet$1 done
Event: 0.813 Loading class java/util/Collections$UnmodifiableMap$UnmodifiableEntrySet$UnmodifiableEntry
Event: 0.813 Loading class java/util/Collections$UnmodifiableMap$UnmodifiableEntrySet$UnmodifiableEntry done
Event: 0.837 Loading class java/lang/reflect/TypeVariable
Event: 0.837 Loading class java/lang/reflect/TypeVariable done
Event: 0.837 Loading class java/lang/InstantiationException
Event: 0.837 Loading class java/lang/InstantiationException done
Event: 0.838 Loading class java/lang/reflect/AnnotatedType
Event: 0.838 Loading class java/lang/reflect/AnnotatedType done
Event: 0.853 Loading class java/util/ArrayList$SubList$1
Event: 0.854 Loading class java/util/ArrayList$SubList$1 done

Classes unloaded (0 events):
No events

Classes redefined (0 events):
No events

Internal exceptions (20 events):
Event: 0.383 Thread 0x000001bbf8b4dd80 Exception <a 'java/io/FileNotFoundException'{0x00000000d66576f8}> (0x00000000d66576f8) 
thrown [s\src\hotspot\share\prims\jni.cpp, line 520]
Event: 0.386 Thread 0x000001bbf8b4dd80 Implicit null exception at 0x000001bb87bcdda4 to 0x000001bb87bce338
Event: 0.388 Thread 0x000001bbf8b4dd80 Exception <a 'java/io/FileNotFoundException'{0x00000000d66918c0}> (0x00000000d66918c0) 
thrown [s\src\hotspot\share\prims\jni.cpp, line 520]
Event: 0.400 Thread 0x000001bbf8b4dd80 Exception <a 'java/lang/NoSuchMethodError'{0x00000000d66ce6c8}: 'java.lang.Object java.lang.invoke.DirectMethodHandle$Holder.invokeInterface(java.lang.Object, java.lang.Object)'> (0x00000000d66ce6c8) 
thrown [s\src\hotspot\share\interpreter\linkResolver.cpp, line 773]
Event: 0.402 Thread 0x000001bbf8b4dd80 Exception <a 'java/lang/NoSuchMethodError'{0x00000000d66e2138}: 'java.lang.Object java.lang.invoke.Invokers$Holder.invokeExact_MT(java.lang.Object, java.lang.Object, java.lang.Object, java.lang.Object, java.lang.Object, java.lang.Object)'> (0x00000000d66e2138) 
thrown [s\src\hotspot\share\interpreter\linkResolver.cpp, line 773]
Event: 0.404 Thread 0x000001bbf8b4dd80 Exception <a 'java/lang/NoSuchMethodError'{0x00000000d66f9210}: 'int java.lang.invoke.DirectMethodHandle$Holder.invokeStatic(java.lang.Object, java.lang.Object, java.lang.Object, java.lang.Object, java.lang.Object)'> (0x00000000d66f9210) 
thrown [s\src\hotspot\share\interpreter\linkResolver.cpp, line 773]
Event: 0.418 Thread 0x000001bbf8b4dd80 Exception <a 'java/lang/NoSuchMethodError'{0x00000000d678f3b8}: 'java.lang.Object java.lang.invoke.DirectMethodHandle$Holder.invokeInterface(java.lang.Object, java.lang.Object, int)'> (0x00000000d678f3b8) 
thrown [s\src\hotspot\share\interpreter\linkResolver.cpp, line 773]
Event: 0.495 Thread 0x000001bbf8b4dd80 Exception <a 'java/lang/NoSuchMethodError'{0x00000000d6c09c20}: 'java.lang.ClassLoader java.lang.ClassLoader.getPlatformClassLoader(java.lang.Class)'> (0x00000000d6c09c20) 
thrown [s\src\hotspot\share\interpreter\linkResolver.cpp, line 773]
Event: 0.534 Thread 0x000001bbf8b4dd80 Exception <a 'java/lang/ClassNotFoundException'{0x00000000d5767e78}: sun/net/www/protocol/c/Handler> (0x00000000d5767e78) 
thrown [s\src\hotspot\share\classfile\systemDictionary.cpp, line 312]
Event: 0.535 Thread 0x000001bbf8b4dd80 Exception <a 'java/lang/ClassNotFoundException'{0x00000000d5769290}: sun/net/www/protocol/c/Handler> (0x00000000d5769290) 
thrown [s\src\hotspot\share\classfile\systemDictionary.cpp, line 312]
Event: 0.535 Thread 0x000001bbf8b4dd80 Exception <a 'java/lang/ClassNotFoundException'{0x00000000d576a540}: sun/net/www/protocol/c/Handler> (0x00000000d576a540) 
thrown [s\src\hotspot\share\classfile\systemDictionary.cpp, line 312]
Event: 0.541 Thread 0x000001bbf8b4dd80 Exception <a 'java/io/FileNotFoundException'{0x00000000d579c220}> (0x00000000d579c220) 
thrown [s\src\hotspot\share\prims\jni.cpp, line 520]
Event: 0.562 Thread 0x000001bbf8b4dd80 Implicit null exception at 0x000001bb87bf7229 to 0x000001bb87bf7aa4
Event: 0.562 Thread 0x000001bbf8b4dd80 Implicit null exception at 0x000001bb87c0879a to 0x000001bb87c089a0
Event: 0.562 Thread 0x000001bbf8b4dd80 Exception <a 'java/lang/NoSuchMethodError'{0x00000000d58ccba8}: 'void java.lang.invoke.DirectMethodHandle$Holder.invokeStatic(java.lang.Object, java.lang.Object, java.lang.Object, java.lang.Object)'> (0x00000000d58ccba8) 
thrown [s\src\hotspot\share\interpreter\linkResolver.cpp, line 773]
Event: 0.563 Thread 0x000001bbf8b4dd80 Implicit null exception at 0x000001bb87c00a9a to 0x000001bb87c00ca4
Event: 0.563 Thread 0x000001bbf8b4dd80 Implicit null exception at 0x000001bb87c0143d to 0x000001bb87c014c1
Event: 0.618 Thread 0x000001bbf8b4dd80 Exception <a 'java/lang/NoSuchMethodError'{0x00000000d5c39a08}: 'void java.lang.invoke.DirectMethodHandle$Holder.invokeSpecial(java.lang.Object, java.lang.Object, java.lang.Object)'> (0x00000000d5c39a08) 
thrown [s\src\hotspot\share\interpreter\linkResolver.cpp, line 773]
Event: 0.840 Thread 0x000001bbf8b4dd80 Exception <a 'java/lang/NoSuchMethodError'{0x00000000d66bf3b8}: 'int java.lang.invoke.DirectMethodHandle$Holder.invokeVirtual(java.lang.Object, java.lang.Object)'> (0x00000000d66bf3b8) 
thrown [s\src\hotspot\share\interpreter\linkResolver.cpp, line 773]
Event: 0.884 Thread 0x000001bbf8b4dd80 Exception <a 'java/lang/NoSuchMethodError'{0x00000000d6838aa0}: 'int java.lang.invoke.DirectMethodHandle$Holder.invokeStaticInit(java.lang.Object, java.lang.Object, java.lang.Object, java.lang.Object)'> (0x00000000d6838aa0) 
thrown [s\src\hotspot\share\interpreter\linkResolver.cpp, line 773]

ZGC Phase Switch (0 events):
No events

VM Operations (10 events):
Event: 0.116 Executing non-safepoint VM operation: HandshakeAllThreads (Deoptimize)
Event: 0.116 Executing non-safepoint VM operation: HandshakeAllThreads (Deoptimize) done
Event: 0.350 Executing non-safepoint VM operation: HandshakeAllThreads (Deoptimize)
Event: 0.350 Executing non-safepoint VM operation: HandshakeAllThreads (Deoptimize) done
Event: 0.360 Executing non-safepoint VM operation: HandshakeAllThreads (Deoptimize)
Event: 0.360 Executing non-safepoint VM operation: HandshakeAllThreads (Deoptimize) done
Event: 0.510 Executing safepoint VM operation: ParallelGCFailedAllocation (Allocation Failure)
Event: 0.515 Executing safepoint VM operation: ParallelGCFailedAllocation (Allocation Failure) done
Event: 0.525 Executing non-safepoint VM operation: HandshakeAllThreads (Deoptimize)
Event: 0.525 Executing non-safepoint VM operation: HandshakeAllThreads (Deoptimize) done

Memory protections (0 events):
No events

Nmethod flushes (0 events):
No events

Events (18 events):
Event: 0.016 Thread 0x000001bbf8b4dd80 Thread added: 0x000001bbf8b4dd80
Event: 0.027 Thread 0x000001bbf8b4dd80 Thread added: 0x000001bb8f5fe6a0
Event: 0.027 Thread 0x000001bbf8b4dd80 Thread added: 0x000001bbf8bf16a0
Event: 0.028 Thread 0x000001bbf8b4dd80 Thread added: 0x000001bbf8bf7050
Event: 0.028 Thread 0x000001bbf8b4dd80 Thread added: 0x000001bbf8bf9e40
Event: 0.028 Thread 0x000001bbf8b4dd80 Thread added: 0x000001bbf8bfc410
Event: 0.028 Thread 0x000001bbf8b4dd80 Thread added: 0x000001bbf8c03650
Event: 0.028 Thread 0x000001bbf8b4dd80 Thread added: 0x000001bbd1b2d040
Event: 0.028 Thread 0x000001bbf8b4dd80 Thread added: 0x000001bbf8c0b4e0
Event: 0.057 Thread 0x000001bbf8c0b4e0 Thread added: 0x000001bbd1c25830
Event: 0.057 Thread 0x000001bbf8c0b4e0 Thread added: 0x000001bbd1c25ee0
Event: 0.057 Thread 0x000001bbf8c0b4e0 Thread added: 0x000001bbd1c27d40
Event: 0.063 Thread 0x000001bbf8c0b4e0 Thread added: 0x000001bbd1c8e2b0
Event: 0.079 Thread 0x000001bbf8b4dd80 Thread added: 0x000001bbd1d7d750
Event: 0.256 Thread 0x000001bbf8b4dd80 Thread added: 0x000001bbd33f4450
Event: 0.310 Thread 0x000001bbd1c25830 Thread added: 0x000001bbd35b7b20
Event: 0.680 Thread 0x000001bbd1c25830 Thread added: 0x000001bbd38f0e40
Event: 0.686 Thread 0x000001bbd1c25ee0 Thread added: 0x000001bbd38f1880


Dynamic libraries:
0x00007ff67f0f0000 - 0x00007ff67f0fe000 	c:\Users\beatr\.vscode\extensions\redhat.java-1.54.0-win32-x64\jre\21.0.10-win32-x86_64\bin\java.exe
0x00007ffc93d80000 - 0x00007ffc93fe7000 	C:\WINDOWS\SYSTEM32\ntdll.dll
0x00007ffc92bf0000 - 0x00007ffc92cb9000 	C:\WINDOWS\System32\KERNEL32.DLL
0x00007ffc91670000 - 0x00007ffc91a67000 	C:\WINDOWS\System32\KERNELBASE.dll
0x00007ffc90870000 - 0x00007ffc909bb000 	C:\WINDOWS\System32\ucrtbase.dll
0x00007ffc69d20000 - 0x00007ffc69d38000 	c:\Users\beatr\.vscode\extensions\redhat.java-1.54.0-win32-x64\jre\21.0.10-win32-x86_64\bin\jli.dll
0x00007ffc8ada0000 - 0x00007ffc8adbe000 	c:\Users\beatr\.vscode\extensions\redhat.java-1.54.0-win32-x64\jre\21.0.10-win32-x86_64\bin\VCRUNTIME140.dll
0x00007ffc93060000 - 0x00007ffc93226000 	C:\WINDOWS\System32\USER32.dll
0x00007ffc91640000 - 0x00007ffc91667000 	C:\WINDOWS\System32\win32u.dll
0x00007ffc7b760000 - 0x00007ffc7b9f2000 	C:\WINDOWS\WinSxS\amd64_microsoft.windows.common-controls_6595b64144ccf1df_6.0.26100.8457_none_3e0b2faee331e92d\COMCTL32.dll
0x00007ffc92ac0000 - 0x00007ffc92aeb000 	C:\WINDOWS\System32\GDI32.dll
0x00007ffc927b0000 - 0x00007ffc92859000 	C:\WINDOWS\System32\msvcrt.dll
0x00007ffc91460000 - 0x00007ffc9158c000 	C:\WINDOWS\System32\gdi32full.dll
0x00007ffc909c0000 - 0x00007ffc90a63000 	C:\WINDOWS\System32\msvcp_win.dll
0x00007ffc91d10000 - 0x00007ffc91d42000 	C:\WINDOWS\System32\IMM32.DLL
0x00007ffc72fb0000 - 0x00007ffc72fbc000 	c:\Users\beatr\.vscode\extensions\redhat.java-1.54.0-win32-x64\jre\21.0.10-win32-x86_64\bin\vcruntime140_1.dll
0x00007ffc2d640000 - 0x00007ffc2d6cd000 	c:\Users\beatr\.vscode\extensions\redhat.java-1.54.0-win32-x64\jre\21.0.10-win32-x86_64\bin\msvcp140.dll
0x00007ffb86640000 - 0x00007ffb873e1000 	c:\Users\beatr\.vscode\extensions\redhat.java-1.54.0-win32-x64\jre\21.0.10-win32-x86_64\bin\server\jvm.dll
0x00007ffc924d0000 - 0x00007ffc92586000 	C:\WINDOWS\System32\ADVAPI32.dll
0x00007ffc93790000 - 0x00007ffc93837000 	C:\WINDOWS\System32\sechost.dll
0x00007ffc93230000 - 0x00007ffc93348000 	C:\WINDOWS\System32\RPCRT4.dll
0x00007ffc93700000 - 0x00007ffc93780000 	C:\WINDOWS\System32\WS2_32.dll
0x00007ffc90630000 - 0x00007ffc9068e000 	C:\WINDOWS\SYSTEM32\POWRPROF.dll
0x00007ffc87cc0000 - 0x00007ffc87ccb000 	C:\WINDOWS\SYSTEM32\VERSION.dll
0x00007ffc83d20000 - 0x00007ffc83d56000 	C:\WINDOWS\SYSTEM32\WINMM.dll
0x00007ffc90610000 - 0x00007ffc90624000 	C:\WINDOWS\SYSTEM32\UMPDC.dll
0x00007ffc8f510000 - 0x00007ffc8f52b000 	C:\WINDOWS\SYSTEM32\kernel.appcore.dll
0x00007ffc6f540000 - 0x00007ffc6f54a000 	c:\Users\beatr\.vscode\extensions\redhat.java-1.54.0-win32-x64\jre\21.0.10-win32-x86_64\bin\jimage.dll
0x00007ffc8e7e0000 - 0x00007ffc8ea22000 	C:\WINDOWS\SYSTEM32\DBGHELP.DLL
0x00007ffc93350000 - 0x00007ffc936d3000 	C:\WINDOWS\System32\combase.dll
0x00007ffc92b10000 - 0x00007ffc92be9000 	C:\WINDOWS\System32\OLEAUT32.dll
0x00007ffc8ae60000 - 0x00007ffc8ae9b000 	C:\WINDOWS\SYSTEM32\dbgcore.DLL
0x00007ffc91590000 - 0x00007ffc91638000 	C:\WINDOWS\System32\bcryptPrimitives.dll
0x00007ffc6a9f0000 - 0x00007ffc6a9ff000 	c:\Users\beatr\.vscode\extensions\redhat.java-1.54.0-win32-x64\jre\21.0.10-win32-x86_64\bin\instrument.dll
0x00007ffc69860000 - 0x00007ffc69880000 	c:\Users\beatr\.vscode\extensions\redhat.java-1.54.0-win32-x64\jre\21.0.10-win32-x86_64\bin\java.dll
0x00007ffc91d50000 - 0x00007ffc924be000 	C:\WINDOWS\System32\SHELL32.dll
0x00007ffc90bf0000 - 0x00007ffc9145c000 	C:\WINDOWS\System32\windows.storage.dll
0x00007ffc92dc0000 - 0x00007ffc92eb6000 	C:\WINDOWS\System32\SHCORE.dll
0x00007ffc93840000 - 0x00007ffc938a6000 	C:\WINDOWS\System32\shlwapi.dll
0x00007ffc906d0000 - 0x00007ffc906f9000 	C:\WINDOWS\SYSTEM32\profapi.dll
0x00007ffc69840000 - 0x00007ffc69858000 	c:\Users\beatr\.vscode\extensions\redhat.java-1.54.0-win32-x64\jre\21.0.10-win32-x86_64\bin\zip.dll
0x00007ffc6a7d0000 - 0x00007ffc6a7e0000 	C:\Users\beatr\.vscode\extensions\redhat.java-1.54.0-win32-x64\jre\21.0.10-win32-x86_64\bin\net.dll
0x00007ffc87fa0000 - 0x00007ffc880c9000 	C:\WINDOWS\SYSTEM32\WINHTTP.dll
0x00007ffc8fa90000 - 0x00007ffc8fafc000 	C:\WINDOWS\system32\mswsock.dll
0x00007ffc695e0000 - 0x00007ffc695f6000 	C:\Users\beatr\.vscode\extensions\redhat.java-1.54.0-win32-x64\jre\21.0.10-win32-x86_64\bin\nio.dll
0x00007ffc6a740000 - 0x00007ffc6a750000 	c:\Users\beatr\.vscode\extensions\redhat.java-1.54.0-win32-x64\jre\21.0.10-win32-x86_64\bin\verify.dll

JVMTI agents:
c:\Users\beatr\.vscode\extensions\redhat.java-1.54.0-win32-x64\lombok\lombok-1.18.39-4050.jar path:c:\Users\beatr\.vscode\extensions\redhat.java-1.54.0-win32-x64\jre\21.0.10-win32-x86_64\bin\instrument.dll, loaded, initialized, instrumentlib options:none

dbghelp: loaded successfully - version: 4.0.5 - missing functions: none
symbol engine: initialized successfully - sym options: 0x614 - pdb path: .;c:\Users\beatr\.vscode\extensions\redhat.java-1.54.0-win32-x64\jre\21.0.10-win32-x86_64\bin;C:\WINDOWS\SYSTEM32;C:\WINDOWS\WinSxS\amd64_microsoft.windows.common-controls_6595b64144ccf1df_6.0.26100.8457_none_3e0b2faee331e92d;c:\Users\beatr\.vscode\extensions\redhat.java-1.54.0-win32-x64\jre\21.0.10-win32-x86_64\bin\server

VM Arguments:
jvm_args: --add-modules=ALL-SYSTEM --add-opens=java.base/java.util=ALL-UNNAMED --add-opens=java.base/java.lang=ALL-UNNAMED --add-opens=java.base/sun.nio.fs=ALL-UNNAMED -Declipse.application=org.eclipse.jdt.ls.core.id1 -Dosgi.bundles.defaultStartLevel=4 -Declipse.product=org.eclipse.jdt.ls.core.product -Djava.import.generatesMetadataFilesAtProjectRoot=false -DDetectVMInstallationsJob.disabled=true -Dfile.encoding=utf8 -XX:+UseParallelGC -XX:GCTimeRatio=4 -XX:AdaptiveSizePolicyWeight=90 -Dsun.zip.disableMemoryMapping=true -Xmx2G -Xms100m -Xlog:disable -javaagent:c:\Users\beatr\.vscode\extensions\redhat.java-1.54.0-win32-x64\lombok\lombok-1.18.39-4050.jar -XX:+HeapDumpOnOutOfMemoryError -XX:HeapDumpPath=c:\Users\beatr\AppData\Roaming\Code\User\workspaceStorage\512d8a2463e38182a966693e443d7862\redhat.java -Daether.dependencyCollector.impl=bf 
java_command: c:\Users\beatr\.vscode\extensions\redhat.java-1.54.0-win32-x64\server\plugins\org.eclipse.equinox.launcher_1.7.100.v20251111-0406.jar -configuration c:\Users\beatr\AppData\Roaming\Code\User\globalStorage\redhat.java\1.54.0\config_win -data c:\Users\beatr\AppData\Roaming\Code\User\workspaceStorage\512d8a2463e38182a966693e443d7862\redhat.java\jdt_ws --pipe=\\.\pipe\lsp-dc539b3efdb2bd53f6384317b0c43da8-sock
java_class_path (initial): c:\Users\beatr\.vscode\extensions\redhat.java-1.54.0-win32-x64\server\plugins\org.eclipse.equinox.launcher_1.7.100.v20251111-0406.jar
Launcher Type: SUN_STANDARD

[Global flags]
    uintx AdaptiveSizePolicyWeight                 = 90                                        {product} {command line}
     intx CICompilerCount                          = 12                                        {product} {ergonomic}
    uintx GCTimeRatio                              = 4                                         {product} {command line}
     bool HeapDumpOnOutOfMemoryError               = true                                   {manageable} {command line}
    ccstr HeapDumpPath                             = c:\Users\beatr\AppData\Roaming\Code\User\workspaceStorage\512d8a2463e38182a966693e443d7862\redhat.java         {manageable} {command line}
   size_t InitialHeapSize                          = 104857600                                 {product} {command line}
   size_t MaxHeapSize                              = 2147483648                                {product} {command line}
   size_t MaxNewSize                               = 715653120                                 {product} {ergonomic}
   size_t MinHeapDeltaBytes                        = 524288                                    {product} {ergonomic}
   size_t MinHeapSize                              = 104857600                                 {product} {command line}
   size_t NewSize                                  = 34603008                                  {product} {ergonomic}
    uintx NonNMethodCodeHeapSize                   = 7602480                                {pd product} {ergonomic}
    uintx NonProfiledCodeHeapSize                  = 122027880                              {pd product} {ergonomic}
   size_t OldSize                                  = 70254592                                  {product} {ergonomic}
    uintx ProfiledCodeHeapSize                     = 122027880                              {pd product} {ergonomic}
    uintx ReservedCodeCacheSize                    = 251658240                              {pd product} {ergonomic}
     bool SegmentedCodeCache                       = true                                      {product} {ergonomic}
   size_t SoftMaxHeapSize                          = 2147483648                             {manageable} {ergonomic}
     bool UseCompressedOops                        = true                           {product lp64_product} {ergonomic}
     bool UseLargePagesIndividualAllocation        = false                                  {pd product} {ergonomic}
     bool UseParallelGC                            = true                                      {product} {command line}

Logging:
Log output configuration:
 #0: stdout all=off uptime,level,tags foldmultilines=false
 #1: stderr all=off uptime,level,tags foldmultilines=false

Release file:
JAVA_VERSION="21.0.10" 
MODULES="java.base java.compiler java.datatransfer java.xml java.prefs java.desktop java.instrument java.logging java.management java.security.sasl java.naming java.rmi java.management.rmi java.net.http java.scripting java.security.jgss java.transaction.xa java.sql java.sql.rowset java.xml.crypto java.se java.smartcardio jdk.accessibility jdk.internal.jvmstat jdk.attach jdk.charsets jdk.internal.opt jdk.zipfs jdk.compiler jdk.crypto.ec jdk.crypto.cryptoki jdk.crypto.mscapi jdk.dynalink jdk.internal.ed jdk.editpad jdk.hotspot.agent jdk.httpserver jdk.internal.le jdk.internal.vm.ci jdk.internal.vm.compiler jdk.internal.vm.compiler.management jdk.jartool jdk.javadoc jdk.jcmd jdk.management jdk.management.agent jdk.jconsole jdk.jdeps jdk.jdwp.agent jdk.jdi jdk.jfr jdk.jshell jdk.jsobject jdk.jstatd jdk.localedata jdk.management.jfr jdk.naming.dns jdk.naming.rmi jdk.net jdk.nio.mapmode jdk.random jdk.sctp jdk.security.auth jdk.security.jgss jdk.unsupported jdk.unsupported.desktop jdk.xml.dom" 

Environment Variables:
PATH=C:\Python314\Scripts\;C:\Python314\;C:\Program Files\Common Files\Oracle\Java\javapath;C:\Program Files (x86)\Common Files\Oracle\Java\javapath;C:\Windows\system32;C:\Windows;C:\Windows\System32\Wbem;C:\Windows\System32\WindowsPowerShell\v1.0\;C:\Windows\System32\OpenSSH\;C:\Program Files (x86)\NVIDIA Corporation\PhysX\Common;C:\Program Files\NVIDIA Corporation\NVIDIA NvDLISR;C:\Program Files\Git\cmd;C:\apache-maven-3.9.9\bin;C:\Program Files\nodejs\;C:\ProgramData\chocolatey\bin;C:\WINDOWS\system32;C:\WINDOWS;C:\WINDOWS\System32\Wbem;C:\WINDOWS\System32\WindowsPowerShell\v1.0\;C:\WINDOWS\System32\OpenSSH\;C:\Program Files\MongoDB\Server\8.2\bin;C:\Program Files\Docker\Docker\resources\bin;C:\Users\beatr\AppData\Local\Programs\Python\Launcher\;C:\Users\beatr\AppData\Local\Microsoft\WindowsApps;C:\Users\beatr\AppData\Local\Programs\Microsoft VS Code\bin;C:\Users\beatr\AppData\Local\GitHubDesktop\bin;C:\Users\beatr\AppData\Roaming\npm;C:\Program Files\mongosh\
USERNAME=beatr
OS=Windows_NT
PROCESSOR_IDENTIFIER=AMD64 Family 25 Model 80 Stepping 0, AuthenticAMD
TMP=C:\Users\beatr\AppData\Local\Temp
TEMP=C:\Users\beatr\AppData\Local\Temp




Periodic native trim disabled

---------------  S Y S T E M  ---------------

OS:
 Windows 11 , 64 bit Build 26100 (10.0.26100.8328)
OS uptime: 2 days 19:43 hours
Hyper-V role detected

CPU: total 16 (initial active 16) (16 cores per cpu, 2 threads per core) family 25 model 80 stepping 0 microcode 0xa50000d, cx8, cmov, fxsr, ht, mmx, 3dnowpref, sse, sse2, sse3, ssse3, sse4a, sse4.1, sse4.2, popcnt, lzcnt, tsc, tscinvbit, avx, avx2, aes, erms, clmul, bmi1, bmi2, adx, sha, fma, vzeroupper, clflush, clflushopt, hv, rdtscp, rdpid, fsrm, f16c, cet_ss
Processor Information for processor 0
  Max Mhz: 3201, Current Mhz: 2555, Mhz Limit: 3201
Processor Information for processor 1
  Max Mhz: 3201, Current Mhz: 3201, Mhz Limit: 3201
Processor Information for processor 2
  Max Mhz: 3201, Current Mhz: 3201, Mhz Limit: 3201
Processor Information for processor 3
  Max Mhz: 3201, Current Mhz: 3201, Mhz Limit: 3201
Processor Information for processor 4
  Max Mhz: 3201, Current Mhz: 3201, Mhz Limit: 3201
Processor Information for processor 5
  Max Mhz: 3201, Current Mhz: 3201, Mhz Limit: 3201
Processor Information for processor 6
  Max Mhz: 3201, Current Mhz: 2555, Mhz Limit: 3201
Processor Information for processor 7
  Max Mhz: 3201, Current Mhz: 3201, Mhz Limit: 3201
Processor Information for processor 8
  Max Mhz: 3201, Current Mhz: 3201, Mhz Limit: 3201
Processor Information for processor 9
  Max Mhz: 3201, Current Mhz: 2555, Mhz Limit: 3201
Processor Information for processor 10
  Max Mhz: 3201, Current Mhz: 3201, Mhz Limit: 3201
Processor Information for processor 11
  Max Mhz: 3201, Current Mhz: 2555, Mhz Limit: 3201
Processor Information for processor 12
  Max Mhz: 3201, Current Mhz: 2555, Mhz Limit: 3201
Processor Information for processor 13
  Max Mhz: 3201, Current Mhz: 3201, Mhz Limit: 3201
Processor Information for processor 14
  Max Mhz: 3201, Current Mhz: 3201, Mhz Limit: 3201
Processor Information for processor 15
  Max Mhz: 3201, Current Mhz: 3201, Mhz Limit: 3201

Memory: 4k page, system-wide physical 14188M (1224M free)
TotalPageFile size 37754M (AvailPageFile size 47M)
current process WorkingSet (physical memory assigned to process): 91M, peak: 92M
current process commit charge ("private bytes"): 259M, peak: 261M

vm_info: OpenJDK 64-Bit Server VM (21.0.10+7-LTS) for windows-amd64 JRE (21.0.10+7-LTS), built on 2026-01-20T00:00:00Z by "admin" with MS VC++ 17.12 (VS2022)

END.
