version 2
JvmtiExport can_access_local_variables 0
JvmtiExport can_hotswap_or_post_breakpoint 1
JvmtiExport can_post_on_exceptions 0
# 1117 ciObject found
instanceKlass com/google/inject/spi/InjectionPoint
ciInstanceKlass java/lang/Cloneable 1 0 7 100 1 100 1 1 1
instanceKlass org/eclipse/jdt/core/IField
instanceKlass  @bci org/eclipse/jdt/internal/core/JarPackageFragmentRoot createChildren (Ljava/util/Collection;)[Lorg/eclipse/jdt/core/IJavaElement; 30 <appendix> argL0 ; # org/eclipse/jdt/internal/core/JarPackageFragmentRoot$$Lambda+0x0000024a1c5a25f8
instanceKlass  @bci org/eclipse/jdt/internal/core/JarPackageFragmentRoot lambda$0 (Ljava/util/List;)[Ljava/lang/String; 1 <appendix> argL0 ; # org/eclipse/jdt/internal/core/JarPackageFragmentRoot$$Lambda+0x0000024a1c5a23d8
instanceKlass  @bci org/eclipse/jdt/internal/core/JarPackageFragmentRoot createChildren (Ljava/util/Collection;)[Lorg/eclipse/jdt/core/IJavaElement; 10 <appendix> argL0 ; # org/eclipse/jdt/internal/core/JarPackageFragmentRoot$$Lambda+0x0000024a1c5a2198
instanceKlass org/eclipse/jdt/internal/core/JrtPackageFragmentRoot$1
instanceKlass  @bci org/eclipse/jdt/internal/core/JrtPackageFragmentRoot computeChildren (Lorg/eclipse/jdt/internal/core/OpenableElementInfo;Lorg/eclipse/core/resources/IResource;)Z 29 <appendix> argL0 ; # org/eclipse/jdt/internal/core/JrtPackageFragmentRoot$$Lambda+0x0000024a1c5a1ae0
instanceKlass org/eclipse/jdt/internal/compiler/util/ObjectVector$1
instanceKlass  @bci org/eclipse/jdt/internal/core/JavaProject defaultRootModules (Ljava/lang/Iterable;Ljava/lang/String;)Ljava/util/List; 6 <appendix> argL0 ; # org/eclipse/jdt/internal/core/JavaProject$$Lambda+0x0000024a1c5a1690
instanceKlass  @bci org/eclipse/jdt/internal/core/JavaProject defaultRootModules (Ljava/lang/Iterable;Ljava/lang/String;)Ljava/util/List; 1 <appendix> argL0 ; # org/eclipse/jdt/internal/core/JavaProject$$Lambda+0x0000024a1c5a1450
instanceKlass jdk/internal/jrtfs/JrtFileAttributes
instanceKlass  @bci jdk/internal/jimage/ImageReader$SharedImageReader handleModulesSubTree (Ljava/lang/String;Ljdk/internal/jimage/ImageLocation;)Ljdk/internal/jimage/ImageReader$Node; 37 <appendix> member <vmtarget> ; # jdk/internal/jimage/ImageReader$SharedImageReader$$Lambda+0x0000024a1c5ad800
instanceKlass jdk/internal/jimage/ImageBufferCache$2
instanceKlass jdk/internal/jimage/ImageBufferCache
instanceKlass  @bci jdk/internal/jimage/ImageReader$SharedImageReader handlePackages (Ljava/lang/String;Ljdk/internal/jimage/ImageLocation;)Ljdk/internal/jimage/ImageReader$Node; 20 <appendix> member <vmtarget> ; # jdk/internal/jimage/ImageReader$SharedImageReader$$Lambda+0x0000024a1c5af4a8
instanceKlass jdk/internal/jimage/ImageReader$SharedImageReader$LocationVisitor
instanceKlass jdk/internal/jimage/ImageLocation
instanceKlass jdk/internal/jrtfs/JrtDirectoryStream$1
instanceKlass  @bci jdk/internal/jrtfs/JrtFileSystem iteratorOf (Ljdk/internal/jrtfs/JrtPath;Ljava/nio/file/DirectoryStream$Filter;)Ljava/util/Iterator; 82 <appendix> member <vmtarget> ; # jdk/internal/jrtfs/JrtFileSystem$$Lambda+0x0000024a1c5aeb48
instanceKlass  @bci jdk/internal/jrtfs/JrtFileSystem iteratorOf (Ljdk/internal/jrtfs/JrtPath;Ljava/nio/file/DirectoryStream$Filter;)Ljava/util/Iterator; 71 <appendix> member <vmtarget> ; # jdk/internal/jrtfs/JrtFileSystem$$Lambda+0x0000024a1c5ae900
instanceKlass jdk/internal/jimage/ImageReader$Node
instanceKlass jdk/internal/jrtfs/JrtPath
instanceKlass jdk/internal/jrtfs/JrtDirectoryStream
instanceKlass jdk/internal/jimage/decompressor/Decompressor
instanceKlass jdk/internal/jimage/ImageStringsReader
instanceKlass jdk/internal/jimage/ImageHeader
# instanceKlass java/lang/invoke/LambdaForm$MH+0x0000024a1c5ad400
# instanceKlass java/lang/invoke/LambdaForm$MH+0x0000024a1c5ad000
# instanceKlass java/lang/invoke/LambdaForm$MH+0x0000024a1c5acc00
# instanceKlass java/lang/invoke/LambdaForm$MH+0x0000024a1c5ac800
# instanceKlass java/lang/invoke/LambdaForm$MH+0x0000024a1c5ac400
# instanceKlass java/lang/invoke/LambdaForm$MH+0x0000024a1c5ac000
# instanceKlass java/lang/invoke/LambdaForm$MH+0x0000024a1c5abc00
# instanceKlass java/lang/invoke/LambdaForm$BMH+0x0000024a1c5ab800
# instanceKlass java/lang/invoke/LambdaForm$DMH+0x0000024a1c5ab400
# instanceKlass java/lang/invoke/LambdaForm$DMH+0x0000024a1c5ab000
instanceKlass sun/nio/ch/Util$4
instanceKlass sun/nio/ch/FileChannelImpl$Unmapper
instanceKlass jdk/internal/access/foreign/UnmapperProxy
instanceKlass  @bci jdk/internal/misc/ExtendedMapMode <clinit> ()V 0 <appendix> argL0 ; # jdk/internal/misc/ExtendedMapMode$$Lambda+0x0000024a1c5c21e0
instanceKlass jdk/internal/misc/ExtendedMapMode
instanceKlass java/nio/channels/FileChannel$MapMode
instanceKlass jdk/internal/jimage/BasicImageReader$2
instanceKlass jdk/internal/jimage/BasicImageReader$1
instanceKlass jdk/internal/jimage/ImageReader$Node
instanceKlass jdk/internal/jimage/ImageStrings
instanceKlass jdk/internal/jimage/BasicImageReader
instanceKlass jdk/internal/jimage/ImageReader
instanceKlass jdk/internal/jrtfs/SystemImage$2
instanceKlass  @bci jdk/internal/jrtfs/SystemImage <clinit> ()V 0 <appendix> argL0 ; # jdk/internal/jrtfs/SystemImage$$Lambda+0x0000024a1c5a9478
instanceKlass jdk/internal/jrtfs/SystemImage
instanceKlass jdk/internal/jrtfs/JrtPath
instanceKlass jdk/internal/jrtfs/JrtFileSystemProvider$1
instanceKlass java/nio/file/spi/FileSystemProvider$1
instanceKlass  @bci org/eclipse/jdt/internal/compiler/util/JRTUtil getJrtFileSystem (Ljava/nio/file/Path;)Ljava/nio/file/FileSystem; 14 <appendix> argL0 ; # org/eclipse/jdt/internal/compiler/util/JRTUtil$$Lambda+0x0000024a1c40b048
instanceKlass  @bci org/eclipse/jdt/internal/compiler/util/JRTUtil getJrtSystem (Ljava/io/File;Ljava/lang/String;)Lorg/eclipse/jdt/internal/compiler/util/JrtFileSystem; 46 <appendix> member <vmtarget> ; # org/eclipse/jdt/internal/compiler/util/JRTUtil$$Lambda+0x0000024a1c40ab88
instanceKlass org/eclipse/jdt/internal/compiler/util/JrtFileSystem
instanceKlass  @bci org/eclipse/jdt/internal/compiler/util/Jdk <init> (Ljava/io/File;)V 20 <appendix> argL0 ; # org/eclipse/jdt/internal/compiler/util/Jdk$$Lambda+0x0000024a1c40a6d8
instanceKlass org/eclipse/jdt/internal/compiler/util/Jdk
instanceKlass org/eclipse/jdt/internal/compiler/util/SoftClassCache
instanceKlass org/eclipse/jdt/internal/compiler/util/JRTUtil
instanceKlass org/eclipse/jdt/internal/core/JavaProject$1
instanceKlass org/eclipse/jdt/internal/compiler/util/ObjectVector
instanceKlass org/eclipse/jdt/ls/core/internal/contentassist/CompletionProposalUtils
instanceKlass org/eclipse/jdt/core/ICompletionRequestor
instanceKlass org/eclipse/jdt/core/IPackageDeclaration
instanceKlass org/eclipse/jdt/core/IImportContainer
instanceKlass org/eclipse/jdt/core/IImportDeclaration
instanceKlass org/eclipse/jdt/core/IModularClassFile
instanceKlass  @bci org/eclipse/jdt/ls/core/internal/preferences/ClientPreferences isSupportedCodeActionKind (Ljava/lang/String;)Z 102 <appendix> member <vmtarget> ; # org/eclipse/jdt/ls/core/internal/preferences/ClientPreferences$$Lambda+0x0000024a1c593bd8
instanceKlass  @bci org/eclipse/jdt/internal/compiler/util/CharDeduplication <clinit> ()V 44 <appendix> argL0 ; # org/eclipse/jdt/internal/compiler/util/CharDeduplication$$Lambda+0x0000024a1c409c30
instanceKlass org/eclipse/jdt/ls/core/internal/handlers/ResponseStore
instanceKlass org/eclipse/jdt/internal/compiler/util/CharDeduplication
instanceKlass org/eclipse/jdt/core/manipulation/ChangeCorrectionProposalCore
instanceKlass org/eclipse/ltk/core/refactoring/Change
instanceKlass org/eclipse/jdt/ui/text/java/IInvocationContext
instanceKlass org/eclipse/ltk/internal/core/refactoring/history/RefactoringHistorySerializer
instanceKlass  @bci org/eclipse/ltk/internal/core/refactoring/history/RefactoringHistoryService connect ()V 42 <appendix> member <vmtarget> ; # org/eclipse/ltk/internal/core/refactoring/history/RefactoringHistoryService$$Lambda+0x0000024a1c599d60
instanceKlass org/eclipse/jdt/internal/compiler/parser/Scanner
instanceKlass org/eclipse/core/commands/operations/IUndoableOperation
instanceKlass org/eclipse/core/commands/operations/DefaultOperationHistory
instanceKlass org/eclipse/core/commands/operations/IOperationHistory
instanceKlass org/eclipse/jdt/core/JavaConventions
instanceKlass org/eclipse/core/commands/operations/OperationHistoryFactory
instanceKlass  @bci org/eclipse/ltk/internal/core/refactoring/history/RefactoringHistoryService connect ()V 20 <appendix> member <vmtarget> ; # org/eclipse/ltk/internal/core/refactoring/history/RefactoringHistoryService$$Lambda+0x0000024a1c599b38
instanceKlass org/eclipse/core/commands/operations/OperationHistoryEvent
instanceKlass org/eclipse/core/commands/operations/IOperationHistoryListener
instanceKlass org/eclipse/jdt/internal/core/JavaProject$3
instanceKlass org/eclipse/jdt/internal/core/JavaProject$2
instanceKlass org/eclipse/ltk/internal/core/refactoring/history/RefactoringHistoryService
instanceKlass org/eclipse/ltk/core/refactoring/history/IRefactoringHistoryService
instanceKlass org/eclipse/ltk/core/refactoring/RefactoringDescriptor
instanceKlass org/eclipse/ltk/internal/core/refactoring/history/RefactoringContributionManager
instanceKlass org/eclipse/ltk/core/refactoring/IUndoManager
instanceKlass  @bci org/eclipse/core/internal/resources/AliasManager findResources (Lorg/eclipse/core/filesystem/IFileStore;)[Lorg/eclipse/core/resources/IResource; 14 <appendix> member <vmtarget> ; # org/eclipse/core/internal/resources/AliasManager$$Lambda+0x0000024a1c395b80
instanceKlass org/eclipse/core/commands/operations/IUndoContext
instanceKlass org/eclipse/ltk/core/refactoring/history/IRefactoringHistoryListener
instanceKlass  @bci org/eclipse/jdt/ls/core/internal/JDTUtils findFile (Ljava/lang/String;)Lorg/eclipse/core/resources/IFile; 17 <appendix> member <vmtarget> ; # org/eclipse/jdt/ls/core/internal/JDTUtils$$Lambda+0x0000024a1c592948
instanceKlass org/eclipse/core/runtime/URIUtil
instanceKlass org/eclipse/jdt/ls/core/internal/handlers/CompletionHandler$2
instanceKlass org/eclipse/jdt/ls/core/internal/handlers/CompletionHandler$1
instanceKlass org/eclipse/jdt/core/dom/IDocElement
instanceKlass org/eclipse/jdt/ls/core/internal/handlers/CompletionHandler
instanceKlass org/eclipse/jdt/ls/core/internal/JDTUtils
instanceKlass org/eclipse/lsp4j/Registration
instanceKlass org/eclipse/lsp4j/TextDocumentItem
instanceKlass  @bci org/eclipse/jdt/ls/core/internal/ProjectUtils getJavaProjects ()[Lorg/eclipse/jdt/core/IJavaProject; 36 <appendix> argL0 ; # org/eclipse/jdt/ls/core/internal/ProjectUtils$$Lambda+0x0000024a1c590d68
instanceKlass  @bci org/eclipse/jdt/ls/core/internal/ProjectUtils getJavaProjects ()[Lorg/eclipse/jdt/core/IJavaProject; 26 <appendix> argL0 ; # org/eclipse/jdt/ls/core/internal/ProjectUtils$$Lambda+0x0000024a1c590b18
instanceKlass  @bci org/eclipse/jdt/ls/core/internal/ProjectUtils getJavaProjects ()[Lorg/eclipse/jdt/core/IJavaProject; 16 <appendix> argL0 ; # org/eclipse/jdt/ls/core/internal/ProjectUtils$$Lambda+0x0000024a1c5908d8
instanceKlass  @bci org/eclipse/jdt/ls/core/internal/ProjectUtils getJavaProjects ()[Lorg/eclipse/jdt/core/IJavaProject; 6 <appendix> argL0 ; # org/eclipse/jdt/ls/core/internal/ProjectUtils$$Lambda+0x0000024a1c590688
instanceKlass org/springframework/tooling/jdt/ls/commons/classpath/ClasspathListenerManager$MyListener
instanceKlass org/springframework/tooling/jdt/ls/commons/BootProjectTracker$1
instanceKlass org/springframework/tooling/jdt/ls/commons/classpath/ClasspathListenerManager
instanceKlass org/springframework/tooling/jdt/ls/commons/classpath/ClasspathListenerManager$ClasspathListener
instanceKlass org/springframework/tooling/jdt/ls/commons/BootProjectTracker
instanceKlass  @bci org/springframework/tooling/jdt/ls/extension/JdtLsExtensionPlugin lambda$1 (Lorg/springframework/tooling/jdt/ls/commons/Logger;Ljava/lang/Void;)V 2 <appendix> member <vmtarget> ; # org/springframework/tooling/jdt/ls/extension/JdtLsExtensionPlugin$$Lambda+0x0000024a1c35ca38
instanceKlass org/eclipse/jdt/ls/core/internal/handlers/CodeLensPreferenceChangeListener
instanceKlass org/eclipse/jdt/ls/core/internal/handlers/InlayHintsPreferenceChangeListener
instanceKlass  @bci org/eclipse/jdt/ls/core/internal/managers/StandardProjectsManager registerListeners ()V 46 <appendix> member <vmtarget> ; # org/eclipse/jdt/ls/core/internal/managers/StandardProjectsManager$$Lambda+0x0000024a1c590000
instanceKlass org/eclipse/jdt/ls/core/internal/managers/StandardProjectsManager$3
instanceKlass  @bci org/eclipse/jdt/ls/core/internal/managers/ProjectsManager configureFilters (Lorg/eclipse/core/runtime/IProgressMonitor;)V 106 <appendix> argL0 ; # org/eclipse/jdt/ls/core/internal/managers/ProjectsManager$$Lambda+0x0000024a1c58ca58
instanceKlass org/eclipse/core/internal/resources/OS
instanceKlass  @bci org/eclipse/jdt/ls/core/internal/ProjectUtils getMaxProjectProblemSeverity ()I 84 <appendix> member <vmtarget> ; # org/eclipse/jdt/ls/core/internal/ProjectUtils$$Lambda+0x0000024a1c58c800
instanceKlass  @bci org/eclipse/jdt/ls/core/internal/ResourceUtils findMarkers (Lorg/eclipse/core/resources/IResource;[Ljava/lang/Integer;)Ljava/util/List; 43 <appendix> member <vmtarget> ; # org/eclipse/jdt/ls/core/internal/ResourceUtils$$Lambda+0x0000024a1c58dc28
instanceKlass  @bci org/eclipse/core/internal/resources/MarkerManager visitorFindMarkers (Lorg/eclipse/core/runtime/IPath;Ljava/util/ArrayList;Ljava/lang/String;Z)V 5 <appendix> member <vmtarget> ; # org/eclipse/core/internal/resources/MarkerManager$$Lambda+0x0000024a1c394ff0
instanceKlass  @cpi org/eclipse/core/internal/resources/MarkerManager 672 form vmentry <vmtarget> ; # java/lang/invoke/LambdaForm$DMH+0x0000024a1c58c400
instanceKlass  @bci org/eclipse/lsp4j/jsonrpc/json/adapters/CollectionTypeAdapter$Factory getConstructor (Ljava/lang/Class;)Ljava/util/function/Supplier; 10 <appendix> member <vmtarget> ; # org/eclipse/lsp4j/jsonrpc/json/adapters/CollectionTypeAdapter$Factory$$Lambda+0x0000024a1c41d880
instanceKlass  @bci org/eclipse/jdt/ls/core/internal/managers/EclipseProjectImporter applies (Lorg/eclipse/core/runtime/IProgressMonitor;)Z 131 <appendix> argL0 ; # org/eclipse/jdt/ls/core/internal/managers/EclipseProjectImporter$$Lambda+0x0000024a1c58d598
instanceKlass  @bci org/eclipse/jdt/ls/core/internal/ProjectUtils getAllProjects (Z)[Lorg/eclipse/core/resources/IProject; 24 <appendix> argL0 ; # org/eclipse/jdt/ls/core/internal/ProjectUtils$$Lambda+0x0000024a1c587d58
instanceKlass org/eclipse/core/resources/filtermatchers/AbstractFileInfoMatcher
instanceKlass org/eclipse/core/internal/resources/Filter
instanceKlass org/apache/maven/model/DependencyManagement
instanceKlass org/apache/maven/model/Parent
instanceKlass org/apache/maven/model/io/xpp3/MavenXpp3Reader$1
instanceKlass org/apache/maven/model/io/xpp3/MavenXpp3Reader$ContentTransformer
instanceKlass org/apache/maven/model/io/xpp3/MavenXpp3Reader
instanceKlass org/apache/maven/building/FileSource
instanceKlass org/apache/maven/model/building/ModelSource2
instanceKlass org/eclipse/m2e/core/internal/IMavenToolbox$2
instanceKlass  @bci org/eclipse/m2e/core/internal/IMavenToolbox <clinit> ()V 8 <appendix> argL0 ; # org/eclipse/m2e/core/internal/IMavenToolbox$$Lambda+0x0000024a1c559c40
instanceKlass  @bci org/eclipse/m2e/core/internal/IMavenToolbox <clinit> ()V 0 <appendix> argL0 ; # org/eclipse/m2e/core/internal/IMavenToolbox$$Lambda+0x0000024a1c559a20
instanceKlass org/eclipse/m2e/core/internal/IMavenToolbox
instanceKlass org/eclipse/m2e/core/internal/embedder/PlexusContainerManager$PlexusComponentLookup
# instanceKlass java/lang/invoke/LambdaForm$MH+0x0000024a1c58c000
instanceKlass org/eclipse/m2e/core/project/AbstractProjectScanner
instanceKlass  @bci org/eclipse/jdt/ls/core/internal/managers/MavenProjectImporter getMavenProjects (Ljava/io/File;Lorg/eclipse/m2e/core/embedder/MavenModelManager;Lorg/eclipse/core/runtime/IProgressMonitor;)Ljava/util/Set; 46 <appendix> argL0 ; # org/eclipse/jdt/ls/core/internal/managers/MavenProjectImporter$$Lambda+0x0000024a1c587b18
instanceKlass  @bci org/eclipse/jdt/ls/core/internal/managers/MavenProjectImporter getMavenProjects (Ljava/io/File;Lorg/eclipse/m2e/core/embedder/MavenModelManager;Lorg/eclipse/core/runtime/IProgressMonitor;)Ljava/util/Set; 36 <appendix> argL0 ; # org/eclipse/jdt/ls/core/internal/managers/MavenProjectImporter$$Lambda+0x0000024a1c5878d8
instanceKlass  @bci org/eclipse/core/internal/preferences/PreferencesService internalApply (Lorg/eclipse/core/runtime/preferences/IEclipsePreferences;[Lorg/eclipse/core/runtime/preferences/IPreferenceFilter;)V 87 <appendix> member <vmtarget> ; # org/eclipse/core/internal/preferences/PreferencesService$$Lambda+0x0000024a1c26d090
instanceKlass org/eclipse/jdt/internal/launching/JREPreferenceModifyListener$Visitor
instanceKlass org/eclipse/debug/internal/core/PreferredDelegateModifyListener$Visitor
instanceKlass  @bci org/eclipse/core/internal/preferences/PreferencesService firePreApplyEvent (Lorg/eclipse/core/runtime/preferences/IEclipsePreferences;)Lorg/eclipse/core/runtime/preferences/IEclipsePreferences; 53 <appendix> member <vmtarget> ; # org/eclipse/core/internal/preferences/PreferencesService$$Lambda+0x0000024a1c26ce30
instanceKlass org/eclipse/core/runtime/ISafeRunnableWithResult
instanceKlass org/eclipse/core/runtime/preferences/PreferenceModifyListener
instanceKlass sun/nio/fs/WindowsFileSystem$2
instanceKlass java/nio/file/PathMatcher
instanceKlass sun/nio/fs/Globs
instanceKlass java/nio/file/Files$3
instanceKlass java/nio/file/FileTreeWalker$Event
instanceKlass java/nio/file/FileTreeWalker$DirectoryNode
instanceKlass java/nio/file/FileTreeWalker$1
instanceKlass java/util/RegularEnumSet$EnumSetIterator
instanceKlass java/nio/file/FileTreeWalker
instanceKlass java/nio/file/SimpleFileVisitor
instanceKlass  @bci org/eclipse/jdt/ls/core/internal/managers/BasicFileDetector scanDir (Ljava/nio/file/Path;Lorg/eclipse/core/runtime/IProgressMonitor;)V 9 <appendix> argL0 ; # org/eclipse/jdt/ls/core/internal/managers/BasicFileDetector$$Lambda+0x0000024a1c587418
instanceKlass org/eclipse/jdt/ls/core/internal/managers/BasicFileDetector
instanceKlass  @bci org/eclipse/jdt/ls/core/internal/ProjectUtils getGradleProjects ()Ljava/util/List; 6 <appendix> argL0 ; # org/eclipse/jdt/ls/core/internal/ProjectUtils$$Lambda+0x0000024a1c586f90
instanceKlass  @bci org/eclipse/jdt/ls/core/internal/managers/ProjectsManager importers ()Ljava/util/Collection; 176 <appendix> argL0 ; # org/eclipse/jdt/ls/core/internal/managers/ProjectsManager$$Lambda+0x0000024a1c586d50
instanceKlass org/eclipse/jdt/ls/core/internal/managers/GradleUtils
instanceKlass  @bci java/util/regex/CharPredicates ctype (I)Ljava/util/regex/Pattern$CharPredicate; 1 <appendix> member <vmtarget> ; # java/util/regex/CharPredicates$$Lambda+0x0000024a1c37b728
instanceKlass org/eclipse/buildship/core/internal/util/gradle/GradleVersion
instanceKlass org/eclipse/jdt/ls/core/internal/AbstractProjectImporter
instanceKlass org/eclipse/jdt/ls/core/internal/IProjectImporter
instanceKlass  @bci org/eclipse/jdt/ls/core/internal/managers/ProgressiveProjectReporter start ()V 18 <appendix> member <vmtarget> ; # org/eclipse/jdt/ls/core/internal/managers/ProgressiveProjectReporter$$Lambda+0x0000024a1c585320
instanceKlass java/util/concurrent/Executors$DelegatedExecutorService
instanceKlass  @bci org/eclipse/jdt/ls/core/internal/managers/ProgressiveProjectReporter start ()V 1 <appendix> argL0 ; # org/eclipse/jdt/ls/core/internal/managers/ProgressiveProjectReporter$$Lambda+0x0000024a1c585100
instanceKlass org/eclipse/jdt/ls/core/internal/managers/ProgressiveProjectReporter
instanceKlass  @bci org/eclipse/jdt/ls/core/internal/managers/GradleBuildSupport deleteInvalidProjects (Ljava/util/Collection;Ljava/util/ArrayList;Lorg/eclipse/core/runtime/IProgressMonitor;)V 108 <appendix> member <vmtarget> ; # org/eclipse/jdt/ls/core/internal/managers/GradleBuildSupport$$Lambda+0x0000024a1c584ca8
instanceKlass  @bci org/eclipse/jdt/ls/core/internal/managers/GradleBuildSupport findUnrelatedGradleProjects (Ljava/util/List;Ljava/util/List;)Ljava/util/List; 1 <appendix> argL0 ; # org/eclipse/jdt/ls/core/internal/managers/GradleBuildSupport$$Lambda+0x0000024a1c584a10
instanceKlass  @bci org/eclipse/jdt/ls/core/internal/managers/StandardProjectsManager deleteInvalidProjects (Ljava/util/Collection;Lorg/eclipse/core/runtime/IProgressMonitor;)V 263 <appendix> member <vmtarget> ; # org/eclipse/jdt/ls/core/internal/managers/StandardProjectsManager$$Lambda+0x0000024a1c5847d8
instanceKlass  @bci org/eclipse/jdt/ls/core/internal/managers/StandardProjectsManager deleteInvalidProjects (Ljava/util/Collection;Lorg/eclipse/core/runtime/IProgressMonitor;)V 249 <appendix> argL0 ; # org/eclipse/jdt/ls/core/internal/managers/StandardProjectsManager$$Lambda+0x0000024a1c584588
instanceKlass  @cpi org/eclipse/jdt/ls/core/internal/managers/StandardProjectsManager 1350 form vmentry <vmtarget> ; # java/lang/invoke/LambdaForm$DMH+0x0000024a1c582800
instanceKlass com/microsoft/gradle/bs/importer/Utils
instanceKlass  @bci java/util/stream/Collectors toUnmodifiableList ()Ljava/util/stream/Collector; 19 <appendix> argL0 ; # java/util/stream/Collectors$$Lambda+0x0000024a1c37add0
instanceKlass  @bci java/util/stream/Collectors toUnmodifiableList ()Ljava/util/stream/Collector; 14 <appendix> argL0 ; # java/util/stream/Collectors$$Lambda+0x0000024a1c37ab88
instanceKlass  @bci java/util/stream/Collectors toUnmodifiableList ()Ljava/util/stream/Collector; 9 <appendix> argL0 ; # java/util/stream/Collectors$$Lambda+0x0000024a1c37a958
instanceKlass  @bci java/util/stream/Collectors toUnmodifiableList ()Ljava/util/stream/Collector; 4 <appendix> argL0 ; # java/util/stream/Collectors$$Lambda+0x0000024a1c37a738
instanceKlass java/util/TreeMap$TreeMapSpliterator
instanceKlass com/microsoft/java/builder/BuildStateManager
instanceKlass ch/epfl/scala/bsp4j/BuildServer
instanceKlass com/microsoft/gradle/bs/importer/GradleBuildServerBuildSupport
instanceKlass org/eclipse/jdt/ls/core/internal/managers/InvisibleProjectPreferenceChangeListener
instanceKlass org/eclipse/jdt/ls/core/internal/managers/EclipseBuildSupport
instanceKlass org/eclipse/jdt/ls/core/internal/managers/MavenBuildSupport
instanceKlass org/eclipse/jdt/ls/core/internal/managers/GradlePreferenceChangeListener
instanceKlass org/eclipse/jdt/ls/core/internal/managers/GradleBuildSupport
instanceKlass org/eclipse/jdt/ls/core/internal/ExtensionsExtractor
instanceKlass  @bci org/eclipse/jdt/ls/core/internal/managers/BuildSupportManager find (Lorg/eclipse/core/resources/IProject;)Ljava/util/Optional; 4 <appendix> member <vmtarget> ; # org/eclipse/jdt/ls/core/internal/managers/BuildSupportManager$$Lambda+0x0000024a1c56eb10
instanceKlass org/eclipse/jdt/ls/core/internal/managers/IBuildSupport
instanceKlass org/eclipse/jdt/ls/core/internal/managers/BuildSupportManager
instanceKlass  @bci org/eclipse/jdt/ls/core/internal/managers/StandardProjectsManager deleteInvalidProjects (Ljava/util/Collection;Lorg/eclipse/core/runtime/IProgressMonitor;)V 6 <appendix> argL0 ; # org/eclipse/jdt/ls/core/internal/managers/StandardProjectsManager$$Lambda+0x0000024a1c56e4c0
instanceKlass  @bci org/eclipse/jdt/ls/core/internal/managers/ProjectsManager interruptAutoBuild ()Ljava/lang/Runnable; 23 <appendix> argL0 ; # org/eclipse/jdt/ls/core/internal/managers/ProjectsManager$$Lambda+0x0000024a1c56e2a0
instanceKlass org/eclipse/lsp4j/WorkDoneProgressEnd
instanceKlass  @bci org/eclipse/m2e/core/internal/embedder/MavenImpl getMirror (Lorg/apache/maven/artifact/repository/ArtifactRepository;)Lorg/apache/maven/settings/Mirror; 6 <appendix> member <vmtarget> ; # org/eclipse/m2e/core/internal/embedder/MavenImpl$$Lambda+0x0000024a1c558f38
instanceKlass  @bci org/eclipse/m2e/core/internal/embedder/MavenImpl addDefaultRepository (Ljava/util/List;)V 6 <appendix> argL0 ; # org/eclipse/m2e/core/internal/embedder/MavenImpl$$Lambda+0x0000024a1c558ce8
instanceKlass org/apache/commons/codec/CharEncoding
instanceKlass org/apache/commons/codec/binary/Hex
instanceKlass org/apache/commons/codec/BinaryDecoder
instanceKlass org/apache/commons/codec/Decoder
instanceKlass org/apache/commons/codec/BinaryEncoder
instanceKlass org/apache/commons/codec/Encoder
instanceKlass sun/security/provider/ByteArrayAccess$LE
instanceKlass org/apache/commons/codec/binary/StringUtils
instanceKlass org/apache/commons/codec/digest/DigestUtils
instanceKlass org/eclipse/jdt/ls/core/internal/JobHelpers$InitializeJobMatcher
instanceKlass  @bci org/eclipse/lsp4j/jsonrpc/RemoteEndpoint handleRequest (Lorg/eclipse/lsp4j/jsonrpc/messages/RequestMessage;)V 142 <appendix> member <vmtarget> ; # org/eclipse/lsp4j/jsonrpc/RemoteEndpoint$$Lambda+0x0000024a1c41d3f0
instanceKlass  @bci org/eclipse/lsp4j/jsonrpc/RemoteEndpoint handleRequest (Lorg/eclipse/lsp4j/jsonrpc/messages/RequestMessage;)V 132 <appendix> member <vmtarget> ; # org/eclipse/lsp4j/jsonrpc/RemoteEndpoint$$Lambda+0x0000024a1c41d1a8
instanceKlass org/eclipse/m2e/internal/maven/compat/ReadonlyMavenExecutionRequest
# instanceKlass java/lang/invoke/LambdaForm$MH+0x0000024a1c57c400
instanceKlass org/eclipse/m2e/core/internal/embedder/AbstractTransferListenerAdapter
instanceKlass org/eclipse/lsp4j/FileOperationPatternOptions
instanceKlass org/apache/maven/session/scope/internal/SessionScope$CachingProvider
instanceKlass org/eclipse/lsp4j/FileOperationPattern
instanceKlass  @bci org/apache/maven/session/scope/internal/SessionScope seed (Ljava/lang/Class;Ljava/lang/Object;)V 3 <appendix> member <vmtarget> ; # org/apache/maven/session/scope/internal/SessionScope$$Lambda+0x0000024a1c57a338
instanceKlass org/apache/maven/settings/RuntimeInfo
instanceKlass org/eclipse/lsp4j/FileOperationFilter
instanceKlass org/eclipse/lsp4j/FileOperationOptions
instanceKlass org/apache/maven/execution/DefaultMavenExecutionResult
instanceKlass org/eclipse/lsp4j/FileOperationsServerCapabilities
instanceKlass org/eclipse/aether/AbstractForwardingRepositorySystemSession
instanceKlass org/eclipse/aether/internal/impl/Utils
instanceKlass org/eclipse/aether/internal/impl/LocalPathPrefixComposerFactorySupport$LocalPathPrefixComposerSupport
instanceKlass org/eclipse/jdt/ls/core/internal/JobHelpers$RepositoryRegistryUpdateJobMatcher
instanceKlass  @bci org/eclipse/jdt/ls/core/internal/handlers/InitHandler$1 runInWorkspace (Lorg/eclipse/core/runtime/IProgressMonitor;)Lorg/eclipse/core/runtime/IStatus; 55 <appendix> argL0 ; # org/eclipse/jdt/ls/core/internal/handlers/InitHandler$1$$Lambda+0x0000024a1c56dc30
instanceKlass org/eclipse/aether/internal/impl/SimpleLocalRepositoryManager
instanceKlass org/eclipse/jdt/ls/internal/gradle/checksums/WrapperValidator
instanceKlass org/eclipse/aether/internal/impl/PrioritizedComponent
instanceKlass org/eclipse/lsp4j/WorkDoneProgressReport
instanceKlass org/eclipse/sisu/wire/EntrySetAdapter$ValueIterator
instanceKlass org/eclipse/aether/internal/impl/PrioritizedComponents
instanceKlass org/eclipse/lsp4j/adapters/WorkDoneProgressNotificationAdapter$1
instanceKlass  @bci org/eclipse/lsp4j/adapters/ProgressNotificationAdapter create (Lcom/google/gson/Gson;Lcom/google/gson/reflect/TypeToken;)Lcom/google/gson/TypeAdapter; 63 <appendix> argL0 ; # org/eclipse/lsp4j/adapters/ProgressNotificationAdapter$$Lambda+0x0000024a1c5766d0
instanceKlass  @bci java/util/function/Predicate or (Ljava/util/function/Predicate;)Ljava/util/function/Predicate; 7 <appendix> member <vmtarget> ; # java/util/function/Predicate$$Lambda+0x0000024a1c379588
instanceKlass  @cpi java/util/function/Predicate 78 form vmentry <vmtarget> ; # java/lang/invoke/LambdaForm$DMH+0x0000024a1c57c000
instanceKlass  @bci org/apache/maven/RepositoryUtils toRepos (Ljava/util/List;)Ljava/util/List; 18 <appendix> argL0 ; # org/apache/maven/RepositoryUtils$$Lambda+0x0000024a1c578210
instanceKlass org/eclipse/lsp4j/jsonrpc/json/adapters/EitherTypeAdapter$PropertyChecker
instanceKlass org/eclipse/aether/repository/RemoteRepository$Builder
instanceKlass org/eclipse/lsp4j/CompletionItemOptions
instanceKlass com/google/gson/JsonDeserializer
instanceKlass com/google/gson/JsonSerializer
instanceKlass org/eclipse/aether/util/ConfigUtils
instanceKlass org/eclipse/lsp4j/NotebookSelectorCell
instanceKlass org/eclipse/lsp4j/adapters/ProgressNotificationAdapter
instanceKlass org/eclipse/lsp4j/NotebookDocumentFilter
instanceKlass org/eclipse/lsp4j/WorkDoneProgressBegin
instanceKlass org/eclipse/lsp4j/NotebookSelector
instanceKlass org/eclipse/aether/util/repository/DefaultAuthenticationSelector
instanceKlass org/eclipse/aether/util/repository/DefaultProxySelector
instanceKlass org/eclipse/lsp4j/jsonrpc/RemoteEndpoint$PendingRequestInfo
instanceKlass org/eclipse/aether/util/repository/DefaultMirrorSelector
instanceKlass org/apache/maven/settings/crypto/DefaultSettingsDecryptionResult
instanceKlass jdk/internal/math/DoubleToDecimal
instanceKlass jdk/internal/math/FormattedFPDecimal
instanceKlass org/eclipse/lsp4j/DocumentOnTypeFormattingOptions
instanceKlass org/apache/maven/settings/crypto/DefaultSettingsDecryptionRequest
instanceKlass org/apache/maven/RepositoryUtils$MavenArtifactTypeRegistry
instanceKlass sun/nio/ch/WindowsAsynchronousFileChannelImpl$WriteTask
instanceKlass org/apache/maven/RepositoryUtils
instanceKlass org/eclipse/aether/util/repository/SimpleResolutionErrorPolicy
instanceKlass com/google/gson/annotations/Expose
instanceKlass org/eclipse/lsp4j/NotebookDocumentSyncRegistrationOptions
instanceKlass  @bci org/apache/maven/internal/aether/DefaultRepositorySystemSessionFactory getPropertiesFromRequestedProfiles (Lorg/apache/maven/execution/MavenExecutionRequest;)Ljava/util/Map; 59 <appendix> argL0 ; # org/apache/maven/internal/aether/DefaultRepositorySystemSessionFactory$$Lambda+0x0000024a1c56a308
instanceKlass  @bci org/apache/maven/internal/aether/DefaultRepositorySystemSessionFactory getPropertiesFromRequestedProfiles (Lorg/apache/maven/execution/MavenExecutionRequest;)Ljava/util/Map; 54 <appendix> argL0 ; # org/apache/maven/internal/aether/DefaultRepositorySystemSessionFactory$$Lambda+0x0000024a1c56a0c8
instanceKlass  @bci org/apache/maven/internal/aether/DefaultRepositorySystemSessionFactory getPropertiesFromRequestedProfiles (Lorg/apache/maven/execution/MavenExecutionRequest;)Ljava/util/Map; 49 <appendix> argL0 ; # org/apache/maven/internal/aether/DefaultRepositorySystemSessionFactory$$Lambda+0x0000024a1c569e88
instanceKlass  @bci org/apache/maven/internal/aether/DefaultRepositorySystemSessionFactory getPropertiesFromRequestedProfiles (Lorg/apache/maven/execution/MavenExecutionRequest;)Ljava/util/Map; 39 <appendix> argL0 ; # org/apache/maven/internal/aether/DefaultRepositorySystemSessionFactory$$Lambda+0x0000024a1c569c48
instanceKlass  @bci org/apache/maven/internal/aether/DefaultRepositorySystemSessionFactory getPropertiesFromRequestedProfiles (Lorg/apache/maven/execution/MavenExecutionRequest;)Ljava/util/Map; 29 <appendix> argL0 ; # org/apache/maven/internal/aether/DefaultRepositorySystemSessionFactory$$Lambda+0x0000024a1c569a08
instanceKlass  @bci org/apache/maven/internal/aether/DefaultRepositorySystemSessionFactory getPropertiesFromRequestedProfiles (Lorg/apache/maven/execution/MavenExecutionRequest;)Ljava/util/Map; 19 <appendix> member <vmtarget> ; # org/apache/maven/internal/aether/DefaultRepositorySystemSessionFactory$$Lambda+0x0000024a1c5697b0
instanceKlass org/eclipse/jdt/ls/core/internal/handlers/ProgressReporterManager$MulticastProgressReporter
instanceKlass com/google/gson/internal/Streams
instanceKlass org/eclipse/aether/util/repository/SimpleArtifactDescriptorPolicy
instanceKlass  @bci org/eclipse/lsp4j/jsonrpc/RemoteEndpoint handleRequest (Lorg/eclipse/lsp4j/jsonrpc/messages/RequestMessage;)V 121 <appendix> member <vmtarget> ; # org/eclipse/lsp4j/jsonrpc/RemoteEndpoint$$Lambda+0x0000024a1c41caf8
instanceKlass org/eclipse/aether/artifact/DefaultArtifactType
instanceKlass org/eclipse/aether/util/artifact/SimpleArtifactTypeRegistry
instanceKlass  @bci org/eclipse/jdt/ls/core/internal/handlers/SemanticTokensHandler legend ()Lorg/eclipse/lsp4j/SemanticTokensLegend; 37 <appendix> argL0 ; # org/eclipse/jdt/ls/core/internal/handlers/SemanticTokensHandler$$Lambda+0x0000024a1c56cfe8
instanceKlass org/eclipse/aether/util/graph/transformer/JavaDependencyContextRefiner
instanceKlass org/eclipse/aether/util/graph/transformer/ChainedDependencyGraphTransformer
instanceKlass  @bci org/eclipse/jdt/ls/core/internal/handlers/SemanticTokensHandler legend ()Lorg/eclipse/lsp4j/SemanticTokensLegend; 10 <appendix> argL0 ; # org/eclipse/jdt/ls/core/internal/handlers/SemanticTokensHandler$$Lambda+0x0000024a1c56c960
instanceKlass org/eclipse/jdt/core/dom/IBinding
instanceKlass org/eclipse/aether/util/graph/transformer/ConflictResolver
instanceKlass org/eclipse/lsp4j/SemanticTokensLegend
instanceKlass org/eclipse/aether/graph/Exclusion
instanceKlass org/eclipse/aether/util/graph/selector/ExclusionDependencySelector
instanceKlass org/eclipse/aether/util/graph/selector/OptionalDependencySelector
instanceKlass org/eclipse/jdt/ls/core/internal/handlers/SemanticTokensHandler
instanceKlass org/eclipse/aether/util/graph/selector/ScopeDependencySelector
instanceKlass org/eclipse/lsp4j/DocumentFilter
instanceKlass org/eclipse/aether/util/graph/selector/AndDependencySelector
instanceKlass org/eclipse/lsp4j/SemanticTokensServerFull
instanceKlass org/eclipse/aether/util/graph/manager/ClassicDependencyManager
instanceKlass org/eclipse/lsp4j/TextDocumentRegistrationOptions
instanceKlass org/eclipse/aether/util/graph/traverser/FatArtifactTraverser
instanceKlass org/eclipse/aether/DefaultSessionData
instanceKlass org/eclipse/aether/DefaultRepositorySystemSession$NullFileTransformerManager
instanceKlass org/eclipse/aether/transform/FileTransformerManager
instanceKlass org/eclipse/lsp4j/WorkspaceFoldersOptions
instanceKlass org/eclipse/aether/DefaultRepositorySystemSession$NullArtifactTypeRegistry
instanceKlass org/eclipse/aether/DefaultRepositorySystemSession$NullAuthenticationSelector
instanceKlass org/eclipse/lsp4j/WorkspaceServerCapabilities
instanceKlass org/eclipse/aether/DefaultRepositorySystemSession$NullProxySelector
instanceKlass org/eclipse/aether/DefaultRepositorySystemSession$NullMirrorSelector
instanceKlass org/eclipse/lsp4j/SaveOptions
instanceKlass org/eclipse/aether/SessionData
instanceKlass org/eclipse/aether/artifact/ArtifactTypeRegistry
instanceKlass org/eclipse/lsp4j/TextDocumentSyncOptions
instanceKlass org/apache/maven/repository/internal/MavenRepositorySystemUtils
instanceKlass org/eclipse/lsp4j/AbstractWorkDoneProgressOptions
instanceKlass org/eclipse/lsp4j/WorkDoneProgressOptions
instanceKlass org/apache/maven/graph/DefaultGraphBuilder$$FastClassByGuice$$201590867
instanceKlass jdk/internal/math/MathUtils
instanceKlass jdk/internal/math/FloatToDecimal
instanceKlass org/apache/maven/plugin/prefix/internal/DefaultPluginPrefixResolver$$FastClassByGuice$$201173580
instanceKlass org/apache/maven/plugin/CompoundMojoExecutionListener
instanceKlass org/apache/maven/plugin/DefaultBuildPluginManager$$FastClassByGuice$$199448278
instanceKlass org/apache/maven/lifecycle/internal/DefaultLifecycleTaskSegmentCalculator$$FastClassByGuice$$198418644
instanceKlass org/apache/maven/lifecycle/internal/DefaultExecutionEventCatapult$$FastClassByGuice$$197420185
instanceKlass org/apache/maven/project/DefaultProjectDependenciesResolver$$FastClassByGuice$$196641698
instanceKlass org/apache/maven/project/RepositorySessionDecorator
instanceKlass com/google/inject/internal/DelegatingInvocationHandler
instanceKlass org/apache/maven/artifact/repository/metadata/io/DefaultMetadataReader$$FastClassByGuice$$195395002
instanceKlass org/apache/maven/plugin/version/internal/DefaultPluginVersionResolver$$FastClassByGuice$$194053759
instanceKlass org/apache/maven/rtinfo/internal/DefaultRuntimeInformation$$FastClassByGuice$$193641345
instanceKlass org/apache/maven/plugin/DefaultPluginDescriptorCache$$FastClassByGuice$$192599872
instanceKlass org/apache/maven/plugin/internal/DefaultMavenPluginManager$$FastClassByGuice$$191256264
instanceKlass org/codehaus/plexus/classworlds/realm/Entry
instanceKlass org/apache/maven/classrealm/DefaultClassRealmRequest
instanceKlass org/eclipse/sisu/wire/EntryListAdapter$ValueIterator
instanceKlass org/apache/maven/project/DefaultProjectBuildingHelper$$FastClassByGuice$$189891703
instanceKlass org/apache/maven/project/DefaultProjectBuilder$$FastClassByGuice$$189724523
instanceKlass org/apache/maven/DefaultMaven$$FastClassByGuice$$188409603
instanceKlass org/apache/maven/properties/internal/SystemProperties
instanceKlass org/codehaus/plexus/util/Os
instanceKlass org/apache/maven/properties/internal/EnvironmentUtils
instanceKlass org/apache/maven/artifact/repository/layout/ArtifactRepositoryLayout2
instanceKlass org/apache/maven/artifact/repository/layout/DefaultRepositoryLayout$$FastClassByGuice$$187344579
instanceKlass org/apache/maven/repository/DefaultMirrorSelector$$FastClassByGuice$$185781766
instanceKlass org/apache/maven/repository/legacy/repository/DefaultArtifactRepositoryFactory$$FastClassByGuice$$185255588
instanceKlass org/eclipse/aether/artifact/ArtifactType
instanceKlass org/apache/maven/lifecycle/internal/DefaultLifecyclePluginAnalyzer$$FastClassByGuice$$184075866
instanceKlass  @bci org/eclipse/jdt/ls/core/internal/handlers/WorkspaceExecuteCommandHandler$DelegateCommandHandlerDescriptor <init> (Lorg/eclipse/core/runtime/IConfigurationElement;)V 59 <appendix> member <vmtarget> ; # org/eclipse/jdt/ls/core/internal/handlers/WorkspaceExecuteCommandHandler$DelegateCommandHandlerDescriptor$$Lambda+0x0000024a1c42f658
instanceKlass  @bci java/util/stream/Collectors mapMerger (Ljava/util/function/BinaryOperator;)Ljava/util/function/BinaryOperator; 1 <appendix> member <vmtarget> ; # java/util/stream/Collectors$$Lambda+0x0000024a1c378eb8
instanceKlass  @bci java/util/stream/Collectors toMap (Ljava/util/function/Function;Ljava/util/function/Function;Ljava/util/function/BinaryOperator;Ljava/util/function/Supplier;)Ljava/util/stream/Collector; 3 <appendix> member <vmtarget> ; # java/util/stream/Collectors$$Lambda+0x0000024a1c378c80
instanceKlass  @bci java/util/stream/Collectors toMap (Ljava/util/function/Function;Ljava/util/function/Function;Ljava/util/function/BinaryOperator;)Ljava/util/stream/Collector; 3 <appendix> argL0 ; # java/util/stream/Collectors$$Lambda+0x0000024a1c378a60
instanceKlass org/apache/maven/model/plugin/DefaultLifecycleBindingsInjector$$FastClassByGuice$$182610882
instanceKlass  @bci org/eclipse/jdt/ls/core/internal/handlers/WorkspaceExecuteCommandHandler getDelegateCommandHandlerDescriptors (Z)Ljava/util/Collection; 37 <appendix> argL0 ; # org/eclipse/jdt/ls/core/internal/handlers/WorkspaceExecuteCommandHandler$$Lambda+0x0000024a1c42f410
instanceKlass  @bci org/eclipse/jdt/ls/core/internal/handlers/WorkspaceExecuteCommandHandler getDelegateCommandHandlerDescriptors (Z)Ljava/util/Collection; 32 <appendix> argL0 ; # org/eclipse/jdt/ls/core/internal/handlers/WorkspaceExecuteCommandHandler$$Lambda+0x0000024a1c42f1d0
instanceKlass  @bci org/eclipse/jdt/ls/core/internal/handlers/WorkspaceExecuteCommandHandler getDelegateCommandHandlerDescriptors (Z)Ljava/util/Collection; 27 <appendix> argL0 ; # org/eclipse/jdt/ls/core/internal/handlers/WorkspaceExecuteCommandHandler$$Lambda+0x0000024a1c42ef90
instanceKlass org/eclipse/jdt/ls/core/internal/handlers/WorkspaceExecuteCommandHandler$DelegateCommandHandlerDescriptor
instanceKlass org/apache/commons/lang3/BooleanUtils
instanceKlass org/apache/maven/model/Contributor
instanceKlass org/apache/maven/model/PatternSet
instanceKlass org/apache/maven/model/merge/ModelMerger$KeyComputer
instanceKlass org/apache/maven/model/merge/ModelMerger$Remapping
instanceKlass  @bci org/eclipse/aether/internal/impl/synccontext/named/NamedLockFactoryAdapterFactoryImpl <init> (Ljava/util/Map;Ljava/lang/String;Ljava/util/Map;Ljava/lang/String;Lorg/eclipse/aether/impl/RepositorySystemLifecycle;)V 63 <appendix> member <vmtarget> ; # org/eclipse/aether/internal/impl/synccontext/named/NamedLockFactoryAdapterFactoryImpl$$Lambda+0x0000024a1c55f5a0
instanceKlass org/eclipse/lsp4j/ServerCapabilities
instanceKlass org/eclipse/sisu/wire/NamedIterableAdapter
instanceKlass org/eclipse/aether/internal/impl/DefaultUpdateCheckManager$1
instanceKlass org/apache/maven/repository/legacy/DefaultUpdateCheckManager$$FastClassByGuice$$181452139
instanceKlass org/apache/maven/repository/legacy/DefaultWagonManager$$FastClassByGuice$$180541416
instanceKlass org/apache/maven/artifact/repository/metadata/DefaultRepositoryMetadataManager$$FastClassByGuice$$179550195
instanceKlass org/apache/maven/project/artifact/DefaultMetadataSource$$FastClassByGuice$$179065023
instanceKlass org/apache/maven/artifact/resolver/DefaultResolutionErrorHandler$$FastClassByGuice$$178009092
instanceKlass org/apache/maven/plugin/internal/DefaultLegacySupport$$FastClassByGuice$$176464016
instanceKlass org/apache/maven/repository/legacy/resolver/conflict/NearestConflictResolver$$FastClassByGuice$$175961402
instanceKlass org/apache/maven/artifact/resolver/DefaultArtifactCollector$$FastClassByGuice$$174462155
instanceKlass org/apache/maven/artifact/resolver/DefaultArtifactResolver$DaemonThreadCreator
instanceKlass org/apache/maven/artifact/resolver/DefaultArtifactResolver$$FastClassByGuice$$173360906
instanceKlass org/apache/maven/artifact/factory/DefaultArtifactFactory$$FastClassByGuice$$172326128
instanceKlass org/apache/maven/repository/legacy/LegacyRepositorySystem$$FastClassByGuice$$171693413
instanceKlass  @bci java/util/stream/SortedOps$RefSortingSink end ()V 48 <appendix> member <vmtarget> ; # java/util/stream/SortedOps$RefSortingSink$$Lambda+0x0000024a1c378828
instanceKlass  @bci org/eclipse/jdt/ls/core/internal/handlers/BundleUtils getBundles (Ljava/lang/String;Lorg/osgi/framework/wiring/FrameworkWiring;)[Lorg/osgi/framework/Bundle; 152 <appendix> argL0 ; # org/eclipse/jdt/ls/core/internal/handlers/BundleUtils$$Lambda+0x0000024a1c42eb40
instanceKlass  @bci org/eclipse/jdt/ls/core/internal/handlers/BundleUtils getBundles (Ljava/lang/String;Lorg/osgi/framework/wiring/FrameworkWiring;)[Lorg/osgi/framework/Bundle; 142 <appendix> argL0 ; # org/eclipse/jdt/ls/core/internal/handlers/BundleUtils$$Lambda+0x0000024a1c42e8a8
instanceKlass  @bci org/eclipse/jdt/ls/core/internal/handlers/BundleUtils getBundles (Ljava/lang/String;Lorg/osgi/framework/wiring/FrameworkWiring;)[Lorg/osgi/framework/Bundle; 132 <appendix> argL0 ; # org/eclipse/jdt/ls/core/internal/handlers/BundleUtils$$Lambda+0x0000024a1c42e658
instanceKlass  @bci org/eclipse/jdt/ls/core/internal/handlers/BundleUtils getBundles (Ljava/lang/String;Lorg/osgi/framework/wiring/FrameworkWiring;)[Lorg/osgi/framework/Bundle; 122 <appendix> argL0 ; # org/eclipse/jdt/ls/core/internal/handlers/BundleUtils$$Lambda+0x0000024a1c42e418
instanceKlass org/eclipse/jdt/ls/core/internal/handlers/BundleUtils$BundleInfo
instanceKlass org/apache/maven/artifact/handler/manager/DefaultArtifactHandlerManager$$FastClassByGuice$$170003337
instanceKlass org/eclipse/sisu/inject/Guice4$2
instanceKlass org/eclipse/aether/DefaultRepositoryCache
instanceKlass org/apache/maven/execution/DefaultMavenExecutionRequest
instanceKlass  @bci org/eclipse/jdt/ls/core/internal/preferences/StandardPreferenceManager update (Lorg/eclipse/jdt/ls/core/internal/preferences/Preferences;)V 364 <appendix> argL0 ; # org/eclipse/jdt/ls/core/internal/preferences/StandardPreferenceManager$$Lambda+0x0000024a1c42dfb8
instanceKlass  @bci org/eclipse/m2e/core/internal/embedder/MavenExecutionContext newExecutionRequest ()Lorg/apache/maven/execution/MavenExecutionRequest; 125 <appendix> member <vmtarget> ; # org/eclipse/m2e/core/internal/embedder/MavenExecutionContext$$Lambda+0x0000024a1c558000
instanceKlass  @bci org/eclipse/m2e/core/internal/embedder/MavenExecutionContext newExecutionRequest ()Lorg/apache/maven/execution/MavenExecutionRequest; 111 <appendix> member <vmtarget> ; # org/eclipse/m2e/core/internal/embedder/MavenExecutionContext$$Lambda+0x0000024a1c554c48
instanceKlass  @bci org/eclipse/m2e/core/internal/embedder/MavenImpl getMirrors ()Ljava/util/List; 4 <appendix> argL0 ; # org/eclipse/m2e/core/internal/embedder/MavenImpl$$Lambda+0x0000024a1c554a28
instanceKlass  @bci org/eclipse/m2e/core/internal/embedder/MavenImpl getExecutionContext ()Lorg/eclipse/m2e/core/embedder/IMavenExecutionContext; 4 <appendix> member <vmtarget> ; # org/eclipse/m2e/core/internal/embedder/MavenImpl$$Lambda+0x0000024a1c554800
instanceKlass org/apache/maven/settings/building/DefaultSettingsBuildingResult
instanceKlass org/codehaus/plexus/util/xml/pull/EntityReplacementMap
instanceKlass org/apache/maven/settings/io/xpp3/SettingsXpp3Reader$1
instanceKlass org/apache/maven/settings/io/xpp3/SettingsXpp3Reader$ContentTransformer
instanceKlass org/apache/maven/settings/io/xpp3/SettingsXpp3Reader
instanceKlass org/codehaus/plexus/interpolation/SimpleRecursionInterceptor
instanceKlass org/apache/maven/settings/building/DefaultSettingsBuilder$1
instanceKlass org/codehaus/plexus/interpolation/os/OperatingSystemUtils$DefaultEnvVarSource
instanceKlass org/codehaus/plexus/interpolation/os/OperatingSystemUtils$EnvVarSource
instanceKlass org/codehaus/plexus/interpolation/os/OperatingSystemUtils
instanceKlass org/codehaus/plexus/interpolation/AbstractValueSource
instanceKlass org/codehaus/plexus/util/xml/pull/MXSerializer
instanceKlass org/apache/maven/settings/io/xpp3/SettingsXpp3Writer
instanceKlass org/codehaus/plexus/util/StringUtils
instanceKlass org/eclipse/sisu/inject/LazyBeanEntry$JsrNamed
instanceKlass org/eclipse/sisu/inject/LazyBeanEntry
instanceKlass javax/annotation/Priority
instanceKlass org/eclipse/sisu/inject/Implementations
instanceKlass org/eclipse/sisu/plexus/LazyPlexusBean
instanceKlass org/eclipse/sisu/inject/RankedSequence$Itr
instanceKlass org/eclipse/sisu/inject/RankedBindings$Itr
instanceKlass org/eclipse/sisu/inject/LocatedBeans$Itr
instanceKlass org/eclipse/sisu/plexus/RealmFilteredBeans$FilteredItr
instanceKlass org/eclipse/sisu/plexus/DefaultPlexusBeans$Itr
instanceKlass org/eclipse/sisu/plexus/DefaultPlexusBeans
instanceKlass org/eclipse/sisu/plexus/RealmFilteredBeans
instanceKlass org/eclipse/sisu/inject/BeanCache
instanceKlass org/eclipse/sisu/inject/LocatedBeans
instanceKlass org/eclipse/sisu/inject/MildElements$Indexable
instanceKlass org/eclipse/m2e/core/internal/embedder/PlexusContainerManager$2
instanceKlass org/eclipse/m2e/core/internal/embedder/LifecycleManagerDisposer
instanceKlass com/google/inject/internal/ProviderInternalFactory$1
instanceKlass com/google/inject/internal/ConstructorInjector$1
instanceKlass org/eclipse/sisu/inject/WatchedBeans
instanceKlass org/eclipse/sisu/inject/MildValues$ValueItr
instanceKlass org/eclipse/sisu/inject/InjectorBindings
instanceKlass com/google/inject/spi/ProvisionListener$ProvisionInvocation
instanceKlass com/google/inject/internal/MembersInjectorImpl$1
instanceKlass com/google/inject/internal/InternalContext
instanceKlass com/google/inject/internal/Initializer$1
instanceKlass com/google/common/collect/AbstractMapBasedMultimap$AsMap$AsMapIterator
instanceKlass org/codehaus/plexus/DefaultPlexusContainer$$FastClassByGuice$$169440150
instanceKlass org/eclipse/sisu/wire/TypeConverterCache$$FastClassByGuice$$167888071
instanceKlass com/google/inject/internal/SingleMethodInjector$1
instanceKlass org/eclipse/sisu/inject/DefaultBeanLocator$$FastClassByGuice$$167159170
instanceKlass com/google/inject/internal/InjectorImpl$MethodInvoker
instanceKlass com/google/inject/internal/SingleMethodInjector
instanceKlass org/eclipse/sisu/plexus/PlexusXmlBeanConverter$$FastClassByGuice$$166192609
instanceKlass org/eclipse/m2e/core/internal/embedder/EclipseRepositoryListener$$FastClassByGuice$$165010125
instanceKlass org/eclipse/m2e/core/internal/embedder/EclipseClassRealmManagerDelegate$$FastClassByGuice$$164566032
instanceKlass org/eclipse/m2e/core/internal/embedder/EclipseBuildContext$$FastClassByGuice$$163200848
instanceKlass org/eclipse/m2e/core/internal/project/registry/EclipsePluginDependenciesResolver$$FastClassByGuice$$161677505
instanceKlass org/eclipse/m2e/core/internal/project/EclipsePluginArtifactsCache$$FastClassByGuice$$161282447
instanceKlass org/eclipse/m2e/core/internal/project/EclipsePluginRealmCache$$FastClassByGuice$$159685282
instanceKlass org/eclipse/m2e/core/internal/project/EclipseProjectRealmCache$$FastClassByGuice$$159052523
instanceKlass org/eclipse/m2e/core/internal/project/EclipseExtensionRealmCache$$FastClassByGuice$$157995931
instanceKlass org/eclipse/m2e/core/internal/project/EclipseMavenMetadataCache$$FastClassByGuice$$156512313
instanceKlass org/sonatype/plexus/components/sec/dispatcher/DefaultSecDispatcher$$FastClassByGuice$$155292218
instanceKlass org/sonatype/plexus/components/cipher/DefaultPlexusCipher$$FastClassByGuice$$154460308
instanceKlass org/codehaus/plexus/build/DefaultBuildContext$$FastClassByGuice$$154033286
instanceKlass org/codehaus/plexus/component/configurator/MapOrientedComponentConfigurator$$FastClassByGuice$$152109103
instanceKlass org/codehaus/plexus/component/configurator/BasicComponentConfigurator$$FastClassByGuice$$151199114
instanceKlass org/apache/maven/settings/validation/DefaultSettingsValidator$$FastClassByGuice$$150182346
instanceKlass org/apache/maven/settings/io/DefaultSettingsWriter$$FastClassByGuice$$149471630
instanceKlass org/apache/maven/settings/io/DefaultSettingsReader$$FastClassByGuice$$148562866
instanceKlass org/apache/maven/settings/crypto/DefaultSettingsDecrypter$$FastClassByGuice$$147308355
instanceKlass org/apache/maven/settings/building/DefaultSettingsBuilder$$FastClassByGuice$$145921012
instanceKlass org/eclipse/aether/transport/wagon/WagonTransporterFactory$$FastClassByGuice$$145199815
instanceKlass org/eclipse/aether/internal/transport/wagon/PlexusWagonProvider$$FastClassByGuice$$144100592
instanceKlass org/eclipse/aether/internal/transport/wagon/PlexusWagonConfigurator$$FastClassByGuice$$143189349
instanceKlass org/eclipse/aether/transport/http/XChecksumChecksumExtractor$$FastClassByGuice$$141765061
instanceKlass org/eclipse/aether/transport/http/Nexus2ChecksumExtractor$$FastClassByGuice$$141113266
instanceKlass org/eclipse/aether/transport/http/HttpTransporterFactory$$FastClassByGuice$$139795578
instanceKlass org/eclipse/aether/transport/file/FileTransporterFactory$$FastClassByGuice$$138840879
instanceKlass org/apache/maven/repository/internal/VersionsMetadataGeneratorFactory$$FastClassByGuice$$137608657
instanceKlass org/apache/maven/repository/internal/SnapshotMetadataGeneratorFactory$$FastClassByGuice$$137050233
instanceKlass org/apache/maven/repository/internal/PluginsMetadataGeneratorFactory$$FastClassByGuice$$135646495
instanceKlass org/apache/maven/repository/internal/DefaultVersionResolver$$FastClassByGuice$$134594994
instanceKlass org/apache/maven/repository/internal/DefaultVersionRangeResolver$$FastClassByGuice$$134107911
instanceKlass org/apache/maven/repository/internal/DefaultModelCacheFactory$$FastClassByGuice$$132743292
instanceKlass org/apache/maven/repository/internal/DefaultArtifactDescriptorReader$$FastClassByGuice$$131815161
instanceKlass org/eclipse/aether/named/providers/NoopNamedLockFactory$$FastClassByGuice$$130094502
instanceKlass org/eclipse/aether/named/providers/LocalSemaphoreNamedLockFactory$$FastClassByGuice$$129449204
instanceKlass org/eclipse/aether/named/providers/LocalReadWriteLockNamedLockFactory$$FastClassByGuice$$128811460
instanceKlass org/eclipse/aether/named/providers/FileLockNamedLockFactory$$FastClassByGuice$$127106044
instanceKlass org/eclipse/aether/internal/impl/synccontext/named/providers/StaticNameMapperProvider$$FastClassByGuice$$125917623
instanceKlass org/eclipse/aether/internal/impl/synccontext/named/providers/GAVNameMapperProvider$$FastClassByGuice$$125250331
instanceKlass org/eclipse/aether/internal/impl/synccontext/named/providers/GAECVNameMapperProvider$$FastClassByGuice$$124104537
instanceKlass org/eclipse/aether/internal/impl/synccontext/named/providers/FileStaticNameMapperProvider$$FastClassByGuice$$123559014
instanceKlass org/eclipse/aether/internal/impl/synccontext/named/providers/FileHashingGAVNameMapperProvider$$FastClassByGuice$$121942133
instanceKlass org/eclipse/aether/internal/impl/synccontext/named/providers/FileHashingGAECVNameMapperProvider$$FastClassByGuice$$121074322
instanceKlass org/eclipse/aether/internal/impl/synccontext/named/providers/FileGAVNameMapperProvider$$FastClassByGuice$$120489331
instanceKlass org/eclipse/aether/internal/impl/synccontext/named/providers/FileGAECVNameMapperProvider$$FastClassByGuice$$118538907
instanceKlass org/eclipse/aether/internal/impl/synccontext/named/providers/DiscriminatingNameMapperProvider$$FastClassByGuice$$118295064
instanceKlass org/eclipse/aether/internal/impl/synccontext/named/NamedLockFactoryAdapterFactoryImpl$$FastClassByGuice$$116704309
instanceKlass org/eclipse/aether/internal/impl/synccontext/legacy/DefaultSyncContextFactory$$FastClassByGuice$$116072028
instanceKlass org/eclipse/aether/internal/impl/synccontext/DefaultSyncContextFactory$$FastClassByGuice$$114661640
instanceKlass org/eclipse/aether/internal/impl/slf4j/Slf4jLoggerFactory$$FastClassByGuice$$114176783
instanceKlass org/eclipse/aether/internal/impl/resolution/TrustedChecksumsArtifactResolverPostProcessor$$FastClassByGuice$$113036174
instanceKlass org/eclipse/aether/internal/impl/filter/PrefixesRemoteRepositoryFilterSource$$FastClassByGuice$$112114502
instanceKlass org/eclipse/aether/internal/impl/filter/GroupIdRemoteRepositoryFilterSource$$FastClassByGuice$$110185904
instanceKlass org/eclipse/aether/internal/impl/filter/DefaultRemoteRepositoryFilterManager$$FastClassByGuice$$109237182
instanceKlass org/eclipse/aether/internal/impl/collect/df/DfDependencyCollector$$FastClassByGuice$$108644807
instanceKlass org/eclipse/aether/internal/impl/collect/bf/BfDependencyCollector$$FastClassByGuice$$107630870
instanceKlass org/eclipse/aether/internal/impl/collect/DefaultDependencyCollector$$FastClassByGuice$$106709373
instanceKlass org/eclipse/aether/internal/impl/checksum/TrustedToProvidedChecksumsSourceAdapter$$FastClassByGuice$$105576664
instanceKlass org/eclipse/aether/internal/impl/checksum/SummaryFileTrustedChecksumsSource$$FastClassByGuice$$104115677
instanceKlass org/eclipse/aether/internal/impl/checksum/SparseDirectoryTrustedChecksumsSource$$FastClassByGuice$$102839382
instanceKlass org/eclipse/aether/internal/impl/checksum/Sha512ChecksumAlgorithmFactory$$FastClassByGuice$$102489655
instanceKlass org/eclipse/aether/internal/impl/checksum/Sha256ChecksumAlgorithmFactory$$FastClassByGuice$$101707045
instanceKlass org/eclipse/aether/internal/impl/checksum/Sha1ChecksumAlgorithmFactory$$FastClassByGuice$$100649663
instanceKlass  @bci com/google/inject/internal/aop/ImmutableStringTrie buildTrie (Ljava/util/Collection;)Ljava/util/function/ToIntFunction; 38 <appendix> argL0 ; # com/google/inject/internal/aop/ImmutableStringTrie$$Lambda+0x0000024a1c540af0
instanceKlass org/eclipse/aether/internal/impl/checksum/Md5ChecksumAlgorithmFactory$$FastClassByGuice$$98679962
instanceKlass org/eclipse/aether/internal/impl/checksum/DefaultChecksumAlgorithmFactorySelector$$FastClassByGuice$$98315980
instanceKlass org/eclipse/aether/internal/impl/SimpleLocalRepositoryManagerFactory$$FastClassByGuice$$97312372
instanceKlass org/eclipse/aether/internal/impl/Maven2RepositoryLayoutFactory$$FastClassByGuice$$96304220
instanceKlass org/eclipse/aether/internal/impl/LoggerFactoryProvider$$FastClassByGuice$$95110324
instanceKlass org/eclipse/aether/internal/impl/EnhancedLocalRepositoryManagerFactory$$FastClassByGuice$$93869064
instanceKlass org/eclipse/aether/internal/impl/DefaultUpdatePolicyAnalyzer$$FastClassByGuice$$92488425
instanceKlass org/eclipse/aether/internal/impl/DefaultUpdateCheckManager$$FastClassByGuice$$91455273
instanceKlass org/eclipse/aether/internal/impl/DefaultTransporterProvider$$FastClassByGuice$$90746214
instanceKlass org/eclipse/aether/internal/impl/DefaultTrackingFileManager$$FastClassByGuice$$89234743
instanceKlass org/eclipse/aether/internal/impl/DefaultRepositorySystemLifecycle$$FastClassByGuice$$88783247
instanceKlass org/eclipse/aether/internal/impl/DefaultRepositorySystem$$FastClassByGuice$$87204747
instanceKlass org/eclipse/aether/internal/impl/DefaultRepositoryLayoutProvider$$FastClassByGuice$$86215664
instanceKlass org/eclipse/aether/internal/impl/DefaultRepositoryEventDispatcher$$FastClassByGuice$$85251960
instanceKlass org/eclipse/aether/internal/impl/DefaultRepositoryConnectorProvider$$FastClassByGuice$$84851786
instanceKlass org/eclipse/aether/internal/impl/DefaultRemoteRepositoryManager$$FastClassByGuice$$83353870
instanceKlass org/eclipse/aether/internal/impl/DefaultOfflineController$$FastClassByGuice$$82433077
instanceKlass org/eclipse/aether/internal/impl/DefaultMetadataResolver$$FastClassByGuice$$81769190
instanceKlass org/eclipse/aether/internal/impl/DefaultLocalRepositoryProvider$$FastClassByGuice$$80313552
instanceKlass org/eclipse/aether/internal/impl/DefaultLocalPathPrefixComposerFactory$$FastClassByGuice$$79347714
instanceKlass org/eclipse/aether/internal/impl/DefaultLocalPathComposer$$FastClassByGuice$$78493562
instanceKlass org/eclipse/aether/internal/impl/DefaultInstaller$$FastClassByGuice$$77255126
instanceKlass org/eclipse/aether/internal/impl/DefaultFileProcessor$$FastClassByGuice$$75580281
instanceKlass org/eclipse/aether/internal/impl/DefaultDeployer$$FastClassByGuice$$74864437
instanceKlass org/eclipse/aether/internal/impl/DefaultChecksumPolicyProvider$$FastClassByGuice$$74263910
instanceKlass org/eclipse/aether/internal/impl/DefaultArtifactResolver$$FastClassByGuice$$73237896
instanceKlass org/eclipse/aether/connector/basic/BasicRepositoryConnectorFactory$$FastClassByGuice$$72252682
instanceKlass org/apache/maven/model/validation/DefaultModelValidator$$FastClassByGuice$$71249712
instanceKlass org/apache/maven/model/superpom/DefaultSuperPomProvider$$FastClassByGuice$$70028033
instanceKlass org/apache/maven/model/profile/activation/PropertyProfileActivator$$FastClassByGuice$$68636363
instanceKlass org/apache/maven/model/profile/activation/OperatingSystemProfileActivator$$FastClassByGuice$$68100502
instanceKlass org/apache/maven/model/profile/activation/JdkVersionProfileActivator$$FastClassByGuice$$67018574
instanceKlass org/apache/maven/model/profile/activation/FileProfileActivator$$FastClassByGuice$$65075419
instanceKlass org/apache/maven/model/profile/DefaultProfileSelector$$FastClassByGuice$$64870821
instanceKlass org/apache/maven/model/profile/DefaultProfileInjector$$FastClassByGuice$$63210735
instanceKlass org/apache/maven/model/plugin/DefaultReportingConverter$$FastClassByGuice$$62327723
instanceKlass org/apache/maven/model/plugin/DefaultReportConfigurationExpander$$FastClassByGuice$$61394545
instanceKlass org/apache/maven/model/plugin/DefaultPluginConfigurationExpander$$FastClassByGuice$$60086583
instanceKlass org/apache/maven/model/path/ProfileActivationFilePathInterpolator$$FastClassByGuice$$59596055
instanceKlass org/apache/maven/model/path/DefaultUrlNormalizer$$FastClassByGuice$$57829798
instanceKlass org/apache/maven/model/path/DefaultPathTranslator$$FastClassByGuice$$57170272
instanceKlass org/apache/maven/model/path/DefaultModelUrlNormalizer$$FastClassByGuice$$55974349
instanceKlass org/apache/maven/model/path/DefaultModelPathTranslator$$FastClassByGuice$$54794142
instanceKlass org/apache/maven/model/normalization/DefaultModelNormalizer$$FastClassByGuice$$53977560
instanceKlass org/apache/maven/model/management/DefaultPluginManagementInjector$$FastClassByGuice$$52789641
instanceKlass org/apache/maven/model/management/DefaultDependencyManagementInjector$$FastClassByGuice$$51891718
instanceKlass org/apache/maven/model/locator/DefaultModelLocator$$FastClassByGuice$$51308940
instanceKlass org/apache/maven/model/io/DefaultModelWriter$$FastClassByGuice$$50061251
instanceKlass org/apache/maven/model/io/DefaultModelReader$$FastClassByGuice$$49229668
instanceKlass org/apache/maven/model/interpolation/StringVisitorModelInterpolator$$FastClassByGuice$$47985082
instanceKlass org/apache/maven/model/interpolation/DefaultModelVersionProcessor$$FastClassByGuice$$46854212
instanceKlass org/apache/maven/model/inheritance/DefaultInheritanceAssembler$$FastClassByGuice$$45092459
instanceKlass org/apache/maven/model/composition/DefaultDependencyManagementImporter$$FastClassByGuice$$44711965
instanceKlass org/apache/maven/model/building/DefaultModelProcessor$$FastClassByGuice$$43958423
instanceKlass org/apache/maven/model/building/DefaultModelBuilder$$FastClassByGuice$$41967132
instanceKlass org/apache/maven/cli/internal/BootstrapCoreExtensionManager$$FastClassByGuice$$41590128
instanceKlass org/apache/maven/cli/configuration/SettingsXmlConfigurationProcessor$$FastClassByGuice$$40866296
instanceKlass org/apache/maven/toolchain/io/DefaultToolchainsWriter$$FastClassByGuice$$39675154
instanceKlass org/apache/maven/toolchain/io/DefaultToolchainsReader$$FastClassByGuice$$38536935
instanceKlass org/apache/maven/toolchain/building/DefaultToolchainsBuilder$$FastClassByGuice$$37314246
instanceKlass org/apache/maven/plugin/internal/ReadOnlyPluginParametersValidator$$FastClassByGuice$$36066106
instanceKlass org/apache/maven/plugin/internal/PlexusContainerDefaultDependenciesValidator$$FastClassByGuice$$35335536
instanceKlass org/apache/maven/plugin/internal/MavenScopeDependenciesValidator$$FastClassByGuice$$34513911
instanceKlass org/apache/maven/plugin/internal/MavenPluginMavenPrerequisiteChecker$$FastClassByGuice$$33032114
instanceKlass org/apache/maven/plugin/internal/MavenPluginJavaPrerequisiteChecker$$FastClassByGuice$$31544480
instanceKlass org/apache/maven/plugin/internal/MavenMixedDependenciesValidator$$FastClassByGuice$$31078907
instanceKlass org/apache/maven/plugin/internal/Maven3CompatDependenciesValidator$$FastClassByGuice$$29920267
instanceKlass org/apache/maven/plugin/internal/Maven2DependenciesValidator$$FastClassByGuice$$28515558
instanceKlass org/apache/maven/plugin/internal/DeprecatedPluginValidator$$FastClassByGuice$$27432448
instanceKlass org/apache/maven/plugin/internal/DeprecatedCoreExpressionValidator$$FastClassByGuice$$27012207
instanceKlass org/apache/maven/plugin/internal/DefaultPluginValidationManager$$FastClassByGuice$$25331412
instanceKlass org/apache/maven/plugin/DefaultMojosExecutionStrategy$$FastClassByGuice$$24354532
instanceKlass org/apache/maven/lifecycle/internal/LifecycleDependencyResolver$$FastClassByGuice$$23520867
instanceKlass org/apache/maven/lifecycle/internal/DefaultProjectArtifactFactory$$FastClassByGuice$$22343705
instanceKlass org/apache/maven/internal/aether/ResolverLifecycle$$FastClassByGuice$$21597513
instanceKlass com/google/inject/internal/InjectorImpl$SyntheticProviderBindingImpl$1
instanceKlass com/google/inject/internal/InjectorImpl$1
instanceKlass org/apache/maven/internal/aether/DefaultRepositorySystemSessionFactory$$FastClassByGuice$$19974048
instanceKlass com/google/inject/internal/SingleFieldInjector
instanceKlass org/apache/maven/extension/internal/CoreExportsProvider$$FastClassByGuice$$19599737
instanceKlass org/apache/maven/execution/DefaultMavenExecutionRequestPopulator$$FastClassByGuice$$18146743
instanceKlass org/apache/maven/classrealm/DefaultClassRealmManager$$FastClassByGuice$$17049246
instanceKlass org/apache/maven/ReactorReader$$FastClassByGuice$$16571262
instanceKlass org/apache/maven/DefaultArtifactFilterManager$$FastClassByGuice$$15347589
instanceKlass com/google/inject/internal/SingleParameterInjector
instanceKlass org/eclipse/m2e/internal/maven/listener/M2EMavenBuildDataBridge$$FastClassByGuice$$14067623
instanceKlass org/apache/maven/lifecycle/internal/LifecyclePluginResolver$$FastClassByGuice$$12594355
instanceKlass org/apache/maven/lifecycle/internal/builder/BuilderCommon$$FastClassByGuice$$12092316
instanceKlass org/apache/maven/bridge/MavenRepositorySystem$$FastClassByGuice$$11521461
instanceKlass org/apache/maven/lifecycle/Lifecycle$$FastClassByGuice$$9975306
instanceKlass org/eclipse/sisu/plexus/PlexusConfigurations$ConfigurationProvider
instanceKlass org/apache/maven/lifecycle/DefaultLifecycles$$FastClassByGuice$$9250461
instanceKlass org/apache/maven/lifecycle/internal/MojoExecutor$$FastClassByGuice$$7728437
instanceKlass org/apache/maven/lifecycle/internal/MojoDescriptorCreator$$FastClassByGuice$$6411425
instanceKlass org/apache/maven/lifecycle/internal/BuildListCalculator$$FastClassByGuice$$5618798
instanceKlass org/apache/maven/lifecycle/internal/LifecycleStarter$$FastClassByGuice$$5042610
instanceKlass org/apache/maven/lifecycle/internal/LifecycleDebugLogger$$FastClassByGuice$$3710752
instanceKlass org/apache/maven/eventspy/internal/EventSpyDispatcher$$FastClassByGuice$$2839081
instanceKlass org/eclipse/sisu/PreDestroy
instanceKlass org/eclipse/sisu/PostConstruct
instanceKlass org/apache/maven/lifecycle/internal/LifecycleModuleBuilder$$FastClassByGuice$$1055203
instanceKlass org/eclipse/sisu/bean/BeanPropertySetter
instanceKlass com/google/inject/internal/ProxyFactory
instanceKlass com/google/common/collect/TransformedIterator
instanceKlass  @bci com/google/inject/internal/ConstructorInjectorStore createConstructor (Lcom/google/inject/spi/InjectionPoint;Lcom/google/inject/internal/Errors;)Lcom/google/inject/internal/ConstructorInjector; 62 <appendix> argL0 ; # com/google/inject/internal/ConstructorInjectorStore$$Lambda+0x0000024a1c52d830
instanceKlass com/google/inject/spi/InterceptorBinding
instanceKlass com/google/inject/internal/MethodAspect
instanceKlass com/google/inject/internal/MembersInjectorImpl
instanceKlass org/eclipse/sisu/bean/BeanInjector
instanceKlass org/eclipse/sisu/plexus/PlexusLifecycleManager$2
instanceKlass org/eclipse/sisu/bean/PropertyBinder$1
instanceKlass org/eclipse/sisu/plexus/ProvidedPropertyBinding
instanceKlass org/eclipse/sisu/plexus/PlexusRequirements$AbstractRequirementProvider
instanceKlass org/eclipse/sisu/bean/BeanPropertyField
instanceKlass org/eclipse/sisu/bean/DeclaredMembers$MemberIterator
instanceKlass org/eclipse/sisu/bean/BeanPropertyIterator
instanceKlass org/eclipse/sisu/bean/DeclaredMembers
instanceKlass org/eclipse/sisu/bean/IgnoreSetters
instanceKlass org/eclipse/sisu/bean/BeanProperties
instanceKlass org/eclipse/sisu/plexus/PlexusRequirements
instanceKlass org/eclipse/sisu/plexus/PlexusConfigurations
instanceKlass org/eclipse/sisu/plexus/PlexusPropertyBinder
instanceKlass org/eclipse/sisu/bean/BeanLifecycle
instanceKlass com/google/inject/internal/EncounterImpl
instanceKlass  @bci com/google/inject/internal/AbstractBindingProcessor$Processor scheduleInitialization (Lcom/google/inject/internal/BindingImpl;)V 9 <appendix> member <vmtarget> ; # com/google/inject/internal/AbstractBindingProcessor$Processor$$Lambda+0x0000024a1c528df0
instanceKlass  @bci org/apache/maven/session/scope/internal/SessionScope scope (Lcom/google/inject/Key;Lcom/google/inject/Provider;)Lcom/google/inject/Provider; 3 <appendix> member <vmtarget> ; # org/apache/maven/session/scope/internal/SessionScope$$Lambda+0x0000024a1c528bb0
instanceKlass org/apache/maven/execution/scope/internal/MojoExecutionScope$2
instanceKlass com/google/inject/internal/ProviderInternalFactory
instanceKlass com/google/inject/internal/InternalProviderInstanceBindingImpl$Factory
instanceKlass com/google/inject/internal/FactoryProxy
instanceKlass com/google/inject/internal/InternalFactoryToProviderAdapter
instanceKlass com/google/inject/internal/ConstructionContext
instanceKlass com/google/inject/internal/SingletonScope$1
instanceKlass com/google/inject/internal/ProviderToInternalFactoryAdapter
instanceKlass com/google/inject/internal/CycleDetectingLock$CycleDetectingLockFactory$ReentrantCycleDetectingLock
instanceKlass com/google/inject/internal/Initializer$InjectableReference
instanceKlass com/google/inject/internal/ProvisionListenerStackCallback
instanceKlass com/google/inject/internal/ProvisionListenerCallbackStore$KeyBinding
instanceKlass com/google/inject/internal/util/Classes
instanceKlass com/google/inject/spi/ExposedBinding
instanceKlass com/google/inject/internal/CreationListener
instanceKlass com/google/inject/internal/InjectorShell$LoggerFactory
instanceKlass com/google/inject/internal/InjectorShell$InjectorFactory
instanceKlass com/google/inject/internal/Initializables$1
instanceKlass com/google/inject/internal/Initializables
instanceKlass com/google/inject/internal/ConstantFactory
instanceKlass com/google/inject/internal/InjectorShell
instanceKlass com/google/inject/internal/ProvisionListenerCallbackStore
instanceKlass com/google/inject/spi/TypeEncounter
instanceKlass com/google/inject/internal/SingleMemberInjector
instanceKlass com/google/inject/internal/MembersInjectorStore
instanceKlass com/google/inject/internal/TypeConverterBindingProcessor$4
instanceKlass com/google/inject/internal/TypeConverterBindingProcessor$2
instanceKlass com/google/inject/internal/TypeConverterBindingProcessor$1
instanceKlass com/google/inject/internal/TypeConverterBindingProcessor$5
instanceKlass com/google/inject/internal/FailableCache
instanceKlass com/google/inject/internal/ConstructorInjectorStore
instanceKlass com/google/inject/internal/DeferredLookups
instanceKlass com/google/inject/spi/ProviderBinding
instanceKlass com/google/inject/spi/ConvertedConstantBinding
instanceKlass com/google/inject/internal/InjectorImpl
instanceKlass com/google/inject/internal/Lookups
instanceKlass com/google/inject/internal/InjectorImpl$InjectorOptions
instanceKlass  @bci com/google/inject/internal/AbstractProcessor process (Lcom/google/inject/internal/InjectorImpl;Ljava/util/List;)V 13 <appendix> member <vmtarget> ; # com/google/inject/internal/AbstractProcessor$$Lambda+0x0000024a1c51fb80
instanceKlass  @bci com/google/inject/spi/BindingSourceRestriction check (Lcom/google/inject/internal/GuiceInternal;Ljava/util/List;)Lcom/google/common/collect/ImmutableList; 11 <appendix> argL0 ; # com/google/inject/spi/BindingSourceRestriction$$Lambda+0x0000024a1c51f298
instanceKlass org/eclipse/sisu/wire/PlaceholderBeanProvider
instanceKlass org/eclipse/sisu/wire/BeanProviders$3
instanceKlass org/sonatype/inject/BeanEntry
instanceKlass org/eclipse/sisu/BeanEntry
instanceKlass com/google/inject/internal/ProvisionListenerStackCallback$ProvisionCallback
instanceKlass com/google/inject/internal/ConstructorInjector
instanceKlass com/google/inject/internal/DefaultConstructionProxyFactory$FastClassProxy
instanceKlass  @bci com/google/inject/internal/aop/AbstractGlueGenerator lambda$bindSignaturesToInvokers$0 (Ljava/lang/invoke/MethodHandle;Ljava/util/function/ToIntFunction;Ljava/lang/String;)Ljava/util/function/BiFunction; 8 <adapter> ; # java/lang/invoke/LambdaForm$MH+0x0000024a1c51b000
instanceKlass  @bci com/google/inject/internal/aop/AbstractGlueGenerator bindSignaturesToInvokers (Ljava/util/function/ToIntFunction;Ljava/lang/invoke/MethodHandle;)Ljava/util/function/Function; 13 <appendix> member <vmtarget> ; # com/google/inject/internal/aop/AbstractGlueGenerator$$Lambda+0x0000024a1c51d980
instanceKlass com/google/inject/internal/aop/ImmutableStringTrie
instanceKlass org/apache/maven/plugin/internal/DefaultPluginDependenciesResolver$$FastClassByGuice$$815791
instanceKlass com/google/inject/internal/aop/GeneratedClassDefiner
# instanceKlass java/lang/ClassLoader$$DefineAccessByGuice$$+0x0000024a1c51ac00
instanceKlass jdk/internal/org/objectweb/asm/ClassReader
# instanceKlass java/lang/invoke/LambdaForm$MH+0x0000024a1c51a800
# instanceKlass java/lang/invoke/LambdaForm$MH+0x0000024a1c51a400
# instanceKlass java/lang/invoke/LambdaForm$MH+0x0000024a1c51a000
# instanceKlass java/lang/invoke/LambdaForm$MH+0x0000024a1c519c00
# instanceKlass java/lang/invoke/LambdaForm$MH+0x0000024a1c519800
# instanceKlass java/lang/invoke/LambdaForm$MH+0x0000024a1c519400
# instanceKlass java/lang/invoke/LambdaForm$MH+0x0000024a1c519000
instanceKlass  @bci com/google/inject/internal/aop/UnsafeClassDefiner$ClassLoaderDefineClassHolder <clinit> ()V 0 <appendix> argL0 ; # com/google/inject/internal/aop/UnsafeClassDefiner$ClassLoaderDefineClassHolder$$Lambda+0x0000024a1c51d0e0
instanceKlass com/google/inject/internal/aop/UnsafeClassDefiner$ClassLoaderDefineClassHolder
instanceKlass com/google/inject/internal/aop/BytecodeTasks
instanceKlass  @bci com/google/inject/internal/aop/AbstractGlueGenerator generateTrampoline (Lorg/objectweb/asm/ClassWriter;Ljava/util/Collection;)V 30 <appendix> argL0 ; # com/google/inject/internal/aop/AbstractGlueGenerator$$Lambda+0x0000024a1c51cab0
instanceKlass org/objectweb/asm/Handle
instanceKlass org/objectweb/asm/Label
instanceKlass com/google/inject/internal/aop/AbstractGlueGenerator
instanceKlass  @bci com/google/inject/internal/aop/ClassBuilding buildFastClass (Ljava/lang/Class;)Ljava/util/function/Function; 20 <appendix> member <vmtarget> ; # com/google/inject/internal/aop/ClassBuilding$$Lambda+0x0000024a1c517a88
instanceKlass  @bci com/google/inject/internal/aop/ClassBuilding buildFastClass (Ljava/lang/Class;)Ljava/util/function/Function; 10 <appendix> member <vmtarget> ; # com/google/inject/internal/aop/ClassBuilding$$Lambda+0x0000024a1c517850
instanceKlass org/objectweb/asm/Type
# instanceKlass java/lang/invoke/LambdaForm$MH+0x0000024a1c518c00
# instanceKlass java/lang/invoke/LambdaForm$MH+0x0000024a1c518800
# instanceKlass java/lang/invoke/LambdaForm$MH+0x0000024a1c518400
# instanceKlass java/lang/invoke/LambdaForm$MH+0x0000024a1c518000
instanceKlass  @bci com/google/inject/internal/aop/UnsafeClassDefiner <clinit> ()V 29 <appendix> argL0 ; # com/google/inject/internal/aop/UnsafeClassDefiner$$Lambda+0x0000024a1c517420
instanceKlass com/google/inject/internal/aop/HiddenClassDefiner
instanceKlass sun/misc/Unsafe
instanceKlass  @bci com/google/inject/internal/aop/UnsafeClassDefiner <clinit> ()V 11 <appendix> argL0 ; # com/google/inject/internal/aop/UnsafeClassDefiner$$Lambda+0x0000024a1c516fe0
instanceKlass com/google/inject/internal/aop/AnonymousClassDefiner
instanceKlass com/google/inject/internal/aop/UnsafeClassDefiner
instanceKlass com/google/inject/internal/aop/ClassDefining$ClassDefinerHolder
instanceKlass com/google/inject/internal/aop/ClassDefiner
instanceKlass com/google/inject/internal/aop/ClassDefining
instanceKlass  @bci com/google/inject/internal/aop/ClassBuilding getOverridableObjectMethods ()[Ljava/lang/reflect/Method; 15 <appendix> member <vmtarget> ; # com/google/inject/internal/aop/ClassBuilding$$Lambda+0x0000024a1c516358
instanceKlass  @bci com/google/inject/internal/BytecodeGen <clinit> ()V 25 <appendix> argL0 ; # com/google/inject/internal/BytecodeGen$$Lambda+0x0000024a1c5160f8
instanceKlass com/google/inject/internal/BytecodeGen$EnhancerBuilder
instanceKlass com/google/inject/internal/aop/ClassBuilding
instanceKlass com/google/common/collect/MapMakerInternalMap$StrongValueEntry
instanceKlass com/google/common/collect/MapMakerInternalMap$WeakKeyStrongValueEntry$Helper
instanceKlass com/google/common/collect/MapMakerInternalMap$InternalEntry
instanceKlass com/google/common/collect/MapMakerInternalMap$1
instanceKlass com/google/common/collect/MapMakerInternalMap$InternalEntryHelper
instanceKlass com/google/common/collect/MapMakerInternalMap$WeakValueReference
instanceKlass com/google/common/collect/MapMaker
instanceKlass com/google/inject/internal/BytecodeGen
instanceKlass com/google/inject/internal/ConstructionProxy
instanceKlass com/google/inject/internal/DefaultConstructionProxyFactory
instanceKlass com/google/inject/internal/ConstructionProxyFactory
instanceKlass com/google/inject/internal/ConstructorBindingImpl$Factory
instanceKlass org/eclipse/sisu/inject/TypeArguments$Implicit
instanceKlass org/eclipse/sisu/wire/BeanProviders$6
instanceKlass org/eclipse/sisu/wire/BeanProviders$4
instanceKlass org/eclipse/sisu/wire/BeanProviders$7
instanceKlass org/eclipse/sisu/wire/BeanProviders$1
instanceKlass com/google/inject/spi/ProviderLookup$1
instanceKlass com/google/inject/spi/ProviderWithDependencies
instanceKlass com/google/inject/spi/ProviderLookup
instanceKlass org/eclipse/sisu/wire/BeanProviders
instanceKlass org/eclipse/sisu/inject/HiddenSource
instanceKlass org/eclipse/sisu/wire/LocatorWiring
instanceKlass com/google/inject/ProvidedBy
instanceKlass com/google/inject/ImplementedBy
instanceKlass org/sonatype/plexus/components/cipher/PBECipher
instanceKlass org/codehaus/classworlds/ClassRealm
instanceKlass org/apache/maven/settings/crypto/SettingsDecryptionResult
instanceKlass org/apache/maven/settings/building/DefaultSettingsProblemCollector
instanceKlass org/apache/maven/settings/merge/MavenSettingsMerger
instanceKlass org/apache/maven/settings/building/SettingsBuildingResult
instanceKlass org/apache/maven/settings/building/SettingsProblemCollector
instanceKlass org/eclipse/aether/impl/MetadataGenerator
instanceKlass org/apache/maven/model/Relocation
instanceKlass org/apache/maven/repository/internal/ArtifactDescriptorReaderDelegate
instanceKlass org/eclipse/aether/named/support/AdaptedSemaphoreNamedLock$AdaptedSemaphore
instanceKlass org/eclipse/aether/named/support/NamedLockFactorySupport$NamedLockHolder
instanceKlass org/eclipse/aether/named/support/NamedLockSupport
instanceKlass org/eclipse/aether/named/NamedLock
instanceKlass org/eclipse/aether/internal/impl/synccontext/named/NamedLockFactoryAdapter
instanceKlass org/eclipse/aether/spi/log/Logger
instanceKlass org/eclipse/aether/internal/impl/filter/PrefixesRemoteRepositoryFilterSource$Node
instanceKlass org/eclipse/aether/spi/connector/filter/RemoteRepositoryFilter$Result
instanceKlass org/eclipse/aether/spi/connector/filter/RemoteRepositoryFilter
instanceKlass org/eclipse/aether/collection/DependencyTraverser
instanceKlass org/eclipse/aether/collection/DependencyManager
instanceKlass org/eclipse/aether/internal/impl/collect/df/DfDependencyCollector$Args
instanceKlass org/eclipse/aether/internal/impl/collect/bf/BfDependencyCollector$DescriptorResolutionResult
instanceKlass org/eclipse/aether/internal/impl/collect/bf/BfDependencyCollector$Args
instanceKlass org/eclipse/aether/internal/impl/collect/bf/DependencyProcessingContext
instanceKlass org/eclipse/aether/internal/impl/collect/bf/DependencyResolutionSkipper
instanceKlass org/eclipse/aether/internal/impl/collect/DependencyCollectorDelegate$Results
instanceKlass org/eclipse/aether/internal/impl/collect/DefaultDependencyCollectionContext
instanceKlass org/eclipse/aether/collection/DependencyCollectionContext
instanceKlass org/eclipse/aether/internal/impl/collect/DataPool
instanceKlass org/eclipse/aether/graph/DefaultDependencyNode
instanceKlass org/eclipse/aether/version/Version
instanceKlass org/eclipse/aether/internal/impl/collect/PremanagedDependency
instanceKlass org/eclipse/aether/internal/impl/collect/DefaultVersionFilterContext
instanceKlass org/eclipse/aether/collection/VersionFilter
instanceKlass org/eclipse/aether/collection/VersionFilter$VersionFilterContext
instanceKlass org/eclipse/aether/collection/DependencyGraphTransformationContext
instanceKlass org/eclipse/aether/spi/connector/Transfer
instanceKlass org/eclipse/aether/internal/impl/checksum/SummaryFileTrustedChecksumsSource$SummaryFileWriter
instanceKlass org/eclipse/aether/internal/impl/checksum/SparseDirectoryTrustedChecksumsSource$SparseDirectoryWriter
instanceKlass org/eclipse/aether/spi/checksums/TrustedChecksumsSource$Writer
instanceKlass org/eclipse/aether/spi/connector/checksum/ChecksumAlgorithm
instanceKlass org/eclipse/aether/impl/UpdateCheck
instanceKlass org/eclipse/aether/spi/connector/transport/Transporter
instanceKlass org/eclipse/aether/resolution/VersionRangeResult
instanceKlass org/eclipse/aether/resolution/VersionRangeRequest
instanceKlass org/eclipse/aether/resolution/VersionRequest
instanceKlass org/eclipse/aether/resolution/ArtifactDescriptorRequest
instanceKlass org/eclipse/aether/resolution/DependencyResult
instanceKlass org/eclipse/aether/resolution/DependencyRequest
instanceKlass org/eclipse/aether/collection/CollectResult
instanceKlass org/eclipse/aether/collection/CollectRequest
instanceKlass org/eclipse/aether/spi/connector/layout/RepositoryLayout
instanceKlass org/eclipse/aether/repository/LocalRepository
instanceKlass org/eclipse/aether/internal/impl/LocalPathPrefixComposer
instanceKlass org/eclipse/aether/transform/FileTransformer
instanceKlass org/eclipse/aether/installation/InstallResult
instanceKlass org/eclipse/aether/installation/InstallRequest
instanceKlass org/eclipse/aether/spi/io/FileProcessor$ProgressListener
instanceKlass org/eclipse/aether/internal/impl/DefaultDeployer$EventCatapult
instanceKlass org/eclipse/aether/deployment/DeployResult
instanceKlass org/eclipse/aether/deployment/DeployRequest
instanceKlass org/eclipse/aether/repository/RepositoryPolicy
instanceKlass org/eclipse/aether/transfer/TransferResource
instanceKlass org/eclipse/aether/spi/connector/checksum/ChecksumPolicy
instanceKlass org/eclipse/aether/resolution/VersionResult
instanceKlass org/eclipse/aether/repository/LocalArtifactResult
instanceKlass org/eclipse/aether/internal/impl/DefaultArtifactResolver$ResolutionGroup
instanceKlass org/eclipse/aether/resolution/ArtifactRequest
instanceKlass org/eclipse/aether/SyncContext
instanceKlass org/eclipse/aether/spi/locator/ServiceLocator
instanceKlass org/eclipse/aether/repository/RemoteRepository
instanceKlass org/eclipse/aether/spi/connector/RepositoryConnector
instanceKlass org/apache/maven/model/validation/DefaultModelValidator$1ActivationFrame
instanceKlass org/apache/maven/model/profile/activation/JdkVersionProfileActivator$RangeValue
instanceKlass org/apache/maven/model/InputLocation
instanceKlass org/apache/maven/model/InputSource
instanceKlass org/apache/maven/model/interpolation/StringVisitorModelInterpolator$InnerInterpolator
instanceKlass org/apache/maven/model/building/ModelBuildingEventCatapult
instanceKlass org/apache/maven/model/building/ModelData
instanceKlass org/apache/maven/model/ActivationProperty
instanceKlass org/apache/maven/model/ActivationOS
instanceKlass org/codehaus/plexus/interpolation/RegexBasedInterpolator
instanceKlass org/apache/maven/model/Activation
instanceKlass org/apache/maven/model/ActivationFile
instanceKlass org/apache/maven/model/profile/DefaultProfileActivationContext
instanceKlass org/apache/maven/model/building/DefaultModelProblemCollector
instanceKlass org/apache/maven/model/building/ModelCacheTag
instanceKlass org/apache/maven/model/building/ModelBuildingEvent
instanceKlass org/apache/maven/model/profile/ProfileActivationContext
instanceKlass org/apache/maven/model/building/ModelProblemCollectorExt
instanceKlass org/apache/maven/cli/internal/extension/model/CoreExtension
instanceKlass org/apache/maven/cli/CliRequest
instanceKlass org/apache/maven/building/ProblemCollector
instanceKlass org/apache/maven/toolchain/merge/MavenToolchainMerger
instanceKlass org/codehaus/plexus/interpolation/InterpolationPostProcessor
instanceKlass org/apache/maven/toolchain/building/ToolchainsBuildingResult
instanceKlass org/eclipse/aether/graph/Dependency
instanceKlass org/eclipse/aether/resolution/ArtifactDescriptorResult
instanceKlass org/apache/maven/plugin/internal/DefaultPluginValidationManager$PluginValidationIssues
instanceKlass com/google/inject/util/Types
instanceKlass org/eclipse/sisu/Nullable
instanceKlass org/eclipse/aether/repository/LocalRepositoryManager
instanceKlass org/eclipse/aether/repository/AuthenticationSelector
instanceKlass org/eclipse/aether/repository/ProxySelector
instanceKlass org/eclipse/aether/repository/MirrorSelector
instanceKlass org/eclipse/aether/resolution/ResolutionErrorPolicy
instanceKlass org/apache/maven/classrealm/ClassRealmConstituent
instanceKlass org/eclipse/aether/repository/WorkspaceRepository
instanceKlass org/apache/maven/ArtifactFilterManagerDelegate
instanceKlass org/eclipse/m2e/internal/maven/listener/M2EMavenBuildDataBridge$MavenBuildConnection
instanceKlass org/eclipse/m2e/internal/maven/listener/M2EMavenBuildDataBridge$MavenProjectBuildData
instanceKlass org/apache/maven/artifact/resolver/DefaultResolutionErrorHandler
instanceKlass org/apache/maven/repository/metadata/DefaultGraphConflictResolutionPolicy
instanceKlass org/apache/maven/lifecycle/DefaultLifecycleExecutor
instanceKlass org/apache/maven/exception/ExceptionSummary
instanceKlass org/apache/maven/exception/DefaultExceptionHandler
instanceKlass org/apache/maven/toolchain/DefaultToolchainsBuilder
instanceKlass org/apache/maven/toolchain/model/TrackableBase
instanceKlass org/apache/maven/toolchain/DefaultToolchain
instanceKlass org/apache/maven/toolchain/java/JavaToolchain
instanceKlass org/apache/maven/toolchain/java/JavaToolchainFactory
instanceKlass org/apache/maven/plugin/prefix/PluginPrefixResult
instanceKlass org/apache/maven/plugin/prefix/internal/DefaultPluginPrefixResolver
instanceKlass org/apache/maven/plugin/DefaultBuildPluginManager
instanceKlass org/apache/maven/repository/metadata/MetadataGraphEdge
instanceKlass org/apache/maven/repository/metadata/MetadataGraphVertex
instanceKlass org/apache/maven/repository/metadata/DefaultGraphConflictResolver
instanceKlass org/apache/maven/plugin/internal/DefaultLegacySupport
instanceKlass org/apache/maven/lifecycle/internal/builder/singlethreaded/SingleThreadedBuilder
instanceKlass org/apache/maven/repository/ArtifactTransferListener
instanceKlass org/apache/maven/repository/legacy/LegacyRepositorySystem
instanceKlass org/apache/maven/model/RepositoryPolicy
instanceKlass org/apache/maven/settings/RepositoryPolicy
instanceKlass org/apache/maven/repository/Proxy
instanceKlass org/apache/maven/settings/RepositoryBase
instanceKlass org/apache/maven/artifact/repository/Authentication
instanceKlass org/apache/maven/profiles/ProfileManager
instanceKlass org/apache/maven/project/DefaultMavenProjectBuilder
instanceKlass org/eclipse/aether/util/graph/visitor/AbstractDepthFirstNodeListGenerator
instanceKlass org/apache/maven/plugin/descriptor/PluginDescriptorBuilder
instanceKlass org/codehaus/plexus/component/configurator/ConfigurationListener
instanceKlass org/apache/maven/plugin/logging/Log
instanceKlass org/apache/maven/plugin/internal/DefaultMavenPluginManager
instanceKlass org/apache/maven/lifecycle/internal/DefaultLifecycleTaskSegmentCalculator
instanceKlass org/apache/maven/project/DefaultProjectBuildingHelper
instanceKlass org/apache/maven/plugin/descriptor/Parameter
instanceKlass org/apache/maven/lifecycle/internal/DefaultMojoExecutionConfigurator
instanceKlass org/apache/maven/model/merge/ModelMerger
instanceKlass org/apache/maven/model/plugin/DefaultLifecycleBindingsInjector
instanceKlass org/apache/maven/artifact/repository/layout/FlatRepositoryLayout
instanceKlass org/apache/maven/repository/metadata/ClasspathContainer
instanceKlass org/apache/maven/repository/metadata/MetadataGraph
instanceKlass org/apache/maven/repository/metadata/DefaultClasspathTransformation
instanceKlass org/apache/maven/project/validation/ModelValidationResult
# instanceKlass java/lang/invoke/LambdaForm$MH+0x0000024a1c4ed000
instanceKlass org/apache/maven/model/building/ModelProblemCollector
instanceKlass org/apache/maven/project/validation/DefaultModelValidator
instanceKlass org/apache/maven/rtinfo/internal/DefaultRuntimeInformation
instanceKlass org/apache/maven/repository/legacy/resolver/conflict/NewestConflictResolver
instanceKlass org/apache/maven/lifecycle/internal/DefaultLifecycleExecutionPlanCalculator
instanceKlass org/apache/maven/lifecycle/internal/PhaseRecorder
instanceKlass org/apache/maven/lifecycle/internal/DependencyContext
instanceKlass org/apache/maven/lifecycle/internal/ProjectIndex
instanceKlass org/apache/maven/plugin/MojoExecutionRunner
instanceKlass org/apache/maven/project/artifact/ProjectArtifactsCache$CacheRecord
instanceKlass org/apache/maven/project/artifact/ProjectArtifactsCache$Key
instanceKlass org/apache/maven/project/artifact/DefaultProjectArtifactsCache
instanceKlass org/apache/maven/execution/DefaultRuntimeInformation
instanceKlass org/apache/maven/profiles/ProfilesRoot
instanceKlass org/apache/maven/repository/legacy/repository/DefaultArtifactRepositoryFactory
instanceKlass org/apache/maven/configuration/BeanConfigurationRequest
instanceKlass org/apache/maven/configuration/internal/DefaultBeanConfigurator
instanceKlass org/apache/maven/model/building/ModelBuildingResult
instanceKlass org/apache/maven/project/ReactorModelPool
instanceKlass org/apache/maven/project/DefaultProjectBuilder$InternalConfig
instanceKlass org/apache/maven/model/resolution/ModelResolver
instanceKlass org/apache/maven/model/building/ModelBuildingListener
instanceKlass org/apache/maven/model/building/ModelCache
instanceKlass org/apache/maven/project/DefaultProjectBuilder
instanceKlass org/apache/maven/plugin/PluginDescriptorCache$PluginDescriptorSupplier
instanceKlass org/apache/maven/plugin/PluginDescriptorCache$Key
instanceKlass org/apache/maven/plugin/DefaultPluginDescriptorCache
instanceKlass org/apache/maven/repository/legacy/resolver/conflict/NearestConflictResolver
instanceKlass org/apache/maven/execution/ProjectDependencyGraph
instanceKlass org/apache/maven/model/building/ModelSource
instanceKlass org/apache/maven/graph/DefaultGraphBuilder
instanceKlass org/apache/maven/lifecycle/internal/DefaultLifecycleMappingDelegate
instanceKlass org/apache/maven/project/artifact/MavenMetadataSource$ProjectRelocation
instanceKlass org/apache/maven/model/building/ModelProblem
instanceKlass org/apache/maven/model/Dependency
instanceKlass org/apache/maven/project/artifact/MavenMetadataSource
instanceKlass org/apache/maven/artifact/repository/layout/DefaultRepositoryLayout
instanceKlass org/apache/maven/lifecycle/mapping/LifecyclePhase
instanceKlass org/apache/maven/lifecycle/internal/DefaultLifecyclePluginAnalyzer$GoalSpec
instanceKlass org/apache/maven/lifecycle/internal/DefaultLifecyclePluginAnalyzer
instanceKlass org/apache/maven/DefaultProjectDependenciesResolver
instanceKlass org/codehaus/plexus/component/repository/ComponentSetDescriptor
instanceKlass org/apache/maven/plugin/prefix/PluginPrefixRequest
instanceKlass org/apache/maven/plugin/internal/DefaultPluginManager
instanceKlass org/apache/maven/artifact/repository/DefaultArtifactRepositoryFactory
instanceKlass org/apache/maven/artifact/handler/manager/DefaultArtifactHandlerManager
instanceKlass org/apache/maven/repository/legacy/resolver/conflict/DefaultConflictResolverFactory
instanceKlass org/apache/maven/artifact/factory/DefaultArtifactFactory
instanceKlass org/apache/maven/repository/DefaultMirrorSelector
instanceKlass org/apache/maven/execution/ExecutionEvent
instanceKlass org/apache/maven/lifecycle/internal/DefaultExecutionEventCatapult
instanceKlass org/apache/maven/repository/legacy/resolver/conflict/FarthestConflictResolver
instanceKlass org/apache/http/impl/conn/PoolingHttpClientConnectionManager
instanceKlass org/apache/http/pool/ConnPoolControl
instanceKlass org/apache/http/config/Registry
instanceKlass org/apache/http/client/methods/CloseableHttpResponse
instanceKlass org/apache/http/HttpResponse
instanceKlass org/apache/maven/wagon/shared/http/BasicAuthScope
instanceKlass org/apache/maven/wagon/shared/http/HttpConfiguration
instanceKlass org/apache/http/impl/client/CloseableHttpClient
instanceKlass org/apache/http/client/HttpClient
instanceKlass org/apache/http/Header
instanceKlass org/apache/http/NameValuePair
instanceKlass org/apache/http/client/ServiceUnavailableRetryStrategy
instanceKlass org/apache/http/client/HttpRequestRetryHandler
instanceKlass org/apache/http/conn/ssl/TrustStrategy
instanceKlass org/apache/http/ssl/TrustStrategy
instanceKlass org/apache/http/client/RedirectStrategy
instanceKlass org/apache/http/config/Lookup
instanceKlass org/apache/http/auth/Credentials
instanceKlass org/apache/http/client/AuthCache
instanceKlass org/apache/http/client/CredentialsProvider
instanceKlass org/apache/http/protocol/HttpContext
instanceKlass org/apache/http/HttpEntity
instanceKlass org/apache/http/client/methods/HttpUriRequest
instanceKlass org/apache/http/HttpRequest
instanceKlass org/apache/http/HttpMessage
instanceKlass org/apache/http/auth/AuthScheme
instanceKlass org/apache/http/conn/HttpClientConnectionManager
instanceKlass org/eclipse/aether/RequestTrace
instanceKlass org/apache/maven/plugin/version/internal/DefaultPluginVersionResolver$Versions
instanceKlass org/apache/maven/plugin/version/internal/DefaultPluginVersionResult
instanceKlass org/apache/maven/plugin/version/internal/DefaultPluginVersionResolver$Key
instanceKlass org/apache/maven/plugin/version/PluginVersionResult
instanceKlass org/eclipse/aether/repository/ArtifactRepository
instanceKlass org/eclipse/aether/metadata/Metadata
instanceKlass org/eclipse/aether/version/VersionScheme
instanceKlass org/apache/maven/plugin/version/internal/DefaultPluginVersionResolver
instanceKlass org/apache/maven/wagon/InputData
instanceKlass org/apache/maven/wagon/OutputData
instanceKlass org/apache/maven/wagon/events/SessionListener
instanceKlass org/apache/maven/wagon/resource/Resource
instanceKlass org/apache/maven/wagon/repository/RepositoryPermissions
instanceKlass org/apache/maven/wagon/events/TransferEventSupport
instanceKlass org/apache/maven/wagon/events/SessionEventSupport
instanceKlass org/apache/maven/wagon/proxy/ProxyInfoProvider
instanceKlass org/apache/maven/wagon/AbstractWagon
instanceKlass org/apache/maven/wagon/StreamingWagon
instanceKlass org/apache/maven/toolchain/ToolchainPrivate
instanceKlass org/apache/maven/toolchain/Toolchain
instanceKlass org/apache/maven/toolchain/DefaultToolchainManager
instanceKlass org/apache/maven/artifact/repository/metadata/Versioning
instanceKlass org/apache/maven/artifact/repository/metadata/RepositoryMetadata
instanceKlass org/eclipse/aether/DefaultRepositorySystemSession
instanceKlass org/apache/maven/model/building/Result
instanceKlass org/apache/maven/DefaultMaven
instanceKlass org/apache/maven/repository/legacy/resolver/transform/DefaultArtifactTransformationManager
instanceKlass org/apache/maven/repository/legacy/resolver/conflict/OldestConflictResolver
instanceKlass org/apache/maven/lifecycle/internal/builder/multithreaded/ConcurrencyDependencyGraph
instanceKlass org/apache/maven/lifecycle/internal/builder/multithreaded/ThreadOutputMuxer
instanceKlass org/apache/maven/lifecycle/internal/ProjectSegment
instanceKlass org/apache/maven/lifecycle/internal/ReactorBuildStatus
instanceKlass org/apache/maven/lifecycle/internal/ProjectBuildList
instanceKlass java/util/concurrent/CompletionService
instanceKlass org/apache/maven/lifecycle/internal/builder/multithreaded/MultiThreadedBuilder
instanceKlass org/apache/maven/project/path/DefaultPathTranslator
instanceKlass org/apache/maven/lifecycle/mapping/DefaultLifecycleMapping
instanceKlass org/apache/maven/lifecycle/internal/TaskSegment
instanceKlass org/apache/maven/lifecycle/internal/ReactorContext
instanceKlass org/apache/maven/execution/ProjectExecutionListener
instanceKlass org/apache/maven/execution/BuildSummary
instanceKlass org/apache/maven/artifact/repository/metadata/Metadata
instanceKlass org/apache/maven/artifact/repository/metadata/io/DefaultMetadataReader
instanceKlass org/apache/maven/project/DefaultDependencyResolutionResult
instanceKlass org/apache/maven/project/DependencyResolutionRequest
instanceKlass org/apache/maven/project/DependencyResolutionResult
instanceKlass org/apache/maven/project/DefaultProjectDependenciesResolver
instanceKlass org/apache/maven/artifact/resolver/ResolutionNode
instanceKlass org/apache/maven/repository/legacy/resolver/DefaultLegacyArtifactCollector
instanceKlass org/apache/maven/model/RepositoryBase
instanceKlass org/apache/maven/model/Reporting
instanceKlass org/apache/maven/model/PluginContainer
instanceKlass org/apache/maven/project/inheritance/DefaultModelInheritanceAssembler
instanceKlass org/apache/maven/project/ProjectBuilderConfiguration
instanceKlass org/codehaus/plexus/interpolation/Interpolator
instanceKlass org/codehaus/plexus/interpolation/BasicInterpolator
instanceKlass org/codehaus/plexus/interpolation/RecursionInterceptor
instanceKlass org/apache/maven/wagon/repository/Repository
instanceKlass org/apache/maven/wagon/observers/ChecksumObserver
instanceKlass org/apache/maven/repository/legacy/DefaultWagonManager
instanceKlass org/apache/maven/artifact/handler/DefaultArtifactHandler
instanceKlass org/objectweb/asm/Handler
instanceKlass org/objectweb/asm/Frame
instanceKlass org/objectweb/asm/ByteVector
instanceKlass org/objectweb/asm/Symbol
instanceKlass org/objectweb/asm/SymbolTable
instanceKlass org/objectweb/asm/FieldVisitor
instanceKlass org/objectweb/asm/MethodVisitor
instanceKlass org/objectweb/asm/ModuleVisitor
instanceKlass org/objectweb/asm/RecordComponentVisitor
instanceKlass org/apache/maven/artifact/resolver/ArtifactResolutionResult
instanceKlass org/apache/maven/artifact/resolver/ArtifactResolutionRequest
instanceKlass org/apache/maven/wagon/events/TransferListener
instanceKlass org/apache/maven/repository/legacy/metadata/MetadataResolutionRequest
instanceKlass org/apache/maven/artifact/repository/RepositoryRequest
instanceKlass org/apache/maven/artifact/metadata/ArtifactMetadata
instanceKlass org/apache/maven/repository/legacy/metadata/ArtifactMetadata
instanceKlass org/apache/maven/artifact/resolver/DefaultArtifactResolver
instanceKlass org/sonatype/plexus/components/sec/dispatcher/PasswordDecryptor
instanceKlass sun/reflect/generics/tree/VoidDescriptor
instanceKlass org/sonatype/plexus/components/sec/dispatcher/model/SettingsSecurity
instanceKlass org/eclipse/aether/RepositoryEvent
instanceKlass org/apache/maven/classrealm/ClassRealmRequest
instanceKlass org/codehaus/plexus/util/Scanner
instanceKlass org/codehaus/plexus/logging/AbstractLogEnabled
instanceKlass org/eclipse/aether/resolution/ArtifactResult
instanceKlass org/eclipse/aether/collection/DependencySelector
instanceKlass org/eclipse/aether/resolution/ArtifactDescriptorPolicy
instanceKlass org/apache/maven/plugin/PluginArtifactsCache$CacheRecord
instanceKlass org/apache/maven/plugin/PluginArtifactsCache$Key
instanceKlass org/apache/maven/plugin/PluginRealmCache$CacheRecord
instanceKlass org/apache/maven/plugin/PluginRealmCache$PluginRealmSupplier
instanceKlass org/apache/maven/plugin/PluginRealmCache$Key
instanceKlass org/apache/maven/project/ProjectRealmCache$CacheRecord
instanceKlass org/apache/maven/project/ProjectRealmCache$Key
instanceKlass org/eclipse/m2e/core/internal/project/ProjectCachePlunger
instanceKlass org/apache/maven/plugin/ExtensionRealmCache$CacheRecord
instanceKlass org/apache/maven/plugin/ExtensionRealmCache$Key
instanceKlass org/apache/maven/artifact/repository/ArtifactRepositoryPolicy
instanceKlass org/apache/maven/project/artifact/DefaultMavenMetadataCache$CacheKey
instanceKlass org/apache/maven/repository/legacy/metadata/ResolutionGroup
instanceKlass com/google/inject/spi/ProviderWithExtensionVisitor
instanceKlass com/google/common/collect/Iterables
instanceKlass  @bci com/google/inject/spi/InjectionPoint forConstructorOf (Lcom/google/inject/TypeLiteral;Z)Lcom/google/inject/spi/InjectionPoint; 83 <appendix> member <vmtarget> ; # com/google/inject/spi/InjectionPoint$$Lambda+0x0000024a1c4be4a0
instanceKlass  @bci com/google/inject/spi/InjectionPoint forConstructorOf (Lcom/google/inject/TypeLiteral;Z)Lcom/google/inject/spi/InjectionPoint; 67 <appendix> argL0 ; # com/google/inject/spi/InjectionPoint$$Lambda+0x0000024a1c4be250
instanceKlass  @bci com/google/inject/spi/InjectionPoint forConstructorOf (Lcom/google/inject/TypeLiteral;Z)Lcom/google/inject/spi/InjectionPoint; 57 <appendix> argL0 ; # com/google/inject/spi/InjectionPoint$$Lambda+0x0000024a1c4be000
instanceKlass  @bci com/google/inject/spi/InjectionPoint forConstructorOf (Lcom/google/inject/TypeLiteral;Z)Lcom/google/inject/spi/InjectionPoint; 24 <appendix> argL0 ; # com/google/inject/spi/InjectionPoint$$Lambda+0x0000024a1c4bddb0
instanceKlass org/eclipse/sisu/plexus/PlexusBean
instanceKlass org/codehaus/plexus/component/repository/ComponentDescriptor
instanceKlass com/google/inject/spi/ProvidesMethodBinding
instanceKlass org/eclipse/sisu/inject/Guice4
instanceKlass com/google/inject/internal/GuiceInternal
instanceKlass org/sonatype/inject/Parameters
instanceKlass org/eclipse/sisu/plexus/PlexusXmlBeanConverter
instanceKlass org/eclipse/sisu/plexus/PlexusBeanConverter
instanceKlass com/google/inject/spi/TypeConverterBinding
instanceKlass java/lang/reflect/AnnotatedParameterizedType
instanceKlass org/eclipse/sisu/inject/DefaultRankingFunction
instanceKlass com/google/inject/spi/ProvisionListenerBinding
instanceKlass com/google/inject/spi/TypeListenerBinding
instanceKlass org/eclipse/sisu/bean/BeanListener
instanceKlass com/google/inject/matcher/Matchers
instanceKlass org/eclipse/sisu/bean/PropertyBinder
instanceKlass org/eclipse/sisu/plexus/PlexusBeanBinder
instanceKlass com/google/inject/spi/InjectionListener
instanceKlass org/sonatype/plexus/components/sec/dispatcher/DefaultSecDispatcher
instanceKlass org/sonatype/plexus/components/cipher/DefaultPlexusCipher
instanceKlass org/sonatype/plexus/components/cipher/PlexusCipher
# instanceKlass java/lang/invoke/LambdaForm$MH+0x0000024a1c4b8400
instanceKlass org/codehaus/plexus/build/DefaultBuildContext
instanceKlass org/codehaus/plexus/build/BuildContext
instanceKlass org/codehaus/plexus/component/configurator/AbstractComponentConfigurator
instanceKlass org/codehaus/plexus/component/configurator/ComponentConfigurator
instanceKlass org/apache/maven/settings/validation/DefaultSettingsValidator
instanceKlass org/apache/maven/settings/validation/SettingsValidator
instanceKlass org/apache/maven/settings/io/DefaultSettingsWriter
instanceKlass org/apache/maven/settings/io/SettingsWriter
instanceKlass org/apache/maven/settings/io/DefaultSettingsReader
instanceKlass org/apache/maven/settings/io/SettingsReader
instanceKlass org/apache/maven/settings/crypto/DefaultSettingsDecrypter
instanceKlass org/apache/maven/settings/crypto/SettingsDecrypter
instanceKlass org/apache/maven/settings/building/DefaultSettingsBuilder
# instanceKlass java/lang/invoke/LambdaForm$MH+0x0000024a1c4b8000
instanceKlass org/eclipse/aether/transport/wagon/WagonTransporterFactory
instanceKlass org/eclipse/aether/internal/transport/wagon/PlexusWagonProvider
instanceKlass org/eclipse/aether/transport/wagon/WagonProvider
instanceKlass org/eclipse/aether/internal/transport/wagon/PlexusWagonConfigurator
instanceKlass org/eclipse/aether/transport/wagon/WagonConfigurator
instanceKlass org/eclipse/aether/transport/http/ChecksumExtractor
instanceKlass org/eclipse/aether/transport/http/HttpTransporterFactory
instanceKlass org/eclipse/aether/transport/file/FileTransporterFactory
instanceKlass org/eclipse/aether/spi/connector/transport/TransporterFactory
instanceKlass org/apache/maven/repository/internal/VersionsMetadataGeneratorFactory
instanceKlass org/apache/maven/repository/internal/SnapshotMetadataGeneratorFactory
instanceKlass org/apache/maven/repository/internal/PluginsMetadataGeneratorFactory
instanceKlass org/eclipse/aether/impl/MetadataGeneratorFactory
instanceKlass org/apache/maven/repository/internal/DefaultVersionResolver
instanceKlass org/eclipse/aether/impl/VersionResolver
instanceKlass org/apache/maven/repository/internal/DefaultVersionRangeResolver
instanceKlass org/eclipse/aether/impl/VersionRangeResolver
instanceKlass org/apache/maven/repository/internal/DefaultModelCacheFactory
instanceKlass org/apache/maven/repository/internal/ModelCacheFactory
instanceKlass org/apache/maven/repository/internal/DefaultArtifactDescriptorReader
instanceKlass org/eclipse/aether/impl/ArtifactDescriptorReader
instanceKlass org/eclipse/aether/named/support/NamedLockFactorySupport
instanceKlass org/eclipse/aether/named/NamedLockFactory
instanceKlass org/eclipse/aether/internal/impl/synccontext/named/providers/StaticNameMapperProvider
instanceKlass org/eclipse/aether/internal/impl/synccontext/named/providers/GAVNameMapperProvider
instanceKlass org/eclipse/aether/internal/impl/synccontext/named/providers/GAECVNameMapperProvider
instanceKlass org/eclipse/aether/internal/impl/synccontext/named/providers/FileStaticNameMapperProvider
instanceKlass org/eclipse/aether/internal/impl/synccontext/named/providers/FileHashingGAVNameMapperProvider
instanceKlass org/eclipse/aether/internal/impl/synccontext/named/providers/FileHashingGAECVNameMapperProvider
instanceKlass org/eclipse/aether/internal/impl/synccontext/named/providers/FileGAVNameMapperProvider
instanceKlass org/eclipse/aether/internal/impl/synccontext/named/providers/FileGAECVNameMapperProvider
instanceKlass org/eclipse/aether/internal/impl/synccontext/named/NameMapper
instanceKlass org/eclipse/aether/internal/impl/synccontext/named/providers/DiscriminatingNameMapperProvider
instanceKlass org/eclipse/aether/internal/impl/synccontext/named/NamedLockFactoryAdapterFactoryImpl
instanceKlass org/eclipse/aether/internal/impl/synccontext/named/NamedLockFactoryAdapterFactory
instanceKlass org/eclipse/aether/internal/impl/synccontext/legacy/DefaultSyncContextFactory
instanceKlass org/eclipse/aether/impl/SyncContextFactory
instanceKlass org/eclipse/aether/internal/impl/synccontext/DefaultSyncContextFactory
instanceKlass org/eclipse/aether/spi/synccontext/SyncContextFactory
instanceKlass org/eclipse/aether/internal/impl/slf4j/Slf4jLoggerFactory
instanceKlass org/eclipse/aether/internal/impl/resolution/ArtifactResolverPostProcessorSupport
instanceKlass org/eclipse/aether/internal/impl/filter/RemoteRepositoryFilterSourceSupport
instanceKlass org/eclipse/aether/spi/connector/filter/RemoteRepositoryFilterSource
instanceKlass org/eclipse/aether/spi/resolution/ArtifactResolverPostProcessor
instanceKlass org/eclipse/aether/internal/impl/filter/DefaultRemoteRepositoryFilterManager
instanceKlass org/eclipse/aether/impl/RemoteRepositoryFilterManager
instanceKlass org/eclipse/aether/internal/impl/collect/DependencyCollectorDelegate
instanceKlass org/eclipse/aether/internal/impl/collect/DefaultDependencyCollector
instanceKlass org/eclipse/aether/impl/DependencyCollector
instanceKlass org/eclipse/aether/internal/impl/checksum/TrustedToProvidedChecksumsSourceAdapter
instanceKlass org/eclipse/aether/spi/checksums/ProvidedChecksumsSource
instanceKlass org/eclipse/aether/internal/impl/checksum/FileTrustedChecksumsSourceSupport
instanceKlass org/eclipse/aether/spi/checksums/TrustedChecksumsSource
instanceKlass org/eclipse/aether/spi/connector/checksum/ChecksumAlgorithmFactorySupport
instanceKlass org/eclipse/aether/spi/connector/checksum/ChecksumAlgorithmFactory
instanceKlass org/eclipse/aether/internal/impl/checksum/DefaultChecksumAlgorithmFactorySelector
instanceKlass org/eclipse/aether/spi/connector/checksum/ChecksumAlgorithmFactorySelector
instanceKlass org/eclipse/aether/internal/impl/SimpleLocalRepositoryManagerFactory
instanceKlass org/eclipse/aether/internal/impl/Maven2RepositoryLayoutFactory
instanceKlass org/eclipse/aether/spi/connector/layout/RepositoryLayoutFactory
instanceKlass org/eclipse/aether/spi/log/LoggerFactory
instanceKlass org/eclipse/aether/internal/impl/LoggerFactoryProvider
instanceKlass org/eclipse/aether/internal/impl/EnhancedLocalRepositoryManagerFactory
instanceKlass org/eclipse/aether/spi/localrepo/LocalRepositoryManagerFactory
instanceKlass org/eclipse/aether/internal/impl/DefaultUpdatePolicyAnalyzer
instanceKlass org/eclipse/aether/impl/UpdatePolicyAnalyzer
instanceKlass org/eclipse/aether/internal/impl/DefaultUpdateCheckManager
instanceKlass org/eclipse/aether/impl/UpdateCheckManager
instanceKlass org/eclipse/aether/internal/impl/DefaultTransporterProvider
instanceKlass org/eclipse/aether/spi/connector/transport/TransporterProvider
instanceKlass org/eclipse/aether/internal/impl/DefaultTrackingFileManager
instanceKlass org/eclipse/aether/internal/impl/TrackingFileManager
instanceKlass org/eclipse/aether/internal/impl/DefaultRepositorySystemLifecycle
instanceKlass org/eclipse/aether/impl/RepositorySystemLifecycle
instanceKlass org/eclipse/aether/internal/impl/DefaultRepositorySystem
instanceKlass org/eclipse/aether/RepositorySystem
instanceKlass org/eclipse/aether/internal/impl/DefaultRepositoryLayoutProvider
instanceKlass org/eclipse/aether/spi/connector/layout/RepositoryLayoutProvider
instanceKlass org/eclipse/aether/internal/impl/DefaultRepositoryEventDispatcher
instanceKlass org/eclipse/aether/impl/RepositoryEventDispatcher
instanceKlass org/eclipse/aether/internal/impl/DefaultRepositoryConnectorProvider
instanceKlass org/eclipse/aether/impl/RepositoryConnectorProvider
instanceKlass org/eclipse/aether/internal/impl/DefaultRemoteRepositoryManager
instanceKlass org/eclipse/aether/impl/RemoteRepositoryManager
instanceKlass org/eclipse/aether/internal/impl/DefaultOfflineController
instanceKlass org/eclipse/aether/impl/OfflineController
instanceKlass org/eclipse/aether/internal/impl/DefaultMetadataResolver
instanceKlass org/eclipse/aether/impl/MetadataResolver
instanceKlass org/eclipse/aether/internal/impl/DefaultLocalRepositoryProvider
instanceKlass org/eclipse/aether/impl/LocalRepositoryProvider
instanceKlass org/eclipse/aether/internal/impl/LocalPathPrefixComposerFactorySupport
instanceKlass org/eclipse/aether/internal/impl/LocalPathPrefixComposerFactory
instanceKlass org/eclipse/aether/internal/impl/DefaultLocalPathComposer
instanceKlass org/eclipse/aether/internal/impl/LocalPathComposer
instanceKlass org/eclipse/aether/internal/impl/DefaultInstaller
instanceKlass org/eclipse/aether/impl/Installer
instanceKlass org/eclipse/aether/internal/impl/DefaultFileProcessor
instanceKlass org/eclipse/aether/spi/io/FileProcessor
instanceKlass org/eclipse/aether/internal/impl/DefaultDeployer
instanceKlass org/eclipse/aether/impl/Deployer
instanceKlass org/eclipse/aether/internal/impl/DefaultChecksumPolicyProvider
instanceKlass org/eclipse/aether/spi/connector/checksum/ChecksumPolicyProvider
instanceKlass org/eclipse/aether/internal/impl/DefaultArtifactResolver
instanceKlass org/eclipse/aether/impl/ArtifactResolver
instanceKlass org/eclipse/aether/connector/basic/BasicRepositoryConnectorFactory
instanceKlass org/eclipse/aether/spi/locator/Service
instanceKlass org/eclipse/aether/spi/connector/RepositoryConnectorFactory
instanceKlass org/apache/maven/model/validation/DefaultModelValidator
instanceKlass org/apache/maven/model/validation/ModelValidator
instanceKlass org/apache/maven/model/superpom/DefaultSuperPomProvider
instanceKlass org/apache/maven/model/superpom/SuperPomProvider
instanceKlass org/apache/maven/model/profile/activation/PropertyProfileActivator
instanceKlass org/apache/maven/model/profile/activation/OperatingSystemProfileActivator
instanceKlass org/apache/maven/model/profile/activation/JdkVersionProfileActivator
instanceKlass org/apache/maven/model/profile/activation/FileProfileActivator
instanceKlass org/apache/maven/model/profile/activation/ProfileActivator
instanceKlass org/apache/maven/model/profile/DefaultProfileSelector
instanceKlass org/apache/maven/model/profile/ProfileSelector
instanceKlass org/apache/maven/model/profile/DefaultProfileInjector
instanceKlass org/apache/maven/model/profile/ProfileInjector
instanceKlass org/apache/maven/model/plugin/DefaultReportingConverter
instanceKlass org/apache/maven/model/plugin/ReportingConverter
instanceKlass org/apache/maven/model/plugin/DefaultReportConfigurationExpander
instanceKlass org/apache/maven/model/plugin/ReportConfigurationExpander
instanceKlass org/apache/maven/model/plugin/DefaultPluginConfigurationExpander
instanceKlass org/apache/maven/model/plugin/PluginConfigurationExpander
instanceKlass org/apache/maven/model/path/ProfileActivationFilePathInterpolator
instanceKlass org/apache/maven/model/path/DefaultUrlNormalizer
instanceKlass org/apache/maven/model/path/UrlNormalizer
instanceKlass org/apache/maven/model/path/DefaultPathTranslator
instanceKlass org/apache/maven/model/path/PathTranslator
instanceKlass org/apache/maven/model/path/DefaultModelUrlNormalizer
instanceKlass org/apache/maven/model/path/ModelUrlNormalizer
instanceKlass org/apache/maven/model/path/DefaultModelPathTranslator
instanceKlass org/apache/maven/model/path/ModelPathTranslator
instanceKlass org/apache/maven/model/normalization/DefaultModelNormalizer
instanceKlass org/apache/maven/model/normalization/ModelNormalizer
instanceKlass org/apache/maven/model/management/DefaultPluginManagementInjector
instanceKlass org/apache/maven/model/management/PluginManagementInjector
instanceKlass org/apache/maven/model/management/DefaultDependencyManagementInjector
instanceKlass org/apache/maven/model/management/DependencyManagementInjector
instanceKlass org/apache/maven/model/locator/DefaultModelLocator
instanceKlass org/apache/maven/model/io/DefaultModelWriter
instanceKlass org/apache/maven/model/io/ModelWriter
instanceKlass org/apache/maven/model/io/DefaultModelReader
instanceKlass org/apache/maven/model/interpolation/AbstractStringBasedModelInterpolator
instanceKlass org/apache/maven/model/interpolation/ModelInterpolator
instanceKlass org/apache/maven/model/interpolation/DefaultModelVersionProcessor
instanceKlass org/apache/maven/model/interpolation/ModelVersionProcessor
instanceKlass org/apache/maven/model/inheritance/DefaultInheritanceAssembler
instanceKlass org/apache/maven/model/inheritance/InheritanceAssembler
instanceKlass org/apache/maven/model/composition/DefaultDependencyManagementImporter
instanceKlass org/apache/maven/model/composition/DependencyManagementImporter
instanceKlass  @bci sun/reflect/annotation/AnnotationParser parseClassArray (ILjava/nio/ByteBuffer;Ljdk/internal/reflect/ConstantPool;Ljava/lang/Class;)Ljava/lang/Object; 10 <appendix> member <vmtarget> ; # sun/reflect/annotation/AnnotationParser$$Lambda+0x0000024a1c376bf8
instanceKlass org/apache/maven/model/building/DefaultModelProcessor
instanceKlass org/apache/maven/model/building/ModelProcessor
instanceKlass org/apache/maven/model/io/ModelReader
instanceKlass org/apache/maven/model/locator/ModelLocator
instanceKlass org/apache/maven/model/building/DefaultModelBuilder
instanceKlass org/apache/maven/model/building/ModelBuilder
instanceKlass org/apache/maven/cli/internal/BootstrapCoreExtensionManager
instanceKlass org/apache/maven/toolchain/io/DefaultToolchainsWriter
instanceKlass org/apache/maven/toolchain/io/ToolchainsWriter
instanceKlass org/apache/maven/toolchain/building/DefaultToolchainsBuilder
instanceKlass org/apache/maven/toolchain/building/ToolchainsBuilder
instanceKlass org/apache/maven/session/scope/internal/SessionScope$ScopeState
instanceKlass  @bci org/apache/maven/session/scope/internal/SessionScope <clinit> ()V 0 <appendix> argL0 ; # org/apache/maven/session/scope/internal/SessionScope$$Lambda+0x0000024a1c49adc0
instanceKlass org/apache/maven/session/scope/internal/SessionScope
instanceKlass org/apache/maven/plugin/internal/MavenPluginMavenPrerequisiteChecker
instanceKlass org/apache/maven/plugin/internal/MavenPluginJavaPrerequisiteChecker
instanceKlass org/apache/maven/plugin/MavenPluginPrerequisitesChecker
instanceKlass org/apache/maven/plugin/internal/AbstractMavenPluginDependenciesValidator
instanceKlass org/apache/maven/plugin/internal/MavenPluginDependenciesValidator
instanceKlass org/apache/maven/plugin/internal/AbstractMavenPluginParametersValidator
instanceKlass org/apache/maven/plugin/internal/MavenPluginConfigurationValidator
instanceKlass org/apache/maven/eventspy/AbstractEventSpy
instanceKlass org/apache/maven/plugin/PluginValidationManager
instanceKlass org/apache/maven/plugin/DefaultMojosExecutionStrategy
instanceKlass org/apache/maven/plugin/MojosExecutionStrategy
instanceKlass org/apache/maven/lifecycle/internal/LifecycleDependencyResolver
instanceKlass org/apache/maven/lifecycle/internal/DefaultProjectArtifactFactory
instanceKlass org/apache/maven/lifecycle/internal/ProjectArtifactFactory
instanceKlass org/apache/maven/internal/aether/ResolverLifecycle
instanceKlass org/apache/maven/internal/aether/DefaultRepositorySystemSessionFactory
instanceKlass org/apache/maven/extension/internal/CoreExportsProvider
instanceKlass org/apache/maven/execution/scope/internal/MojoExecutionScope$ScopeState
instanceKlass org/apache/maven/execution/MojoExecutionEvent
instanceKlass org/apache/maven/execution/scope/MojoExecutionScoped
instanceKlass com/google/inject/RestrictedBindingSource$Permit
instanceKlass org/apache/maven/execution/scope/internal/MojoExecutionScope$1
instanceKlass org/apache/maven/execution/scope/internal/MojoExecutionScope
instanceKlass org/apache/maven/execution/MojoExecutionListener
instanceKlass org/eclipse/sisu/space/QualifiedTypeBinder$1
instanceKlass org/apache/maven/execution/DefaultMavenExecutionRequestPopulator
instanceKlass org/apache/maven/execution/MavenExecutionRequestPopulator
instanceKlass org/apache/maven/classrealm/DefaultClassRealmManager
instanceKlass org/apache/maven/classrealm/ClassRealmManager
instanceKlass org/apache/maven/SessionScoped
instanceKlass org/apache/maven/ReactorReader
instanceKlass org/apache/maven/repository/internal/MavenWorkspaceReader
instanceKlass org/apache/maven/DefaultArtifactFilterManager
instanceKlass org/apache/maven/ArtifactFilterManager
instanceKlass org/eclipse/sisu/space/WildcardKey$QualifiedImpl
instanceKlass org/eclipse/sisu/space/WildcardKey$Qualified
instanceKlass org/eclipse/sisu/space/WildcardKey
instanceKlass org/eclipse/sisu/Typed
instanceKlass org/sonatype/inject/EagerSingleton
instanceKlass org/eclipse/sisu/EagerSingleton
instanceKlass org/sonatype/inject/Mediator
instanceKlass org/eclipse/sisu/inject/TypeArguments
instanceKlass org/eclipse/m2e/internal/maven/listener/M2EMavenBuildDataBridge
instanceKlass org/apache/maven/eventspy/EventSpy
instanceKlass org/objectweb/asm/Context
instanceKlass org/objectweb/asm/Attribute
instanceKlass org/objectweb/asm/AnnotationVisitor
instanceKlass org/objectweb/asm/ClassReader
instanceKlass org/eclipse/sisu/space/IndexedClassFinder$1
instanceKlass org/eclipse/sisu/inject/Logs$SLF4JSink
instanceKlass org/eclipse/sisu/inject/Logs$Sink
instanceKlass org/eclipse/sisu/inject/Logs
instanceKlass org/eclipse/sisu/space/QualifierCache
instanceKlass org/eclipse/sisu/space/QualifiedTypeVisitor
instanceKlass org/eclipse/sisu/plexus/PlexusTypeVisitor$ComponentAnnotationVisitor
instanceKlass org/eclipse/sisu/space/AnnotationVisitor
instanceKlass org/eclipse/sisu/plexus/PlexusTypeVisitor
instanceKlass org/eclipse/sisu/space/ClassVisitor
instanceKlass org/eclipse/sisu/plexus/PlexusXmlBeanModule$PlexusXmlBeanSource
instanceKlass com/google/inject/internal/MoreTypes$ParameterizedTypeImpl
instanceKlass org/eclipse/sisu/inject/DescriptionSource
instanceKlass org/eclipse/sisu/inject/AnnotatedSource
instanceKlass org/eclipse/sisu/Hidden
instanceKlass org/eclipse/sisu/Priority
instanceKlass org/eclipse/sisu/Description
instanceKlass org/eclipse/sisu/inject/Sources
instanceKlass org/apache/maven/wagon/Wagon
instanceKlass org/apache/maven/toolchain/ToolchainsBuilder
instanceKlass org/apache/maven/toolchain/ToolchainManagerPrivate
instanceKlass org/apache/maven/toolchain/ToolchainManager
instanceKlass org/apache/maven/toolchain/ToolchainFactory
instanceKlass org/apache/maven/settings/MavenSettingsBuilder
instanceKlass org/apache/maven/rtinfo/RuntimeInformation
instanceKlass org/apache/maven/project/artifact/ProjectArtifactsCache
instanceKlass org/apache/maven/project/ProjectDependenciesResolver
instanceKlass org/apache/maven/project/ProjectBuildingHelper
instanceKlass org/apache/maven/project/ProjectBuilder
instanceKlass org/apache/maven/project/MavenProjectHelper
instanceKlass org/apache/maven/plugin/version/PluginVersionResolver
instanceKlass org/apache/maven/plugin/prefix/PluginPrefixResolver
instanceKlass org/apache/maven/plugin/PluginManager
instanceKlass org/apache/maven/plugin/PluginDescriptorCache
instanceKlass org/apache/maven/plugin/MavenPluginManager
instanceKlass org/apache/maven/plugin/LegacySupport
instanceKlass org/apache/maven/plugin/BuildPluginManager
instanceKlass org/apache/maven/model/plugin/LifecycleBindingsInjector
instanceKlass org/apache/maven/lifecycle/internal/builder/BuilderCommon
instanceKlass org/apache/maven/lifecycle/internal/builder/Builder
instanceKlass org/apache/maven/lifecycle/internal/MojoExecutor
instanceKlass org/apache/maven/lifecycle/internal/MojoDescriptorCreator
instanceKlass org/apache/maven/lifecycle/internal/LifecycleTaskSegmentCalculator
instanceKlass org/apache/maven/lifecycle/internal/LifecycleStarter
instanceKlass org/apache/maven/lifecycle/internal/LifecyclePluginResolver
instanceKlass org/apache/maven/lifecycle/internal/LifecycleModuleBuilder
instanceKlass org/apache/maven/lifecycle/internal/LifecycleExecutionPlanCalculator
instanceKlass org/apache/maven/lifecycle/internal/LifecycleDebugLogger
instanceKlass org/apache/maven/lifecycle/internal/ExecutionEventCatapult
instanceKlass org/apache/maven/lifecycle/internal/BuildListCalculator
instanceKlass org/apache/maven/lifecycle/MojoExecutionConfigurator
instanceKlass org/apache/maven/lifecycle/LifecycleMappingDelegate
instanceKlass org/apache/maven/lifecycle/LifecycleExecutor
instanceKlass org/apache/maven/lifecycle/LifeCyclePluginAnalyzer
instanceKlass org/apache/maven/lifecycle/DefaultLifecycles
instanceKlass org/apache/maven/graph/GraphBuilder
instanceKlass org/apache/maven/eventspy/internal/EventSpyDispatcher
instanceKlass org/apache/maven/configuration/BeanConfigurator
instanceKlass org/apache/maven/bridge/MavenRepositorySystem
instanceKlass org/apache/maven/artifact/resolver/ResolutionErrorHandler
instanceKlass org/apache/maven/artifact/repository/metadata/io/MetadataReader
instanceKlass org/apache/maven/artifact/metadata/ArtifactMetadataSource
instanceKlass org/apache/maven/repository/legacy/metadata/ArtifactMetadataSource
instanceKlass org/apache/maven/artifact/handler/manager/ArtifactHandlerManager
instanceKlass org/apache/maven/artifact/factory/ArtifactFactory
instanceKlass org/apache/maven/ProjectDependenciesResolver
instanceKlass org/apache/maven/Maven
instanceKlass org/apache/maven/artifact/handler/ArtifactHandler
instanceKlass org/sonatype/plexus/components/sec/dispatcher/SecDispatcher
instanceKlass org/apache/maven/lifecycle/Lifecycle
instanceKlass org/eclipse/sisu/space/CloningClassSpace$1
instanceKlass org/apache/maven/lifecycle/mapping/LifecycleMapping
instanceKlass org/apache/maven/repository/metadata/GraphConflictResolver
instanceKlass org/apache/maven/repository/metadata/GraphConflictResolutionPolicy
instanceKlass org/eclipse/sisu/plexus/ConfigurationImpl
instanceKlass org/apache/maven/repository/metadata/ClasspathTransformation
instanceKlass org/apache/maven/repository/legacy/resolver/transform/ArtifactTransformationManager
instanceKlass org/apache/maven/repository/legacy/resolver/transform/ArtifactTransformation
instanceKlass org/apache/maven/repository/legacy/resolver/conflict/ConflictResolverFactory
instanceKlass org/apache/maven/repository/legacy/resolver/conflict/ConflictResolver
instanceKlass java/lang/foreign/MemorySegment
instanceKlass org/apache/maven/repository/legacy/repository/ArtifactRepositoryFactory
instanceKlass org/apache/maven/repository/legacy/UpdateCheckManager
instanceKlass org/apache/maven/repository/RepositorySystem
instanceKlass org/apache/maven/repository/MirrorSelector
instanceKlass org/apache/maven/project/validation/ModelValidator
instanceKlass org/apache/maven/project/path/PathTranslator
instanceKlass org/apache/maven/project/interpolation/ModelInterpolator
instanceKlass org/apache/maven/project/inheritance/ModelInheritanceAssembler
instanceKlass org/apache/maven/project/MavenProjectBuilder
instanceKlass org/apache/maven/profiles/MavenProfilesBuilder
instanceKlass org/apache/maven/execution/RuntimeInformation
instanceKlass org/apache/maven/artifact/resolver/ArtifactResolver
instanceKlass org/apache/maven/artifact/resolver/ArtifactCollector
instanceKlass org/apache/maven/repository/legacy/resolver/LegacyArtifactCollector
instanceKlass org/apache/maven/artifact/repository/metadata/RepositoryMetadataManager
instanceKlass org/apache/maven/artifact/repository/layout/ArtifactRepositoryLayout
instanceKlass org/apache/maven/artifact/repository/ArtifactRepositoryFactory
instanceKlass org/apache/maven/artifact/manager/WagonManager
instanceKlass org/apache/maven/repository/legacy/WagonManager
instanceKlass org/apache/maven/artifact/installer/ArtifactInstaller
instanceKlass org/eclipse/sisu/plexus/PlexusXmlMetadata
instanceKlass org/eclipse/sisu/plexus/Roles
instanceKlass org/apache/maven/artifact/deployer/ArtifactDeployer
instanceKlass org/eclipse/sisu/plexus/Hints
instanceKlass org/eclipse/sisu/space/AbstractDeferredClass
instanceKlass org/eclipse/sisu/plexus/RequirementImpl
instanceKlass org/codehaus/plexus/component/annotations/Requirement
instanceKlass org/eclipse/sisu/space/Streams
instanceKlass org/eclipse/sisu/plexus/ComponentImpl
instanceKlass org/eclipse/sisu/plexus/PlexusTypeRegistry
instanceKlass org/eclipse/sisu/plexus/PlexusXmlScanner
instanceKlass org/eclipse/sisu/space/QualifiedTypeBinder
instanceKlass org/eclipse/sisu/plexus/PlexusTypeBinder
instanceKlass org/eclipse/aether/AbstractRepositoryListener
instanceKlass org/eclipse/aether/RepositoryListener
instanceKlass com/google/inject/Key$AnnotationInstanceStrategy
instanceKlass com/google/inject/name/NamedImpl
instanceKlass com/google/inject/name/Named
instanceKlass com/google/inject/name/Names
instanceKlass org/apache/maven/artifact/versioning/ComparableVersion$IntItem
instanceKlass org/apache/maven/artifact/versioning/ComparableVersion$Item
instanceKlass org/apache/maven/artifact/versioning/ComparableVersion
instanceKlass org/apache/maven/artifact/versioning/DefaultArtifactVersion
instanceKlass org/eclipse/m2e/core/internal/embedder/EclipseClassRealmManagerDelegate
instanceKlass org/apache/maven/classrealm/ClassRealmManagerDelegate
instanceKlass org/sonatype/plexus/build/incremental/ThreadBuildContext
instanceKlass org/sonatype/plexus/build/incremental/BuildContext
instanceKlass org/apache/maven/plugin/internal/DefaultPluginDependenciesResolver
instanceKlass org/apache/maven/plugin/internal/PluginDependenciesResolver
instanceKlass org/apache/maven/plugin/DefaultPluginArtifactsCache
instanceKlass org/apache/maven/plugin/PluginArtifactsCache
instanceKlass org/apache/maven/plugin/DefaultPluginRealmCache
instanceKlass org/apache/maven/plugin/PluginRealmCache
instanceKlass org/apache/maven/project/DefaultProjectRealmCache
instanceKlass org/apache/maven/project/ProjectRealmCache
instanceKlass org/apache/maven/plugin/DefaultExtensionRealmCache
instanceKlass org/apache/maven/plugin/ExtensionRealmCache
instanceKlass org/codehaus/plexus/component/annotations/Component
instanceKlass org/apache/maven/project/artifact/DefaultMavenMetadataCache
instanceKlass org/eclipse/m2e/core/internal/project/IManagedCache
instanceKlass org/apache/maven/project/artifact/MavenMetadataCache
instanceKlass org/eclipse/m2e/core/internal/embedder/DefaultMavenComponentContributor
instanceKlass org/eclipse/m2e/core/internal/embedder/IMavenComponentContributor
instanceKlass ch/qos/logback/classic/spi/LoggerContextListener
instanceKlass ch/qos/logback/core/spi/ConfigurationEvent
instanceKlass ch/qos/logback/core/spi/ConfigurationEventListener
instanceKlass ch/qos/logback/core/spi/SequenceNumberGenerator
instanceKlass ch/qos/logback/core/LifeCycleManager
instanceKlass com/google/inject/spi/InjectionRequest
instanceKlass org/eclipse/sisu/bean/BeanProperty
instanceKlass com/google/inject/internal/Nullability
instanceKlass  @bci com/google/inject/internal/KotlinSupport$KotlinUnsupported <clinit> ()V 7 <appendix> argL0 ; # com/google/inject/internal/KotlinSupport$KotlinUnsupported$$Lambda+0x0000024a1c477288
instanceKlass com/google/inject/internal/KotlinSupport$KotlinUnsupported
instanceKlass com/google/inject/internal/KotlinSupport$KotlinSupportHolder
instanceKlass com/google/inject/internal/KotlinSupportInterface
instanceKlass com/google/inject/internal/KotlinSupport
instanceKlass com/google/inject/spi/InjectionPoint$OverrideIndex
instanceKlass org/eclipse/sisu/inject/RankedBindings
instanceKlass org/eclipse/sisu/Mediator
instanceKlass com/google/inject/Inject
instanceKlass javax/inject/Inject
instanceKlass  @bci com/google/inject/internal/DeclaredMembers getDeclaredFields (Ljava/lang/Class;)[Ljava/lang/reflect/Field; 38 <appendix> argL0 ; # com/google/inject/internal/DeclaredMembers$$Lambda+0x0000024a1c475b08
instanceKlass  @bci com/google/inject/internal/DeclaredMembers getDeclaredFields (Ljava/lang/Class;)[Ljava/lang/reflect/Field; 20 <appendix> argL0 ; # com/google/inject/internal/DeclaredMembers$$Lambda+0x0000024a1c4758c8
instanceKlass  @bci com/google/inject/internal/DeclaredMembers getDeclaredFields (Ljava/lang/Class;)[Ljava/lang/reflect/Field; 15 <appendix> argL0 ; # com/google/inject/internal/DeclaredMembers$$Lambda+0x0000024a1c475688
instanceKlass  @bci com/google/inject/internal/DeclaredMembers getDeclaredFields (Ljava/lang/Class;)[Ljava/lang/reflect/Field; 7 <appendix> argL0 ; # com/google/inject/internal/DeclaredMembers$$Lambda+0x0000024a1c475448
instanceKlass com/google/inject/spi/InjectionPoint$InjectableMembers
instanceKlass com/google/inject/spi/InjectionPoint$InjectableMember
instanceKlass com/google/inject/spi/InjectionPoint
instanceKlass com/google/inject/internal/MoreTypes$GenericArrayTypeImpl
instanceKlass com/google/inject/internal/MoreTypes$CompositeType
instanceKlass com/google/inject/Key$AnnotationTypeStrategy
instanceKlass com/google/common/cache/LocalCache$StrongValueReference
instanceKlass com/google/common/util/concurrent/AbstractFuture$Failure
instanceKlass com/google/common/util/concurrent/AbstractFuture$Cancellation
instanceKlass com/google/common/util/concurrent/AbstractFuture$DelegatingToFuture
instanceKlass com/google/common/util/concurrent/Platform
instanceKlass com/google/common/util/concurrent/Uninterruptibles
instanceKlass com/google/common/util/concurrent/AbstractFuture$Listener
instanceKlass com/google/common/util/concurrent/AbstractFutureState$Waiter
instanceKlass com/google/common/util/concurrent/LazyLogger
instanceKlass com/google/common/util/concurrent/AbstractFutureState$AtomicHelper
instanceKlass com/google/common/util/concurrent/internal/InternalFutureFailureAccess
instanceKlass com/google/common/util/concurrent/AbstractFuture$Trusted
instanceKlass com/google/common/util/concurrent/ListenableFuture
instanceKlass  @bci sun/reflect/annotation/AnnotationParser parseEnumArray (ILjava/lang/Class;Ljava/nio/ByteBuffer;Ljdk/internal/reflect/ConstantPool;Ljava/lang/Class;)Ljava/lang/Object; 16 <appendix> member <vmtarget> ; # sun/reflect/annotation/AnnotationParser$$Lambda+0x0000024a1c375688
instanceKlass javax/inject/Named
instanceKlass javax/inject/Qualifier
instanceKlass com/google/inject/BindingAnnotation
instanceKlass javax/inject/Scope
instanceKlass com/google/inject/ScopeAnnotation
instanceKlass com/google/inject/internal/Annotations$AnnotationChecker
instanceKlass com/google/inject/internal/Annotations$TestAnnotation
instanceKlass com/google/inject/internal/Annotations$AnnotationToStringConfig
instanceKlass com/google/common/base/Joiner$MapJoiner
instanceKlass com/google/common/base/Joiner
instanceKlass com/google/inject/internal/Annotations
instanceKlass org/eclipse/sisu/Parameters
instanceKlass org/eclipse/sisu/wire/ParameterKeys
instanceKlass com/google/inject/internal/util/StackTraceElements$InMemoryStackTraceElement
instanceKlass com/google/inject/internal/util/StackTraceElements
instanceKlass org/eclipse/sisu/wire/TypeConverterCache
instanceKlass com/google/inject/internal/Scoping
instanceKlass com/google/inject/internal/InternalFactory
instanceKlass com/google/inject/internal/InternalFlags$1
instanceKlass com/google/inject/internal/InternalFlags
instanceKlass com/google/inject/spi/ConstructorBinding
instanceKlass com/google/inject/internal/DelayedInitialize
instanceKlass com/google/inject/spi/ProviderKeyBinding
instanceKlass com/google/inject/spi/ProviderInstanceBinding
instanceKlass com/google/inject/spi/InstanceBinding
instanceKlass com/google/inject/spi/HasDependencies
instanceKlass com/google/inject/spi/LinkedKeyBinding
instanceKlass com/google/inject/spi/UntargettedBinding
instanceKlass com/google/inject/internal/BindingImpl
instanceKlass com/google/inject/Key$AnnotationStrategy
instanceKlass org/eclipse/sisu/wire/ElementAnalyzer$1
instanceKlass com/google/inject/util/Modules$EmptyModule
instanceKlass com/google/inject/util/Modules$OverriddenModuleBuilder
instanceKlass com/google/inject/util/Modules
instanceKlass  @bci com/google/inject/internal/DeclaredMembers getDeclaredMethods (Ljava/lang/Class;)[Ljava/lang/reflect/Method; 62 <appendix> argL0 ; # com/google/inject/internal/DeclaredMembers$$Lambda+0x0000024a1c462cf0
instanceKlass com/google/common/collect/Ordering
instanceKlass  @bci com/google/inject/internal/DeclaredMembers getDeclaredMethods (Ljava/lang/Class;)[Ljava/lang/reflect/Method; 38 <appendix> argL0 ; # com/google/inject/internal/DeclaredMembers$$Lambda+0x0000024a1c462ab0
instanceKlass  @bci com/google/inject/internal/DeclaredMembers getDeclaredMethods (Ljava/lang/Class;)[Ljava/lang/reflect/Method; 33 <appendix> argL0 ; # com/google/inject/internal/DeclaredMembers$$Lambda+0x0000024a1c462870
instanceKlass  @bci com/google/inject/internal/DeclaredMembers getDeclaredMethods (Ljava/lang/Class;)[Ljava/lang/reflect/Method; 20 <appendix> argL0 ; # com/google/inject/internal/DeclaredMembers$$Lambda+0x0000024a1c462630
instanceKlass  @bci com/google/inject/internal/DeclaredMembers getDeclaredMethods (Ljava/lang/Class;)[Ljava/lang/reflect/Method; 15 <appendix> argL0 ; # com/google/inject/internal/DeclaredMembers$$Lambda+0x0000024a1c4623f0
instanceKlass  @bci com/google/inject/internal/DeclaredMembers getDeclaredMethods (Ljava/lang/Class;)[Ljava/lang/reflect/Method; 7 <appendix> argL0 ; # com/google/inject/internal/DeclaredMembers$$Lambda+0x0000024a1c4621b0
instanceKlass com/google/inject/internal/DeclaredMembers
instanceKlass com/google/common/base/ExtraObjectsMethodsForWeb
instanceKlass com/google/common/collect/ImmutableMap$Builder
instanceKlass com/google/inject/internal/MoreTypes
instanceKlass com/google/inject/multibindings/ProvidesIntoOptional
instanceKlass com/google/inject/multibindings/ProvidesIntoMap
instanceKlass com/google/inject/multibindings/ProvidesIntoSet
instanceKlass com/google/inject/Provides
instanceKlass javax/inject/Singleton
instanceKlass com/google/inject/spi/ElementSource
instanceKlass com/google/inject/spi/ScopeBinding
instanceKlass com/google/inject/Scopes$2
instanceKlass com/google/inject/Scopes$1
instanceKlass com/google/inject/internal/SingletonScope
instanceKlass com/google/inject/Scopes
instanceKlass com/google/inject/Singleton
instanceKlass com/google/inject/spi/Elements$ModuleInfo
instanceKlass com/google/inject/PrivateModule
instanceKlass  @bci com/google/inject/spi/BindingSourceRestriction$PermitMapConstruction pushModule (Ljava/lang/Class;Lcom/google/inject/spi/ModuleSource;)V 5 <appendix> member <vmtarget> ; # com/google/inject/spi/BindingSourceRestriction$PermitMapConstruction$$Lambda+0x0000024a1c45bca0
instanceKlass  @bci com/google/inject/spi/BindingSourceRestriction getPermits (Ljava/lang/Class;)Ljava/util/stream/Stream; 43 <appendix> argL0 ; # com/google/inject/spi/BindingSourceRestriction$$Lambda+0x0000024a1c45ba50
instanceKlass  @bci com/google/inject/spi/BindingSourceRestriction getPermits (Ljava/lang/Class;)Ljava/util/stream/Stream; 33 <appendix> argL0 ; # com/google/inject/spi/BindingSourceRestriction$$Lambda+0x0000024a1c45b810
instanceKlass sun/reflect/annotation/AnnotatedTypeFactory$AnnotatedTypeBaseImpl
instanceKlass sun/reflect/annotation/AnnotatedTypeFactory
instanceKlass sun/reflect/annotation/TypeAnnotation$LocationInfo$Location
instanceKlass sun/reflect/annotation/TypeAnnotation$LocationInfo
instanceKlass sun/reflect/annotation/TypeAnnotation
instanceKlass sun/reflect/annotation/TypeAnnotationParser
instanceKlass com/google/inject/RestrictedBindingSource
instanceKlass com/google/inject/spi/BindingSourceRestriction
instanceKlass com/google/inject/spi/ModuleSource
instanceKlass com/google/inject/internal/ProviderMethodsModule
instanceKlass com/google/inject/spi/BindingSourceRestriction$PermitMapConstruction$PermitMapImpl
instanceKlass com/google/inject/spi/BindingSourceRestriction$PermitMap
instanceKlass com/google/inject/spi/BindingSourceRestriction$PermitMapConstruction
instanceKlass com/google/common/collect/Hashing
instanceKlass com/google/common/math/IntMath$1
instanceKlass com/google/common/math/MathPreconditions
instanceKlass com/google/common/math/IntMath
instanceKlass com/google/inject/internal/AbstractBindingBuilder
instanceKlass com/google/inject/binder/ConstantBindingBuilder
instanceKlass com/google/inject/binder/AnnotatedElementBuilder
instanceKlass com/google/inject/spi/Elements$RecordingBinder
instanceKlass com/google/inject/Binding
instanceKlass com/google/inject/spi/DefaultBindingTargetVisitor
instanceKlass com/google/inject/spi/BindingTargetVisitor
instanceKlass com/google/inject/spi/Elements
instanceKlass com/google/inject/internal/InjectorShell$RootModule
instanceKlass com/google/common/collect/ListMultimap
instanceKlass com/google/inject/internal/InjectorBindingData
instanceKlass  @bci com/google/inject/internal/WeakKeySet <init> (Ljava/lang/Object;)V 12 <appendix> member <vmtarget> ; # com/google/inject/internal/WeakKeySet$$Lambda+0x0000024a1c458420
instanceKlass com/google/inject/internal/WeakKeySet
instanceKlass com/google/common/collect/Sets
instanceKlass com/google/inject/internal/InjectorJitBindingData
instanceKlass com/google/inject/internal/ProcessedBindingData
instanceKlass com/google/inject/spi/DefaultElementVisitor
instanceKlass com/google/inject/internal/InjectorShell$Builder
instanceKlass com/google/common/collect/Lists
instanceKlass com/google/common/collect/CollectPreconditions
instanceKlass com/google/common/collect/LinkedHashMultimap$MultimapIterationChain
instanceKlass com/google/common/collect/Platform
instanceKlass com/google/common/collect/Multiset
instanceKlass com/google/common/collect/AbstractMultimap
instanceKlass com/google/common/collect/SetMultimap
instanceKlass  @bci org/eclipse/m2e/core/embedder/MavenSettingsLocations equals (Ljava/lang/Object;)Z 2 <adapter> ; # java/lang/invoke/LambdaForm$MH+0x0000024a1c456800
instanceKlass com/google/inject/internal/CycleDetectingLock
# instanceKlass java/lang/invoke/LambdaForm$MH+0x0000024a1c456400
instanceKlass com/google/common/collect/Multimap
instanceKlass com/google/inject/internal/CycleDetectingLock$CycleDetectingLockFactory
instanceKlass  @bci org/eclipse/m2e/core/embedder/MavenSettingsLocations equals (Ljava/lang/Object;)Z 2 <appendix> form vmentry <vmtarget> ; # java/lang/invoke/LambdaForm$MH+0x0000024a1c456000
instanceKlass com/google/inject/internal/Initializable
instanceKlass com/google/inject/internal/Initializer
instanceKlass  @bci org/eclipse/m2e/core/embedder/MavenSettingsLocations equals (Ljava/lang/Object;)Z 2 <appendix> argL1 form vmentry <vmtarget> ; # java/lang/invoke/LambdaForm$MH+0x0000024a1c455c00
instanceKlass  @bci org/eclipse/m2e/core/embedder/MavenSettingsLocations equals (Ljava/lang/Object;)Z 2 <appendix> form names 9 function resolvedHandle form vmentry <vmtarget> ; # java/lang/invoke/LambdaForm$MH+0x0000024a1c455800
# instanceKlass java/lang/invoke/LambdaForm$DMH+0x0000024a1c455400
# instanceKlass java/lang/invoke/LambdaForm$MH+0x0000024a1c455000
instanceKlass com/google/common/collect/ImmutableCollection$Builder
# instanceKlass java/lang/invoke/LambdaForm$MH+0x0000024a1c454c00
# instanceKlass java/lang/invoke/LambdaForm$MH+0x0000024a1c454800
# instanceKlass java/lang/invoke/LambdaForm$MH+0x0000024a1c454400
# instanceKlass java/lang/invoke/LambdaForm$MH+0x0000024a1c454000
instanceKlass com/google/common/collect/ImmutableSet$SetBuilderImpl
instanceKlass com/google/inject/internal/util/SourceProvider
instanceKlass  @bci org/eclipse/jdt/ls/core/internal/preferences/Preferences updateFrom (Lorg/eclipse/jdt/ls/core/internal/preferences/Preferences;Ljava/util/Map;)Lorg/eclipse/jdt/ls/core/internal/preferences/Preferences; 3432 <appendix> member <vmtarget> ; # org/eclipse/jdt/ls/core/internal/preferences/Preferences$$Lambda+0x0000024a1c42dd80
instanceKlass com/google/inject/spi/ErrorDetail
instanceKlass com/google/common/base/CommonPattern
instanceKlass com/google/common/base/Platform$JdkPatternCompiler
instanceKlass com/google/inject/internal/Errors
instanceKlass com/google/common/base/PatternCompiler
instanceKlass com/google/common/base/Platform
instanceKlass com/google/common/base/Strings
instanceKlass  @bci org/eclipse/jdt/ls/core/internal/preferences/Preferences updateFrom (Lorg/eclipse/jdt/ls/core/internal/preferences/Preferences;Ljava/util/Map;)Lorg/eclipse/jdt/ls/core/internal/preferences/Preferences; 2362 <appendix> member <vmtarget> ; # org/eclipse/jdt/ls/core/internal/preferences/Preferences$$Lambda+0x0000024a1c42db48
instanceKlass org/eclipse/jdt/ls/core/internal/RuntimeEnvironment
instanceKlass com/google/common/base/Stopwatch
instanceKlass org/eclipse/jdt/internal/corext/util/TypeFilter
instanceKlass com/google/inject/internal/util/ContinuousStopwatch
instanceKlass  @bci org/eclipse/jdt/ls/core/internal/preferences/Preferences setResourceFilters (Ljava/util/List;)Lorg/eclipse/jdt/ls/core/internal/preferences/Preferences; 11 <appendix> argL0 ; # org/eclipse/jdt/ls/core/internal/preferences/Preferences$$Lambda+0x0000024a1c42d678
instanceKlass com/google/inject/Injector
instanceKlass com/google/inject/internal/InternalInjectorCreator
instanceKlass com/google/common/base/Ascii
instanceKlass com/google/inject/Guice
instanceKlass org/eclipse/sisu/wire/Wiring
instanceKlass org/eclipse/sisu/wire/WireModule$Strategy$1
instanceKlass org/eclipse/sisu/wire/WireModule$Strategy
instanceKlass org/eclipse/sisu/wire/AbstractTypeConverter
instanceKlass com/google/common/base/CharMatcher
instanceKlass com/google/inject/spi/ElementVisitor
instanceKlass org/eclipse/sisu/wire/WireModule
instanceKlass org/eclipse/sisu/bean/BeanBinder
instanceKlass org/eclipse/sisu/plexus/PlexusBindingModule
instanceKlass org/codehaus/plexus/DefaultPlexusContainer$BootModule
instanceKlass org/codehaus/plexus/component/annotations/Configuration
instanceKlass org/eclipse/sisu/plexus/PlexusAnnotatedMetadata
instanceKlass org/eclipse/sisu/plexus/PlexusBeanMetadata
instanceKlass org/eclipse/sisu/plexus/PlexusAnnotatedBeanModule$PlexusAnnotatedBeanSource
instanceKlass org/eclipse/sisu/space/SpaceModule$2
instanceKlass org/eclipse/sisu/space/SpaceModule$Strategy$2
instanceKlass org/eclipse/sisu/space/SpaceModule$Strategy$1
instanceKlass org/eclipse/jdt/ls/core/internal/handlers/MapFlattener
instanceKlass org/eclipse/sisu/space/DefaultClassFinder
instanceKlass org/objectweb/asm/ClassVisitor
instanceKlass org/eclipse/sisu/space/SpaceScanner
instanceKlass org/eclipse/sisu/space/IndexedClassFinder
instanceKlass org/eclipse/jdt/ls/core/internal/preferences/ClientPreferences
instanceKlass org/eclipse/sisu/space/ClassFinder
instanceKlass org/eclipse/sisu/space/SpaceModule
instanceKlass org/eclipse/sisu/space/SpaceVisitor
instanceKlass org/eclipse/sisu/plexus/PlexusTypeListener
instanceKlass org/eclipse/sisu/space/QualifiedTypeListener
instanceKlass org/eclipse/sisu/plexus/PlexusAnnotatedBeanModule$1
instanceKlass org/eclipse/sisu/space/SpaceModule$Strategy
instanceKlass org/eclipse/sisu/plexus/PlexusAnnotatedBeanModule
instanceKlass org/eclipse/sisu/plexus/PlexusBeanSource
instanceKlass org/eclipse/sisu/plexus/PlexusXmlBeanModule
instanceKlass org/eclipse/sisu/plexus/PlexusBeanModule
instanceKlass org/eclipse/sisu/space/URLClassSpace
instanceKlass com/google/gson/internal/bind/ObjectTypeAdapter$2
instanceKlass org/codehaus/plexus/DefaultPlexusContainer$SLF4JLoggerFactoryProvider
instanceKlass com/google/gson/internal/LinkedTreeMap$LinkedTreeMapIterator
instanceKlass com/google/inject/util/Providers$ConstantProvider
instanceKlass com/google/inject/util/Providers
instanceKlass org/codehaus/plexus/personality/plexus/lifecycle/phase/Disposable
instanceKlass org/codehaus/plexus/personality/plexus/lifecycle/phase/Startable
instanceKlass org/codehaus/plexus/personality/plexus/lifecycle/phase/Initializable
instanceKlass org/codehaus/plexus/personality/plexus/lifecycle/phase/Contextualizable
instanceKlass org/codehaus/plexus/logging/LogEnabled
instanceKlass org/eclipse/sisu/bean/PropertyBinding
instanceKlass org/eclipse/jdt/ls/core/internal/JSONUtility
instanceKlass javax/annotation/PreDestroy
instanceKlass javax/annotation/PostConstruct
instanceKlass org/eclipse/sisu/bean/LifecycleBuilder
instanceKlass org/eclipse/sisu/bean/BeanScheduler$1
instanceKlass com/google/inject/spi/DefaultBindingScopingVisitor
instanceKlass com/google/inject/spi/BindingScopingVisitor
instanceKlass org/eclipse/sisu/bean/BeanScheduler$CycleActivator
instanceKlass com/google/inject/PrivateBinder
instanceKlass com/google/inject/spi/TypeListener
instanceKlass com/google/inject/MembersInjector
instanceKlass org/aopalliance/intercept/MethodInterceptor
instanceKlass org/aopalliance/intercept/Interceptor
instanceKlass org/aopalliance/aop/Advice
instanceKlass com/google/inject/binder/AnnotatedConstantBindingBuilder
instanceKlass com/google/inject/spi/ModuleAnnotatedMethodScanner
instanceKlass com/google/inject/Scope
instanceKlass com/google/inject/spi/Message
instanceKlass com/google/inject/spi/Element
instanceKlass com/google/inject/spi/Dependency
instanceKlass com/google/inject/Key
instanceKlass com/google/inject/binder/AnnotatedBindingBuilder
instanceKlass com/google/inject/binder/LinkedBindingBuilder
instanceKlass com/google/inject/binder/ScopedBindingBuilder
instanceKlass com/google/inject/TypeLiteral
instanceKlass com/google/inject/spi/ProvisionListener
instanceKlass com/google/inject/Binder
instanceKlass org/eclipse/sisu/bean/BeanScheduler
instanceKlass org/eclipse/sisu/plexus/DefaultPlexusBeanLocator
instanceKlass org/eclipse/sisu/plexus/RealmManager
instanceKlass org/codehaus/plexus/context/ContextMapAdapter
instanceKlass org/codehaus/plexus/context/DefaultContext
instanceKlass org/codehaus/plexus/logging/AbstractLogger
instanceKlass org/codehaus/plexus/DefaultPlexusContainer$LoggerProvider
instanceKlass org/codehaus/plexus/DefaultPlexusContainer$DefaultsModule
instanceKlass org/codehaus/plexus/DefaultPlexusContainer$ContainerModule
instanceKlass org/eclipse/sisu/inject/ImplicitBindings
instanceKlass org/eclipse/sisu/inject/MildValues$InverseMapping
instanceKlass org/eclipse/sisu/inject/MildValues
instanceKlass java/util/concurrent/atomic/AtomicReferenceFieldUpdater$AtomicReferenceFieldUpdaterImpl$1
instanceKlass java/util/concurrent/atomic/AtomicReferenceFieldUpdater
instanceKlass org/eclipse/sisu/inject/RankedSequence$Content
instanceKlass org/eclipse/sisu/inject/RankedSequence
instanceKlass org/eclipse/sisu/inject/BindingSubscriber
instanceKlass org/eclipse/sisu/inject/DefaultBeanLocator
instanceKlass org/eclipse/sisu/inject/DeferredClass
instanceKlass org/codehaus/plexus/DefaultPlexusContainer$LoggerManagerProvider
instanceKlass org/eclipse/sisu/inject/DeferredProvider
instanceKlass com/google/inject/Provider
instanceKlass org/eclipse/m2e/core/internal/embedder/IMavenComponentContributor$IMavenComponentBinder
instanceKlass com/google/inject/AbstractModule
instanceKlass org/codehaus/plexus/context/Context
instanceKlass org/eclipse/sisu/inject/BindingPublisher
instanceKlass org/eclipse/sisu/inject/RankingFunction
instanceKlass org/eclipse/sisu/space/ClassSpace
instanceKlass javax/inject/Provider
instanceKlass org/eclipse/sisu/bean/BeanManager
instanceKlass org/eclipse/sisu/plexus/PlexusBeanLocator
instanceKlass org/eclipse/sisu/inject/MutableBeanLocator
instanceKlass org/eclipse/sisu/inject/BeanLocator
instanceKlass org/codehaus/plexus/DefaultPlexusContainer
instanceKlass org/codehaus/plexus/MutablePlexusContainer
instanceKlass  @bci java/util/function/Function andThen (Ljava/util/function/Function;)Ljava/util/function/Function; 7 <appendix> member <vmtarget> ; # java/util/function/Function$$Lambda+0x0000024a1c372bc8
instanceKlass  @cpi java/util/function/Function 58 form vmentry <vmtarget> ; # java/lang/invoke/LambdaForm$DMH+0x0000024a1c438000
instanceKlass  @bci org/apache/maven/extension/internal/CoreExports <init> (Lorg/codehaus/plexus/classworlds/realm/ClassRealm;Ljava/util/Set;Ljava/util/Set;)V 38 <appendix> argL0 ; # org/apache/maven/extension/internal/CoreExports$$Lambda+0x0000024a1c4367a0
instanceKlass  @bci java/util/stream/Collectors uniqKeysMapMerger ()Ljava/util/function/BinaryOperator; 0 <appendix> argL0 ; # java/util/stream/Collectors$$Lambda+0x0000024a1c372980
instanceKlass  @bci java/util/stream/Collectors uniqKeysMapAccumulator (Ljava/util/function/Function;Ljava/util/function/Function;)Ljava/util/function/BiConsumer; 2 <appendix> member <vmtarget> ; # java/util/stream/Collectors$$Lambda+0x0000024a1c372748
instanceKlass  @bci java/util/stream/Collectors toMap (Ljava/util/function/Function;Ljava/util/function/Function;)Ljava/util/stream/Collector; 4 <appendix> argL0 ; # java/util/stream/Collectors$$Lambda+0x0000024a1c372528
instanceKlass  @bci org/apache/maven/extension/internal/CoreExports <init> (Lorg/codehaus/plexus/classworlds/realm/ClassRealm;Ljava/util/Set;Ljava/util/Set;)V 30 <appendix> member <vmtarget> ; # org/apache/maven/extension/internal/CoreExports$$Lambda+0x0000024a1c436558
instanceKlass  @bci java/util/function/Function identity ()Ljava/util/function/Function; 0 <appendix> argL0 ; # java/util/function/Function$$Lambda+0x0000024a1c3722e8
instanceKlass org/apache/maven/extension/internal/CoreExports
instanceKlass org/codehaus/plexus/DefaultContainerConfiguration
instanceKlass  @bci org/eclipse/jdt/internal/core/search/PatternSearchJob performParallelSearch ([Lorg/eclipse/jdt/internal/core/index/Index;Lorg/eclipse/core/runtime/SubMonitor;)Z 161 <appendix> member <vmtarget> ; # org/eclipse/jdt/internal/core/search/PatternSearchJob$$Lambda+0x0000024a1c411678
instanceKlass org/eclipse/jdt/internal/core/search/PatternSearchJob$IndexMatch
instanceKlass org/codehaus/plexus/ContainerConfiguration
instanceKlass org/eclipse/m2e/internal/maven/compat/PlexusContainerFacade
instanceKlass java/util/concurrent/ForkJoinPool$DefaultForkJoinWorkerThreadFactory$1
instanceKlass  @bci org/eclipse/m2e/core/internal/embedder/PlexusContainerManager newPlexusContainer (Ljava/io/File;Lorg/codehaus/plexus/logging/LoggerManager;Lorg/eclipse/m2e/core/embedder/IMavenConfiguration;)Lorg/eclipse/m2e/core/internal/embedder/IMavenPlexusContainer; 39 <appendix> member <vmtarget> ; # org/eclipse/m2e/core/internal/embedder/PlexusContainerManager$$Lambda+0x0000024a1c2a92a8
instanceKlass  @bci org/eclipse/jdt/internal/core/search/PatternSearchJob performParallelSearch ([Lorg/eclipse/jdt/internal/core/index/Index;Lorg/eclipse/core/runtime/SubMonitor;)Z 81 <appendix> member <vmtarget> ; # org/eclipse/jdt/internal/core/search/PatternSearchJob$$Lambda+0x0000024a1c411240
instanceKlass org/eclipse/m2e/internal/maven/compat/PlexusContainerFacade$MavenExecutionRequesFactory
instanceKlass org/eclipse/jdt/internal/core/search/PatternSearchJob$IndexResult
instanceKlass org/codehaus/plexus/util/BaseIOUtil
instanceKlass org/codehaus/plexus/util/xml/pull/MXParser
instanceKlass org/codehaus/plexus/util/xml/pull/XmlPullParser
instanceKlass org/codehaus/plexus/util/xml/Xpp3DomBuilder
instanceKlass  @bci java/util/regex/Pattern union (Ljava/util/regex/Pattern$CharPredicate;Ljava/util/regex/Pattern$CharPredicate;Z)Ljava/util/regex/Pattern$CharPredicate; 14 <appendix> member <vmtarget> ; # java/util/regex/Pattern$$Lambda+0x0000024a1c3718b8
instanceKlass org/codehaus/plexus/util/ReaderFactory
instanceKlass org/apache/maven/project/ExtensionDescriptor
instanceKlass org/apache/maven/project/ExtensionDescriptorBuilder
instanceKlass org/apache/maven/extension/internal/CoreExtensionEntry
instanceKlass org/codehaus/plexus/classworlds/strategy/AbstractStrategy
instanceKlass org/codehaus/plexus/classworlds/strategy/Strategy
instanceKlass org/codehaus/plexus/classworlds/strategy/StrategyFactory
instanceKlass  @bci org/eclipse/m2e/core/internal/embedder/PlexusContainerManager cleanup ()V 16 <appendix> argL0 ; # org/eclipse/m2e/core/internal/embedder/PlexusContainerManager$$Lambda+0x0000024a1c2a9058
instanceKlass org/apache/maven/settings/building/SettingsBuilder
instanceKlass org/eclipse/m2e/core/internal/M2EUtils
instanceKlass org/apache/maven/settings/building/DefaultSettingsBuildingRequest
instanceKlass  @bci org/eclipse/m2e/core/internal/embedder/MavenImpl getSettings (Lorg/eclipse/m2e/core/embedder/MavenSettingsLocations;)Lorg/apache/maven/settings/Settings; 6 <appendix> member <vmtarget> ; # org/eclipse/m2e/core/internal/embedder/MavenImpl$$Lambda+0x0000024a1c2a8c08
instanceKlass org/apache/maven/cli/configuration/SettingsXmlConfigurationProcessor
instanceKlass org/apache/maven/cli/configuration/ConfigurationProcessor
instanceKlass org/eclipse/core/runtime/jobs/IJobStatus
instanceKlass  @bci org/eclipse/core/internal/jobs/JobManager reportBlocked (Lorg/eclipse/core/runtime/IProgressMonitor;Ljava/util/Collection;)V 6 <appendix> argL0 ; # org/eclipse/core/internal/jobs/JobManager$$Lambda+0x0000024a1c430488
instanceKlass org/eclipse/lsp4j/WorkDoneProgressNotification
instanceKlass org/eclipse/lsp4j/ServerInfo
instanceKlass org/eclipse/jdt/ls/core/internal/handlers/BaseInitHandler
instanceKlass com/google/gson/internal/bind/JsonElementTypeAdapter$1
instanceKlass org/eclipse/lsp4j/jsonrpc/util/Preconditions
instanceKlass org/eclipse/lsp4j/jsonrpc/json/adapters/JsonElementTypeAdapter$Factory
instanceKlass org/eclipse/lsp4j/StaleRequestCapabilities
instanceKlass org/eclipse/lsp4j/MarkdownCapabilities
instanceKlass org/eclipse/lsp4j/RegularExpressionsCapabilities
instanceKlass org/eclipse/lsp4j/WindowShowMessageRequestActionItemCapabilities
instanceKlass org/eclipse/lsp4j/ShowDocumentCapabilities
instanceKlass org/eclipse/lsp4j/WindowShowMessageRequestCapabilities
instanceKlass org/eclipse/lsp4j/InlayHintResolveSupportCapabilities
instanceKlass org/eclipse/lsp4j/SemanticTokensClientCapabilitiesRequestsFull
instanceKlass org/eclipse/lsp4j/SemanticTokensClientCapabilitiesRequests
instanceKlass org/eclipse/lsp4j/FoldingRangeSupportCapabilities
instanceKlass org/eclipse/lsp4j/FoldingRangeKindSupportCapabilities
instanceKlass org/eclipse/lsp4j/jsonrpc/json/adapters/EitherTypeAdapter$EitherTypeArgument
instanceKlass org/eclipse/lsp4j/DiagnosticsTagSupport
instanceKlass org/eclipse/lsp4j/CodeActionKindCapabilities
instanceKlass org/eclipse/lsp4j/CodeActionResolveSupportCapabilities
instanceKlass org/eclipse/lsp4j/CodeActionLiteralSupportCapabilities
instanceKlass org/eclipse/lsp4j/ParameterInformationCapabilities
instanceKlass org/eclipse/lsp4j/SignatureInformationCapabilities
instanceKlass org/eclipse/lsp4j/CompletionItemInsertTextModeSupportCapabilities
instanceKlass org/eclipse/lsp4j/CompletionItemResolveSupportCapabilities
instanceKlass org/eclipse/lsp4j/CompletionItemTagSupportCapabilities
instanceKlass org/eclipse/lsp4j/CompletionListCapabilities
instanceKlass org/eclipse/lsp4j/CompletionItemCapabilities
instanceKlass org/eclipse/lsp4j/CompletionItemKindCapabilities
instanceKlass org/eclipse/equinox/internal/app/EclipseAppHandle$1
instanceKlass  @bci org/eclipse/equinox/internal/app/EclipseAppHandle getStartupMonitors ()[Lorg/osgi/framework/ServiceReference; 34 <appendix> argL0 ; # org/eclipse/equinox/internal/app/EclipseAppHandle$$Lambda+0x0000024a1c381200
instanceKlass org/eclipse/lsp4j/PublishDiagnosticsCapabilities
instanceKlass org/eclipse/jdt/internal/compiler/util/HashtableOfObject
instanceKlass org/eclipse/jdt/internal/compiler/util/HashtableOfIntValues
instanceKlass org/eclipse/jdt/internal/compiler/util/SimpleSetOfCharArray
instanceKlass org/eclipse/jdt/internal/core/index/DiskIndex
instanceKlass org/eclipse/jdt/internal/core/util/SimpleWordSet
instanceKlass org/eclipse/jdt/internal/core/index/MemoryIndex
instanceKlass  @bci java/util/regex/Pattern CIRange (II)Ljava/util/regex/Pattern$CharPredicate; 2 <appendix> member <vmtarget> ; # java/util/regex/Pattern$$Lambda+0x0000024a1c3713f8
instanceKlass  @bci java/util/regex/Pattern SingleI (II)Ljava/util/regex/Pattern$BmpCharPredicate; 2 <appendix> member <vmtarget> ; # java/util/regex/Pattern$$Lambda+0x0000024a1c371168
instanceKlass org/eclipse/jdt/internal/core/search/indexing/ReadWriteMonitor
instanceKlass java/time/format/Parsed
instanceKlass java/time/format/DateTimeParseContext
instanceKlass org/eclipse/jdt/ls/core/internal/LogReader$LogEntry
instanceKlass  @bci org/eclipse/core/runtime/ServiceCaller callOnce (Ljava/lang/Class;Ljava/lang/Class;Ljava/lang/String;Ljava/util/function/Consumer;)Z 14 <appendix> member <vmtarget> ; # org/eclipse/core/runtime/ServiceCaller$$Lambda+0x0000024a1c1ab7f0
instanceKlass  @bci org/eclipse/core/internal/content/ContentTypeManager$DebuggingHolder <clinit> ()V 9 <appendix> member <vmtarget> ; # org/eclipse/core/internal/content/ContentTypeManager$DebuggingHolder$$Lambda+0x0000024a1c418e38
instanceKlass  @cpi com/google/inject/internal/aop/ClassBuilding 315 form vmentry <vmtarget> ; # java/lang/invoke/LambdaForm$DMH+0x0000024a1c421000
instanceKlass org/eclipse/jdt/ls/core/internal/LogReader$LogSession
instanceKlass org/eclipse/core/internal/content/ContentTypeManager$DebuggingHolder
instanceKlass org/eclipse/lsp4j/WorkspaceSymbolResolveSupportCapabilities
instanceKlass org/eclipse/lsp4j/SymbolTagSupportCapabilities
instanceKlass org/eclipse/lsp4j/SymbolKindCapabilities
instanceKlass  @bci org/eclipse/core/internal/content/ContentTypeBuilder applyPreferences (Lorg/eclipse/core/internal/content/ContentTypeCatalog;Lorg/eclipse/core/runtime/preferences/IEclipsePreferences;Z)V 4 <adapter> ; # java/lang/invoke/LambdaForm$MH+0x0000024a1c420c00
# instanceKlass java/lang/invoke/LambdaForm$DMH+0x0000024a1c420800
instanceKlass  @bci org/eclipse/core/internal/content/ContentTypeBuilder applyPreferences (Lorg/eclipse/core/internal/content/ContentTypeCatalog;Lorg/eclipse/core/runtime/preferences/IEclipsePreferences;Z)V 4 <appendix> form vmentry <vmtarget> ; # java/lang/invoke/LambdaForm$DMH+0x0000024a1c420400
instanceKlass  @bci org/eclipse/core/internal/content/ContentTypeBuilder applyPreferences (Lorg/eclipse/core/internal/content/ContentTypeCatalog;Lorg/eclipse/core/runtime/preferences/IEclipsePreferences;Z)V 4 <appendix> member <vmtarget> ; # org/eclipse/core/internal/content/ContentTypeBuilder$$Lambda+0x0000024a1c418a08
instanceKlass  @bci org/eclipse/lsp4j/jsonrpc/json/adapters/CollectionTypeAdapter$Factory getConstructor (Ljava/lang/Class;)Ljava/util/function/Supplier; 62 <appendix> argL0 ; # org/eclipse/lsp4j/jsonrpc/json/adapters/CollectionTypeAdapter$Factory$$Lambda+0x0000024a1c41c270
instanceKlass  @cpi org/eclipse/core/internal/content/ContentTypeBuilder 424 form vmentry <vmtarget> ; # java/lang/invoke/LambdaForm$DMH+0x0000024a1c420000
instanceKlass org/eclipse/lsp4j/jsonrpc/json/adapters/TypeUtils$ParameterizedTypeImpl
instanceKlass org/eclipse/core/runtime/preferences/IPreferenceNodeVisitor
instanceKlass org/eclipse/lsp4j/WorkspaceEditChangeAnnotationSupportCapabilities
instanceKlass org/eclipse/lsp4j/DiagnosticWorkspaceCapabilities
instanceKlass org/eclipse/lsp4j/InlineValueWorkspaceCapabilities
instanceKlass org/eclipse/lsp4j/InlayHintWorkspaceCapabilities
instanceKlass org/eclipse/core/internal/content/FileSpec
instanceKlass org/eclipse/lsp4j/CodeLensWorkspaceCapabilities
instanceKlass org/eclipse/lsp4j/SemanticTokensWorkspaceCapabilities
instanceKlass org/eclipse/core/internal/content/ContentType
instanceKlass org/eclipse/lsp4j/DynamicRegistrationCapabilities
instanceKlass org/eclipse/lsp4j/WorkspaceEditCapabilities
instanceKlass org/eclipse/core/internal/content/Util
instanceKlass org/eclipse/lsp4j/GeneralClientCapabilities
instanceKlass org/eclipse/lsp4j/NotebookDocumentClientCapabilities
instanceKlass org/eclipse/lsp4j/WindowClientCapabilities
instanceKlass org/eclipse/lsp4j/TextDocumentClientCapabilities
instanceKlass  @bci org/eclipse/core/internal/content/ContentTypeCatalog <init> (Lorg/eclipse/core/internal/content/ContentTypeManager;I)V 118 <appendix> argL0 ; # org/eclipse/core/internal/content/ContentTypeCatalog$$Lambda+0x0000024a1c169ad8
instanceKlass  @bci org/eclipse/core/internal/content/ContentTypeCatalog <init> (Lorg/eclipse/core/internal/content/ContentTypeManager;I)V 109 <appendix> argL0 ; # org/eclipse/core/internal/content/ContentTypeCatalog$$Lambda+0x0000024a1c169840
instanceKlass  @bci org/eclipse/core/internal/content/ContentTypeCatalog <init> (Lorg/eclipse/core/internal/content/ContentTypeManager;I)V 100 <appendix> argL0 ; # org/eclipse/core/internal/content/ContentTypeCatalog$$Lambda+0x0000024a1c1695a8
instanceKlass  @bci org/eclipse/core/internal/content/ContentTypeCatalog <init> (Lorg/eclipse/core/internal/content/ContentTypeManager;I)V 91 <appendix> argL0 ; # org/eclipse/core/internal/content/ContentTypeCatalog$$Lambda+0x0000024a1c169310
instanceKlass org/eclipse/lsp4j/WorkspaceClientCapabilities
instanceKlass  @bci org/eclipse/core/internal/content/ContentTypeCatalog <init> (Lorg/eclipse/core/internal/content/ContentTypeManager;I)V 82 <appendix> argL0 ; # org/eclipse/core/internal/content/ContentTypeCatalog$$Lambda+0x0000024a1c169078
instanceKlass org/eclipse/lsp4j/ClientCapabilities
instanceKlass org/eclipse/jdt/internal/core/index/Index
instanceKlass com/google/gson/internal/bind/ReflectiveTypeAdapterFactory$FieldsData
instanceKlass org/eclipse/lsp4j/jsonrpc/validation/NonNull
instanceKlass com/google/gson/annotations/SerializedName
instanceKlass org/eclipse/lsp4j/ClientInfo
instanceKlass  @bci com/google/gson/internal/ConstructorConstructor newDefaultConstructor (Ljava/lang/Class;Lcom/google/gson/ReflectionAccessFilter$FilterResult;)Lcom/google/gson/internal/ObjectConstructor; 130 <appendix> member <vmtarget> ; # com/google/gson/internal/ConstructorConstructor$$Lambda+0x0000024a1c3c2288
instanceKlass org/eclipse/lsp4j/adapters/InitializeParamsTypeAdapter$Factory
instanceKlass com/google/gson/annotations/JsonAdapter
instanceKlass org/eclipse/lsp4j/jsonrpc/messages/Tuple$Two
instanceKlass org/eclipse/lsp4j/jsonrpc/messages/Tuple
instanceKlass org/eclipse/lsp4j/jsonrpc/json/adapters/TypeUtils
instanceKlass java/text/CalendarBuilder
instanceKlass java/text/ParsePosition
instanceKlass sun/nio/ch/WindowsAsynchronousFileChannelImpl$ReadTask
instanceKlass sun/nio/ch/Iocp$ResultHandler
instanceKlass org/eclipse/jdt/ls/core/internal/LogReader
instanceKlass sun/nio/ch/PendingFuture
instanceKlass org/eclipse/lsp4j/jsonrpc/json/ConcurrentMessageProcessor$1
instanceKlass org/eclipse/lsp4j/jsonrpc/json/StreamMessageProducer$Headers
instanceKlass  @bci org/eclipse/jdt/ls/core/internal/handlers/WorkspaceEventsHandler <init> (Lorg/eclipse/jdt/ls/core/internal/managers/ProjectsManager;Lorg/eclipse/jdt/ls/core/internal/JavaClientConnection;Lorg/eclipse/jdt/ls/core/internal/handlers/BaseDocumentLifeCycleHandler;)V 35 <appendix> member <vmtarget> ; # org/eclipse/jdt/ls/core/internal/handlers/WorkspaceEventsHandler$$Lambda+0x0000024a1c403110
instanceKlass org/eclipse/jdt/ls/core/internal/handlers/WorkspaceEventsHandler
instanceKlass org/eclipse/jdt/core/manipulation/CoreASTProvider$WAIT_FLAG
instanceKlass org/eclipse/jdt/core/manipulation/CoreASTProvider
instanceKlass org/eclipse/jdt/ls/core/internal/MovingAverage
instanceKlass org/eclipse/jdt/ls/core/internal/handlers/BaseDiagnosticsHandler
instanceKlass org/eclipse/jdt/core/IProblemRequestor
instanceKlass org/eclipse/lsp4j/jsonrpc/StandardLauncher
instanceKlass org/eclipse/lsp4j/jsonrpc/json/ConcurrentMessageProcessor
instanceKlass org/eclipse/lsp4j/jsonrpc/json/StreamMessageProducer
instanceKlass  @bci java/lang/reflect/Proxy getProxyConstructor (Ljava/lang/Class;Ljava/lang/ClassLoader;[Ljava/lang/Class;)Ljava/lang/reflect/Constructor; 80 <appendix> argL0 ; # java/lang/reflect/Proxy$$Lambda+0x0000024a1c36f8e0
instanceKlass  @bci org/eclipse/lsp4j/jsonrpc/services/EndpointProxy <init> (Lorg/eclipse/lsp4j/jsonrpc/Endpoint;Ljava/util/Collection;)V 197 <appendix> member <vmtarget> ; # org/eclipse/lsp4j/jsonrpc/services/EndpointProxy$$Lambda+0x0000024a1c40fab8
instanceKlass  @bci org/eclipse/lsp4j/jsonrpc/services/EndpointProxy <init> (Lorg/eclipse/lsp4j/jsonrpc/Endpoint;Ljava/util/Collection;)V 178 <appendix> member <vmtarget> ; # org/eclipse/lsp4j/jsonrpc/services/EndpointProxy$$Lambda+0x0000024a1c40f880
instanceKlass org/eclipse/lsp4j/jsonrpc/services/EndpointProxy
instanceKlass  @bci org/eclipse/lsp4j/jsonrpc/RemoteEndpoint <clinit> ()V 11 <appendix> argL0 ; # org/eclipse/lsp4j/jsonrpc/RemoteEndpoint$$Lambda+0x0000024a1c40f408
instanceKlass org/eclipse/lsp4j/jsonrpc/messages/ResponseError
instanceKlass org/eclipse/lsp4j/jsonrpc/RemoteEndpoint
instanceKlass  @bci java/lang/reflect/Executable sharedToString (IZ[Ljava/lang/Class;[Ljava/lang/Class;)Ljava/lang/String; 29 <appendix> argL0 ; # java/lang/reflect/Executable$$Lambda+0x0000024a1c36f468
instanceKlass sun/nio/cs/ThreadLocalCoders$Cache
instanceKlass sun/nio/cs/ThreadLocalCoders
instanceKlass  @bci org/eclipse/lsp4j/jsonrpc/services/GenericEndpoint recursiveFindRpcMethods (Ljava/lang/Object;Ljava/util/Set;Ljava/util/Set;)V 24 <appendix> member <vmtarget> ; # org/eclipse/lsp4j/jsonrpc/services/GenericEndpoint$$Lambda+0x0000024a1c3d7ac8
instanceKlass  @cpi org/eclipse/lsp4j/jsonrpc/services/GenericEndpoint 220 form vmentry <vmtarget> ; # java/lang/invoke/LambdaForm$DMH+0x0000024a1c40c000
instanceKlass org/eclipse/jdt/internal/compiler/env/IBinaryType
instanceKlass org/eclipse/jdt/core/search/SearchMatch
instanceKlass  @bci org/eclipse/lsp4j/jsonrpc/services/GenericEndpoint lambda$recursiveFindRpcMethods$1 (Ljava/lang/Object;Lorg/eclipse/lsp4j/jsonrpc/services/AnnotationUtil$MethodInfo;)V 3 <appendix> member <vmtarget> ; # org/eclipse/lsp4j/jsonrpc/services/GenericEndpoint$$Lambda+0x0000024a1c3d7880
instanceKlass  @bci org/eclipse/lsp4j/jsonrpc/services/GenericEndpoint recursiveFindRpcMethods (Ljava/lang/Object;Ljava/util/Set;Ljava/util/Set;)V 7 <appendix> member <vmtarget> ; # org/eclipse/lsp4j/jsonrpc/services/GenericEndpoint$$Lambda+0x0000024a1c3d7648
instanceKlass org/eclipse/lsp4j/jsonrpc/services/GenericEndpoint
instanceKlass  @bci org/eclipse/jdt/ls/core/internal/ParentProcessWatcher apply (Lorg/eclipse/lsp4j/jsonrpc/MessageConsumer;)Lorg/eclipse/lsp4j/jsonrpc/MessageConsumer; 2 <appendix> member <vmtarget> ; # org/eclipse/jdt/ls/core/internal/ParentProcessWatcher$$Lambda+0x0000024a1c401938
instanceKlass org/eclipse/lsp4j/jsonrpc/messages/Message
instanceKlass org/eclipse/lsp4j/jsonrpc/json/StreamMessageConsumer
instanceKlass org/eclipse/lsp4j/jsonrpc/json/MessageConstants
instanceKlass org/eclipse/lsp4j/jsonrpc/json/adapters/MessageTypeAdapter$Factory
instanceKlass org/eclipse/lsp4j/jsonrpc/json/adapters/EnumTypeAdapter$Factory
instanceKlass org/eclipse/lsp4j/jsonrpc/json/adapters/TupleTypeAdapters$TwoTypeAdapterFactory
instanceKlass org/eclipse/lsp4j/jsonrpc/json/adapters/EitherTypeAdapter$Factory
instanceKlass org/eclipse/lsp4j/jsonrpc/json/adapters/ThrowableTypeAdapter$Factory
instanceKlass org/eclipse/jdt/internal/compiler/lookup/IQualifiedTypeResolutionListener
instanceKlass org/eclipse/jdt/internal/core/search/matching/MatchLocator
instanceKlass org/eclipse/lsp4j/jsonrpc/json/adapters/CollectionTypeAdapter$Factory
instanceKlass org/eclipse/lsp4j/jsonrpc/messages/CancelParams
instanceKlass org/eclipse/lsp4j/jsonrpc/json/MessageJsonHandler
instanceKlass org/eclipse/jdt/internal/core/search/IndexSelector
instanceKlass org/eclipse/lsp4j/DidCloseNotebookDocumentParams
instanceKlass org/eclipse/lsp4j/DidChangeNotebookDocumentParams
instanceKlass org/eclipse/lsp4j/DidOpenNotebookDocumentParams
instanceKlass org/eclipse/jdt/core/search/SearchDocument
instanceKlass org/eclipse/lsp4j/DidSaveNotebookDocumentParams
instanceKlass org/eclipse/jdt/internal/core/search/PatternSearchJob
instanceKlass org/eclipse/jdt/ls/core/internal/handlers/NavigateToTypeDefinitionHandler
instanceKlass org/eclipse/jdt/ls/core/internal/handlers/DocumentSymbolHandler
instanceKlass org/eclipse/jdt/internal/core/search/matching/TypeDeclarationPattern$PackageNameSet
instanceKlass org/eclipse/jdt/ls/core/internal/handlers/HoverHandler
instanceKlass org/eclipse/jdt/ls/core/internal/handlers/SignatureHelpHandler
instanceKlass org/eclipse/jdt/ls/core/internal/handlers/CodeActionHandler
instanceKlass org/eclipse/jdt/ls/core/internal/handlers/NavigateToDefinitionHandler
instanceKlass org/eclipse/jdt/ls/core/internal/handlers/BuildWorkspaceHandler
instanceKlass org/eclipse/jdt/ls/core/internal/handlers/CodeLensHandler
instanceKlass org/eclipse/jdt/ls/core/internal/handlers/PrepareRenameHandler
instanceKlass org/eclipse/jdt/ls/core/internal/handlers/ReferencesHandler
instanceKlass org/eclipse/jdt/internal/core/search/TypeNameRequestorWrapper
instanceKlass org/eclipse/jdt/ls/core/internal/handlers/CodeActionResolveHandler
instanceKlass org/eclipse/jdt/internal/core/search/AbstractSearchScope
instanceKlass org/eclipse/jdt/ls/core/internal/handlers/SaveActionHandler
instanceKlass org/eclipse/jdt/ls/core/internal/handlers/RenameHandler
instanceKlass org/eclipse/jdt/ls/core/internal/handlers/NavigateToDeclarationHandler
instanceKlass org/eclipse/jdt/core/search/ISearchPattern
instanceKlass org/eclipse/jdt/internal/core/search/IRestrictedAccessMethodRequestor
instanceKlass org/eclipse/jdt/ls/core/internal/codemanipulation/GenerateGetterSetterOperation$AccessorField
instanceKlass org/eclipse/jdt/core/search/SearchEngine
instanceKlass org/eclipse/jdt/ls/core/internal/handlers/InferSelectionHandler$SelectionInfo
instanceKlass sun/reflect/generics/tree/ArrayTypeSignature
instanceKlass sun/reflect/generics/tree/BooleanSignature
instanceKlass org/eclipse/jdt/ls/core/internal/handlers/GenerateConstructorsHandler$CheckConstructorsResponse
instanceKlass org/eclipse/jdt/ls/core/internal/handlers/GenerateToStringHandler$CheckToStringResponse
instanceKlass org/eclipse/jdt/ls/core/internal/handlers/MoveHandler$MoveDestinationsResponse
instanceKlass org/eclipse/jdt/ls/core/internal/text/correction/ChangeSignatureInfo
instanceKlass org/eclipse/jdt/ls/core/internal/handlers/GenerateDelegateMethodsHandler$CheckDelegateMethodsResponse
instanceKlass org/eclipse/jdt/ls/core/internal/handlers/HashCodeEqualsHandler$CheckHashCodeEqualsResponse
instanceKlass org/eclipse/jdt/ls/core/internal/handlers/OverrideMethodsHandler$OverridableMethodsResponse
instanceKlass org/eclipse/jdt/ls/core/internal/handlers/ExtractInterfaceHandler$CheckExtractInterfaceResponse
instanceKlass org/eclipse/jdt/ls/core/internal/handlers/GetRefactorEditHandler$RefactorWorkspaceEdit
instanceKlass org/eclipse/lsp4j/extended/ProjectConfigurationsUpdateParam
instanceKlass org/eclipse/jdt/ls/core/internal/handlers/GenerateAccessorsHandler$GenerateAccessorsParams
instanceKlass org/eclipse/jdt/ls/core/internal/handlers/GenerateToStringHandler$GenerateToStringParams
instanceKlass org/eclipse/jdt/ls/core/internal/lsp/ValidateDocumentParams
instanceKlass org/eclipse/lsp4j/extended/ProjectBuildParams
instanceKlass org/eclipse/jdt/ls/core/internal/handlers/InferSelectionHandler$InferSelectionParams
instanceKlass org/eclipse/jdt/ls/core/internal/handlers/GetRefactorEditHandler$GetRefactorEditParams
instanceKlass org/eclipse/jdt/ls/core/internal/handlers/GenerateConstructorsHandler$GenerateConstructorsParams
instanceKlass org/eclipse/jdt/ls/core/internal/handlers/HashCodeEqualsHandler$GenerateHashCodeEqualsParams
instanceKlass org/eclipse/jdt/ls/core/internal/handlers/OverrideMethodsHandler$AddOverridableMethodParams
instanceKlass org/eclipse/jdt/ls/core/internal/handlers/GenerateDelegateMethodsHandler$GenerateDelegateMethodsParams
instanceKlass org/eclipse/jdt/ls/core/internal/handlers/FindLinksHandler$FindLinksParams
instanceKlass org/eclipse/jdt/ls/core/internal/handlers/MoveHandler$MoveParams
instanceKlass org/eclipse/lsp4j/TextDocumentIdentifier
instanceKlass org/eclipse/lsp4j/WorkspaceDiagnosticReport
instanceKlass org/eclipse/lsp4j/adapters/WorkspaceSymbolResponseAdapter
instanceKlass org/eclipse/lsp4j/DidChangeWatchedFilesParams
instanceKlass org/eclipse/lsp4j/WorkspaceSymbol
instanceKlass org/eclipse/lsp4j/DidChangeWorkspaceFoldersParams
instanceKlass org/eclipse/lsp4j/DidChangeConfigurationParams
instanceKlass org/eclipse/lsp4j/RenameFilesParams
instanceKlass org/eclipse/lsp4j/CreateFilesParams
instanceKlass org/eclipse/lsp4j/DeleteFilesParams
instanceKlass org/eclipse/lsp4j/CallHierarchyItem
instanceKlass org/eclipse/lsp4j/CallHierarchyOutgoingCall
instanceKlass org/eclipse/lsp4j/SemanticTokensDelta
instanceKlass org/eclipse/lsp4j/adapters/SemanticTokensFullDeltaResponseAdapter
instanceKlass org/eclipse/lsp4j/CallHierarchyIncomingCall
instanceKlass org/eclipse/lsp4j/TypeHierarchyItem
instanceKlass org/eclipse/lsp4j/SemanticTokens
instanceKlass org/eclipse/lsp4j/SelectionRange
instanceKlass org/eclipse/lsp4j/DocumentSymbol
instanceKlass org/eclipse/lsp4j/SymbolInformation
instanceKlass org/eclipse/lsp4j/adapters/DocumentSymbolResponseAdapter
instanceKlass org/eclipse/lsp4j/FoldingRange
instanceKlass org/eclipse/lsp4j/Hover
instanceKlass org/eclipse/lsp4j/Command
instanceKlass org/eclipse/lsp4j/adapters/CodeActionResponseAdapter
instanceKlass org/eclipse/lsp4j/adapters/DocumentDiagnosticReportTypeAdapter
instanceKlass org/eclipse/lsp4j/Moniker
instanceKlass org/eclipse/lsp4j/SignatureHelp
instanceKlass org/eclipse/lsp4j/ColorInformation
instanceKlass org/eclipse/lsp4j/InlineValueEvaluatableExpression
instanceKlass org/eclipse/lsp4j/InlineValueVariableLookup
instanceKlass org/eclipse/lsp4j/adapters/InlineValueResponseAdapter
instanceKlass org/eclipse/lsp4j/LinkedEditingRanges
instanceKlass org/eclipse/jdt/internal/launching/JREContainer$RuleEntry
instanceKlass org/eclipse/jdt/internal/launching/JREContainer$RuleKey
instanceKlass org/eclipse/lsp4j/PrepareRenameDefaultBehavior
instanceKlass org/eclipse/lsp4j/PrepareRenameResult
instanceKlass org/eclipse/lsp4j/Range
instanceKlass org/eclipse/jdt/ls/core/internal/javafx/FXVersionUtil
instanceKlass org/eclipse/jdt/ls/core/internal/javafx/FXAccessRuleParticipant
instanceKlass org/eclipse/lsp4j/adapters/PrepareRenameResponseAdapter
instanceKlass org/eclipse/lsp4j/TextEdit
instanceKlass org/eclipse/jdt/internal/launching/environments/DefaultAccessRuleParticipant
instanceKlass org/eclipse/lsp4j/ColorPresentation
instanceKlass org/eclipse/lsp4j/CompletionList
instanceKlass org/eclipse/lsp4j/LocationLink
instanceKlass org/eclipse/lsp4j/Location
instanceKlass com/google/gson/internal/GsonTypes$WildcardTypeImpl
instanceKlass sun/reflect/generics/tree/Wildcard
instanceKlass sun/reflect/generics/tree/BottomSignature
instanceKlass org/eclipse/lsp4j/adapters/LocationLinkListAdapter
instanceKlass org/eclipse/lsp4j/WorkspaceEdit
instanceKlass org/eclipse/m2e/jdt/internal/MavenClasspathContainerSaveHelper$PathReplace
instanceKlass org/eclipse/m2e/jdt/internal/MavenClasspathContainerSaveHelper$AccessRuleReplace
instanceKlass org/eclipse/lsp4j/CompletionItem
instanceKlass org/eclipse/m2e/jdt/internal/MavenClasspathContainerSaveHelper$ClasspathAttributeReplace
instanceKlass org/eclipse/m2e/jdt/internal/MavenClasspathContainerSaveHelper$ProjectEntryReplace
instanceKlass org/eclipse/m2e/jdt/internal/MavenClasspathContainerSaveHelper$LibraryEntryReplace
instanceKlass org/apache/maven/toolchain/io/DefaultToolchainsReader
instanceKlass org/eclipse/lsp4j/DocumentLink
instanceKlass org/eclipse/m2e/jdt/internal/MavenClasspathContainer
instanceKlass org/codehaus/plexus/interpolation/ValueSource
instanceKlass org/apache/maven/execution/ExecutionListener
instanceKlass org/eclipse/m2e/jdt/internal/MavenClasspathContainerSaveHelper
instanceKlass org/apache/maven/toolchain/building/ToolchainsBuildingRequest
instanceKlass org/apache/maven/building/Source
instanceKlass org/eclipse/aether/transfer/TransferListener
instanceKlass org/apache/maven/eventspy/EventSpy$Context
instanceKlass org/apache/maven/exception/ExceptionHandler
instanceKlass org/eclipse/m2e/jdt/internal/MavenClasspathHelpers
instanceKlass org/eclipse/aether/RepositoryCache
instanceKlass org/apache/maven/cli/MavenCli
instanceKlass org/eclipse/m2e/jdt/AbstractClassifierClasspathProvider
instanceKlass org/eclipse/m2e/jdt/IClassifierClasspathProvider
instanceKlass org/eclipse/m2e/jdt/internal/MavenClassifierManager
instanceKlass org/eclipse/lsp4j/DocumentRangeFormattingParams
instanceKlass org/apache/maven/toolchain/io/ToolchainsReader
instanceKlass org/eclipse/lsp4j/InlayHintParams
instanceKlass org/eclipse/m2e/jdt/internal/launch/MavenLaunchConfigurationListener
instanceKlass org/eclipse/lsp4j/DidCloseTextDocumentParams
instanceKlass  @bci org/eclipse/m2e/jdt/MavenJdtPlugin start (Lorg/osgi/framework/BundleContext;)V 89 <appendix> member <vmtarget> ; # org/eclipse/m2e/jdt/MavenJdtPlugin$$Lambda+0x0000024a1c3da7f8
instanceKlass org/eclipse/m2e/jdt/internal/DefaultClasspathManagerDelegate
instanceKlass org/eclipse/lsp4j/DocumentFormattingParams
instanceKlass org/eclipse/lsp4j/DidChangeTextDocumentParams
instanceKlass org/apache/maven/artifact/resolver/filter/AbstractScopeArtifactFilter
instanceKlass org/eclipse/lsp4j/DidOpenTextDocumentParams
instanceKlass org/eclipse/lsp4j/DidSaveTextDocumentParams
instanceKlass org/eclipse/m2e/jdt/IClasspathDescriptor
instanceKlass org/eclipse/m2e/jdt/IClasspathManagerDelegate
instanceKlass org/apache/maven/artifact/resolver/filter/ArtifactFilter
instanceKlass org/eclipse/m2e/jdt/internal/BuildPathManager
instanceKlass org/eclipse/lsp4j/CodeLens
instanceKlass org/eclipse/lsp4j/InlayHint
instanceKlass org/eclipse/m2e/core/MavenPlugin
instanceKlass org/eclipse/lsp4j/InlineValueParams
instanceKlass  @bci org/eclipse/m2e/core/internal/MavenPluginActivator getService (Ljava/lang/Class;)Ljava/lang/Object; 18 <appendix> member <vmtarget> ; # org/eclipse/m2e/core/internal/MavenPluginActivator$$Lambda+0x0000024a1c2a87b8
instanceKlass org/eclipse/lsp4j/WillSaveTextDocumentParams
instanceKlass org/eclipse/lsp4j/CodeAction
instanceKlass org/eclipse/lsp4j/WorkDoneProgressAndPartialResultParams
instanceKlass org/eclipse/m2e/jdt/IClasspathManager
instanceKlass org/eclipse/m2e/jdt/IMavenClassifierManager
instanceKlass org/eclipse/lsp4j/InitializeResult
instanceKlass org/eclipse/jdt/internal/launching/JREContainer$1
instanceKlass org/eclipse/jdt/internal/launching/JREContainer
instanceKlass org/eclipse/lsp4j/services/NotebookDocumentService
instanceKlass org/eclipse/lsp4j/SetTraceParams
instanceKlass org/eclipse/lsp4j/WorkDoneProgressCancelParams
instanceKlass org/eclipse/lsp4j/InitializedParams
instanceKlass org/eclipse/lsp4j/InitializeParams
instanceKlass  @bci org/eclipse/jdt/internal/core/JavaModelManager variableNames ()[Ljava/lang/String; 7 <appendix> argL0 ; # org/eclipse/jdt/internal/core/JavaModelManager$$Lambda+0x0000024a1c3b5498
instanceKlass org/eclipse/jdt/ls/core/internal/JavaClientConnection
instanceKlass org/eclipse/jdt/launching/environments/CompatibleEnvironment
instanceKlass org/eclipse/lsp4j/jsonrpc/CancelChecker
instanceKlass jdk/internal/vm/annotation/IntrinsicCandidate
instanceKlass org/eclipse/jdt/internal/launching/environments/ExecutionEnvironmentAnalyzer
instanceKlass  @bci org/eclipse/jdt/launching/AbstractVMInstallType getVMInstalls ()[Lorg/eclipse/jdt/launching/IVMInstall; 4 <appendix> argL0 ; # org/eclipse/jdt/launching/AbstractVMInstallType$$Lambda+0x0000024a1c3c6940
instanceKlass java/lang/Deprecated
instanceKlass org/eclipse/lsp4j/jsonrpc/json/JsonRpcMethodProvider
instanceKlass org/eclipse/lsp4j/jsonrpc/services/JsonDelegate
instanceKlass  @bci org/eclipse/lsp4j/jsonrpc/services/ServiceEndpoints getSupportedMethods (Ljava/lang/Class;Ljava/util/Set;)Ljava/util/Map; 29 <appendix> member <vmtarget> ; # org/eclipse/lsp4j/jsonrpc/services/ServiceEndpoints$$Lambda+0x0000024a1c3d0ab8
instanceKlass org/eclipse/jdt/ls/core/internal/ProgressReport
instanceKlass  @bci org/eclipse/jdt/launching/VMStandin convertToRealVM ()Lorg/eclipse/jdt/launching/IVMInstall; 155 <appendix> member <vmtarget> ; # org/eclipse/jdt/launching/VMStandin$$Lambda+0x0000024a1c3c6198
instanceKlass  @cpi org/eclipse/jdt/launching/VMStandin 173 form vmentry <vmtarget> ; # java/lang/invoke/LambdaForm$DMH+0x0000024a1c3d1000
instanceKlass org/eclipse/jdt/ls/core/internal/StatusReport
instanceKlass org/eclipse/jdt/launching/IVMRunner
instanceKlass org/eclipse/jdt/ls/core/internal/EventNotification
instanceKlass org/eclipse/jdt/ls/core/internal/ActionableNotification
instanceKlass org/eclipse/jdt/internal/launching/CompositeId
instanceKlass org/eclipse/lsp4j/ExecuteCommandParams
instanceKlass org/eclipse/lsp4j/ShowDocumentResult
instanceKlass org/eclipse/lsp4j/WorkspaceFolder
instanceKlass org/eclipse/lsp4j/MessageActionItem
instanceKlass org/eclipse/lsp4j/ApplyWorkspaceEditResponse
instanceKlass org/eclipse/lsp4j/jsonrpc/services/JsonNotification
instanceKlass org/eclipse/lsp4j/jsonrpc/json/JsonRpcMethod
instanceKlass org/eclipse/lsp4j/jsonrpc/json/ResponseJsonAdapter
instanceKlass sun/reflect/generics/tree/MethodTypeSignature
instanceKlass  @bci org/eclipse/lsp4j/jsonrpc/services/AnnotationUtil getParameterTypes (Ljava/lang/reflect/Method;)[Ljava/lang/reflect/Type; 17 <appendix> argL0 ; # org/eclipse/lsp4j/jsonrpc/services/AnnotationUtil$$Lambda+0x0000024a1c3d0000
instanceKlass  @bci org/eclipse/lsp4j/jsonrpc/services/AnnotationUtil getParameterTypes (Ljava/lang/reflect/Method;)[Ljava/lang/reflect/Type; 7 <appendix> argL0 ; # org/eclipse/lsp4j/jsonrpc/services/AnnotationUtil$$Lambda+0x0000024a1c3c9d70
instanceKlass org/eclipse/jdt/ls/core/internal/javafx/FXLibraryLocationResolver
instanceKlass org/eclipse/jdt/internal/launching/JavaFxLibraryResolver
instanceKlass org/eclipse/lsp4j/jsonrpc/services/JsonRequest
instanceKlass org/eclipse/jdt/launching/ILibraryLocationResolver
instanceKlass org/eclipse/lsp4j/ShowDocumentParams
instanceKlass  @bci org/eclipse/jdt/internal/launching/StandardVMType getLibraryLocationResolvers ()[Lorg/eclipse/jdt/launching/ILibraryLocationResolver; 27 <appendix> argL0 ; # org/eclipse/jdt/internal/launching/StandardVMType$$Lambda+0x0000024a1c3c5160
instanceKlass org/eclipse/lsp4j/WorkDoneProgressCreateParams
instanceKlass org/eclipse/lsp4j/ProgressParams
instanceKlass org/eclipse/lsp4j/LogTraceParams
instanceKlass org/eclipse/lsp4j/ApplyWorkspaceEditParams
instanceKlass org/eclipse/lsp4j/MessageParams
instanceKlass org/eclipse/lsp4j/RegistrationParams
instanceKlass org/eclipse/lsp4j/PublishDiagnosticsParams
instanceKlass org/eclipse/lsp4j/UnregistrationParams
instanceKlass org/eclipse/lsp4j/ConfigurationParams
instanceKlass org/eclipse/jdt/launching/LibraryLocation
instanceKlass org/eclipse/lsp4j/jsonrpc/services/JsonSegment
instanceKlass org/eclipse/lsp4j/jsonrpc/services/AnnotationUtil
instanceKlass  @bci org/eclipse/lsp4j/jsonrpc/services/ServiceEndpoints getSupportedMethods (Ljava/lang/Class;Ljava/util/Set;)Ljava/util/Map; 11 <appendix> member <vmtarget> ; # org/eclipse/lsp4j/jsonrpc/services/ServiceEndpoints$$Lambda+0x0000024a1c3c92d0
instanceKlass org/eclipse/lsp4j/jsonrpc/services/AnnotationUtil$MethodInfo
instanceKlass org/eclipse/osgi/internal/url/URLStreamHandlerProxy$1
instanceKlass org/eclipse/lsp4j/jsonrpc/services/ServiceEndpoints
instanceKlass org/eclipse/osgi/internal/url/URLStreamHandlerSetter
instanceKlass org/eclipse/lsp4j/jsonrpc/json/MethodProvider
instanceKlass org/eclipse/lsp4j/jsonrpc/Endpoint
instanceKlass org/eclipse/lsp4j/jsonrpc/MessageProducer
instanceKlass org/eclipse/lsp4j/jsonrpc/MessageConsumer
instanceKlass org/eclipse/osgi/internal/url/NullURLStreamHandlerService
instanceKlass org/eclipse/lsp4j/jsonrpc/MessageIssueHandler
instanceKlass org/eclipse/lsp4j/jsonrpc/Launcher$Builder
instanceKlass com/google/common/collect/ObjectArrays
instanceKlass org/osgi/service/url/URLStreamHandlerSetter
instanceKlass  @bci org/eclipse/osgi/internal/url/URLStreamHandlerFactoryImpl createInternalURLStreamHandler (Ljava/lang/String;)Ljava/net/URLStreamHandler; 18 <appendix> member <vmtarget> ; # org/eclipse/osgi/internal/url/URLStreamHandlerFactoryImpl$$Lambda+0x0000024a1c3cc248
instanceKlass  @bci org/eclipse/equinox/plurl/impl/PlurlImpl$PlurlFactoryHolder getHandler (Ljava/lang/String;)Ljava/lang/Object; 35 <appendix> member <vmtarget> ; # org/eclipse/equinox/plurl/impl/PlurlImpl$PlurlFactoryHolder$$Lambda+0x0000024a1c3cc000
instanceKlass com/google/gson/internal/Primitives
instanceKlass org/eclipse/lsp4j/jsonrpc/Launcher
instanceKlass org/eclipse/equinox/plurl/impl/PlurlImpl$4
instanceKlass org/eclipse/jdt/ls/core/internal/JavaClientConnection$JavaLanguageClient
instanceKlass org/eclipse/jdt/ls/core/internal/lsp/ExecuteCommandProposedClient
instanceKlass org/eclipse/lsp4j/services/LanguageClient
instanceKlass org/eclipse/jdt/internal/launching/LibraryInfo
instanceKlass org/eclipse/jdt/launching/AbstractVMInstall
instanceKlass org/eclipse/jdt/launching/IVMInstall3
instanceKlass org/eclipse/jdt/launching/IVMInstall2
instanceKlass com/google/gson/internal/LinkedTreeMap$Node
instanceKlass com/google/gson/internal/LinkedTreeMap$1
instanceKlass  @bci com/google/gson/internal/ConstructorConstructor newCollectionConstructor (Ljava/lang/Class;)Lcom/google/gson/internal/ObjectConstructor; 9 <appendix> argL0 ; # com/google/gson/internal/ConstructorConstructor$$Lambda+0x0000024a1c3c12c0
instanceKlass  @bci com/google/gson/internal/ConstructorConstructor newMapConstructor (Ljava/lang/reflect/Type;Ljava/lang/Class;)Lcom/google/gson/internal/ObjectConstructor; 16 <appendix> argL0 ; # com/google/gson/internal/ConstructorConstructor$$Lambda+0x0000024a1c3c10a0
instanceKlass com/google/gson/internal/ObjectConstructor
instanceKlass org/eclipse/jdt/internal/launching/VMDefinitionsContainer
instanceKlass com/google/gson/internal/ReflectionAccessFilterHelper
instanceKlass  @bci org/eclipse/jdt/internal/launching/StandardVMType <clinit> ()V 78 <appendix> argL0 ; # org/eclipse/jdt/internal/launching/StandardVMType$$Lambda+0x0000024a1c3bb308
instanceKlass  @bci org/eclipse/jdt/internal/launching/StandardVMType <clinit> ()V 0 <appendix> argL0 ; # org/eclipse/jdt/internal/launching/StandardVMType$$Lambda+0x0000024a1c3bb0e8
instanceKlass com/google/gson/internal/reflect/ReflectionHelper$RecordHelper
instanceKlass com/google/gson/internal/reflect/ReflectionHelper
instanceKlass org/eclipse/jdt/launching/AbstractVMInstallType
instanceKlass org/eclipse/jdt/launching/IVMInstallType
instanceKlass com/google/gson/internal/JsonReaderInternalAccess
instanceKlass com/google/gson/internal/GsonTypes$ParameterizedTypeImpl
instanceKlass java/lang/reflect/WildcardType
instanceKlass com/google/gson/internal/GsonTypes
instanceKlass sun/reflect/generics/tree/TypeVariableSignature
instanceKlass sun/reflect/generics/reflectiveObjects/LazyReflectiveObjectGenerator
instanceKlass sun/reflect/generics/reflectiveObjects/ParameterizedTypeImpl
instanceKlass java/lang/reflect/ParameterizedType
instanceKlass sun/reflect/generics/tree/ClassSignature
instanceKlass sun/reflect/generics/tree/Signature
instanceKlass sun/reflect/generics/tree/FormalTypeParameter
instanceKlass sun/reflect/generics/repository/AbstractRepository
instanceKlass com/google/gson/internal/bind/ReflectiveTypeAdapterFactory$BoundField
instanceKlass com/google/gson/internal/bind/ReflectiveTypeAdapterFactory
instanceKlass com/google/gson/internal/bind/JsonAdapterAnnotationTypeAdapterFactory$DummyTypeAdapterFactory
instanceKlass com/google/gson/internal/bind/JsonAdapterAnnotationTypeAdapterFactory
instanceKlass com/google/gson/internal/bind/MapTypeAdapterFactory
instanceKlass com/google/gson/internal/bind/CollectionTypeAdapterFactory
instanceKlass com/google/gson/internal/bind/ArrayTypeAdapter$1
instanceKlass com/google/gson/internal/bind/DefaultDateTypeAdapter$1
instanceKlass org/eclipse/jdt/internal/launching/environments/Analyzer
instanceKlass org/eclipse/jdt/launching/environments/IExecutionEnvironmentAnalyzerDelegate
instanceKlass java/util/concurrent/atomic/AtomicLongArray
instanceKlass com/google/gson/internal/bind/NumberTypeAdapter$1
instanceKlass org/eclipse/jdt/internal/launching/environments/AccessRuleParticipant
instanceKlass org/eclipse/jdt/internal/launching/environments/ExecutionEnvironment$1
instanceKlass com/google/gson/internal/bind/ObjectTypeAdapter$1
instanceKlass org/eclipse/jdt/launching/environments/IAccessRuleParticipant
instanceKlass com/google/gson/internal/bind/EnumTypeAdapter$1
instanceKlass org/eclipse/jdt/internal/launching/environments/ExecutionEnvironment
instanceKlass org/eclipse/jdt/ls/core/internal/ParentProcessWatcher
instanceKlass com/google/gson/internal/bind/TypeAdapters$31
instanceKlass sun/nio/ch/PendingIoCache
instanceKlass java/util/Currency
instanceKlass  @bci org/eclipse/jdt/internal/launching/environments/EnvironmentsManager initializeExtensions ()V 14 <appendix> argL0 ; # org/eclipse/jdt/internal/launching/environments/EnvironmentsManager$$Lambda+0x0000024a1c39d5f0
instanceKlass  @bci org/eclipse/jdt/internal/launching/environments/EnvironmentsManager initializeExtensions ()V 9 <appendix> member <vmtarget> ; # org/eclipse/jdt/internal/launching/environments/EnvironmentsManager$$Lambda+0x0000024a1c39d350
instanceKlass  @cpi com/google/inject/internal/AbstractProcessor 80 form vmentry <vmtarget> ; # java/lang/invoke/LambdaForm$DMH+0x0000024a1c3b8000
instanceKlass com/google/gson/internal/bind/TypeAdapters$32
instanceKlass org/eclipse/jdt/launching/environments/IExecutionEnvironment
instanceKlass sun/nio/ch/Invoker$GroupAndInvokeCount
instanceKlass sun/nio/ch/Invoker
instanceKlass sun/nio/ch/AsynchronousChannelGroupImpl$1
instanceKlass org/eclipse/jdt/internal/launching/environments/EnvironmentsManager
instanceKlass sun/nio/ch/AsynchronousChannelGroupImpl$2
instanceKlass sun/nio/ch/Iocp$EventHandlerTask
instanceKlass java/util/concurrent/atomic/AtomicIntegerArray
instanceKlass  @bci sun/nio/ch/ThreadPool defaultThreadFactory ()Ljava/util/concurrent/ThreadFactory; 6 <appendix> argL0 ; # sun/nio/ch/ThreadPool$$Lambda+0x0000024a1c368580
instanceKlass sun/nio/ch/ThreadPool
instanceKlass sun/nio/ch/Iocp$CompletionStatus
instanceKlass java/nio/channels/AsynchronousChannelGroup
instanceKlass org/eclipse/jdt/core/ClasspathContainerInitializer
instanceKlass sun/nio/ch/WindowsAsynchronousFileChannelImpl$DefaultIocpHolder
instanceKlass com/google/gson/internal/bind/TypeAdapters$30
instanceKlass sun/nio/ch/Groupable
instanceKlass sun/nio/ch/Iocp$OverlappedChannel
instanceKlass sun/nio/fs/WindowsChannelFactory$2
instanceKlass java/nio/channels/AsynchronousFileChannel
instanceKlass com/google/gson/internal/bind/TypeAdapters$29
instanceKlass java/net/ProtocolFamily
instanceKlass org/eclipse/jdt/internal/core/JavaModelManager$10
instanceKlass org/eclipse/jdt/ls/core/internal/ConnectionStreamFactory$PipeStreamProvider
instanceKlass  @bci org/eclipse/jdt/ls/core/internal/ConnectionStreamFactory getPipeFile ()Ljava/io/File; 58 <appendix> argL0 ; # org/eclipse/jdt/ls/core/internal/ConnectionStreamFactory$$Lambda+0x0000024a1c3ad7f0
instanceKlass java/lang/ProcessHandleImpl$Info
instanceKlass java/lang/ProcessHandle$Info
instanceKlass  @bci java/lang/ProcessHandleImpl lambda$static$1 ()Ljava/util/concurrent/Executor; 45 <appendix> form vmentry <vmtarget> ; # java/lang/invoke/LambdaForm$DMH+0x0000024a1c3b4800
instanceKlass org/eclipse/jdt/ls/core/internal/JobHelpers$ProjectRegistryRefreshJobMatcher
instanceKlass  @bci java/lang/ProcessHandleImpl lambda$static$1 ()Ljava/util/concurrent/Executor; 45 <appendix> member <vmtarget> ; # java/lang/ProcessHandleImpl$$Lambda+0x0000024a1c365db0
instanceKlass org/eclipse/jdt/ls/core/internal/JobHelpers$IJobMatcher
instanceKlass  @cpi java/lang/ProcessHandleImpl 436 form vmentry <vmtarget> ; # java/lang/invoke/LambdaForm$DMH+0x0000024a1c3b4400
instanceKlass org/eclipse/jdt/ls/core/internal/JobHelpers
# instanceKlass java/lang/invoke/LambdaForm$DMH+0x0000024a1c3b4000
instanceKlass  @bci java/lang/ProcessHandleImpl <clinit> ()V 32 <appendix> argL0 ; # java/lang/ProcessHandleImpl$$Lambda+0x0000024a1c365b90
instanceKlass com/google/gson/internal/bind/TypeAdapters
instanceKlass java/lang/ProcessHandleImpl
instanceKlass java/lang/ProcessHandle
instanceKlass org/eclipse/jdt/ls/core/internal/ConnectionStreamFactory$StreamProvider
instanceKlass com/google/gson/internal/ConstructorConstructor
instanceKlass org/eclipse/jdt/ls/core/internal/ConnectionStreamFactory
instanceKlass org/eclipse/jdt/ls/core/internal/JVMConfigurator
instanceKlass com/google/gson/internal/sql/SqlTimestampTypeAdapter$1
instanceKlass  @bci org/eclipse/buildship/core/internal/CorePlugin scheduleSynchronizationForAbsentModels ()V 15 <appendix> argL0 ; # org/eclipse/buildship/core/internal/CorePlugin$$Lambda+0x0000024a1c3a5628
instanceKlass org/eclipse/buildship/core/internal/configuration/GradleProjectNature
instanceKlass java/util/Collections$2
instanceKlass com/google/gson/internal/sql/SqlTimeTypeAdapter$1
instanceKlass org/eclipse/jdt/ls/core/internal/handlers/TypeHierarchyHandler
instanceKlass org/eclipse/buildship/core/internal/extension/DefaultExtensionManager
instanceKlass com/google/common/collect/PeekingIterator
instanceKlass org/eclipse/buildship/core/internal/operation/DefaultToolingApiOperationManager
instanceKlass org/eclipse/jdt/ls/core/internal/handlers/WorkspaceExecuteCommandHandler$CommandHandlerHolder
instanceKlass com/google/gson/internal/sql/SqlDateTypeAdapter$1
instanceKlass com/google/common/collect/Iterators
instanceKlass org/eclipse/buildship/core/internal/launch/DefaultExternalLaunchConfigurationManager$LaunchConfigurationListener
instanceKlass org/eclipse/jdt/ls/core/internal/handlers/WorkspaceExecuteCommandHandler
instanceKlass org/eclipse/buildship/core/internal/launch/DefaultExternalLaunchConfigurationManager
instanceKlass org/eclipse/buildship/core/internal/configuration/BuildConfigurationPersistence
instanceKlass org/eclipse/jdt/ls/core/internal/handlers/BaseDocumentLifeCycleHandler
instanceKlass com/google/gson/internal/bind/DefaultDateTypeAdapter$DateType
instanceKlass org/eclipse/buildship/core/internal/configuration/WorkspaceConfigurationPersistence
instanceKlass com/google/gson/internal/sql/SqlTypesSupport
instanceKlass org/eclipse/buildship/core/internal/configuration/TestRunConfiguration
instanceKlass org/eclipse/buildship/core/internal/launch/BaseRunConfigurationAttributes
instanceKlass org/eclipse/buildship/core/internal/configuration/BuildConfiguration
instanceKlass org/eclipse/buildship/core/internal/configuration/RunConfiguration
instanceKlass org/eclipse/buildship/core/internal/configuration/BaseRunConfiguration
instanceKlass org/eclipse/buildship/core/internal/configuration/ProjectConfiguration
instanceKlass org/eclipse/buildship/core/GradleDistribution
instanceKlass org/eclipse/buildship/core/internal/configuration/DefaultConfigurationManager
instanceKlass org/eclipse/lsp4j/WorkDoneProgressParams
instanceKlass org/eclipse/lsp4j/PartialResultParams
instanceKlass org/eclipse/lsp4j/TextDocumentPositionParams
instanceKlass org/eclipse/buildship/core/internal/invocation/InvocationCustomizerCollector
instanceKlass com/google/gson/FormattingStyle
instanceKlass org/eclipse/buildship/core/internal/operation/ToolingApiJobResultHandler
instanceKlass org/eclipse/buildship/core/internal/workspace/SynchronizingBuildScriptUpdateListener
instanceKlass org/eclipse/debug/core/model/ISourceLocator
instanceKlass org/eclipse/jdt/internal/launching/sourcelookup/advanced/AdvancedSourceLookupSupport
instanceKlass com/google/gson/stream/JsonWriter
instanceKlass org/eclipse/buildship/core/internal/workspace/ProjectChangeListener
instanceKlass org/eclipse/jdt/launching/StandardClasspathProvider
instanceKlass org/eclipse/buildship/core/internal/preferences/PersistentModel
instanceKlass com/google/gson/stream/JsonReader
instanceKlass org/eclipse/buildship/core/internal/preferences/DefaultModelPersistence
instanceKlass org/eclipse/buildship/core/internal/event/EventListener
instanceKlass org/eclipse/jdt/launching/IVMConnector
instanceKlass com/google/gson/ToNumberStrategy
instanceKlass org/eclipse/buildship/core/internal/event/DefaultListenerRegistry
instanceKlass org/eclipse/jdt/launching/IRuntimeClasspathEntry
instanceKlass com/google/gson/Gson
instanceKlass org/eclipse/jdt/launching/environments/IExecutionEnvironmentsManager
instanceKlass org/eclipse/debug/internal/core/groups/GroupMemberChangeListener
instanceKlass org/eclipse/jdt/launching/IRuntimeClasspathEntryResolver
instanceKlass org/eclipse/jdt/launching/IVMInstall
instanceKlass org/eclipse/jdt/launching/IRuntimeClasspathProvider
instanceKlass org/eclipse/jdt/launching/JavaRuntime
instanceKlass org/eclipse/core/internal/watson/ElementTreeIterator
instanceKlass  @bci org/eclipse/core/internal/resources/Resource accept (Lorg/eclipse/core/resources/IResourceProxyVisitor;II)V 50 <adapter> ; # java/lang/invoke/LambdaForm$MH+0x0000024a1c391c00
# instanceKlass java/lang/invoke/LambdaForm$DMH+0x0000024a1c391800
instanceKlass  @bci org/eclipse/core/internal/resources/Resource accept (Lorg/eclipse/core/resources/IResourceProxyVisitor;II)V 50 <appendix> form vmentry <vmtarget> ; # java/lang/invoke/LambdaForm$DMH+0x0000024a1c391400
instanceKlass  @bci org/eclipse/core/internal/resources/Resource accept (Lorg/eclipse/core/resources/IResourceProxyVisitor;II)V 50 <appendix> member <vmtarget> ; # org/eclipse/core/internal/resources/Resource$$Lambda+0x0000024a1c3942e8
instanceKlass  @cpi org/eclipse/core/internal/resources/Resource 1633 form vmentry <vmtarget> ; # java/lang/invoke/LambdaForm$DMH+0x0000024a1c391000
instanceKlass org/eclipse/core/internal/resources/ResourceProxy
instanceKlass org/eclipse/debug/internal/core/LaunchManager$ResourceProxyVisitor
instanceKlass org/eclipse/jdt/internal/launching/LaunchingPlugin$1$1
instanceKlass com/google/gson/TypeAdapter
instanceKlass com/google/gson/internal/Excluder
instanceKlass com/google/gson/TypeAdapterFactory
instanceKlass org/eclipse/debug/core/ILaunchMode
instanceKlass org/eclipse/core/resources/IResourceProxyVisitor
instanceKlass com/google/gson/FieldNamingStrategy
instanceKlass org/eclipse/debug/core/ILaunchDelegate
instanceKlass com/google/gson/GsonBuilder
instanceKlass org/eclipse/debug/core/IDebugEventSetListener
instanceKlass org/eclipse/debug/core/ILaunchesListener
instanceKlass com/google/common/base/Optional
instanceKlass com/google/common/io/ByteArrayDataInput
instanceKlass org/eclipse/jdt/launching/IVMInstallChangedListener
instanceKlass com/google/common/io/ByteArrayDataOutput
instanceKlass org/eclipse/debug/core/model/IDebugElement
instanceKlass org/eclipse/debug/core/ILaunch
instanceKlass org/eclipse/debug/core/model/ISuspendResume
instanceKlass com/google/common/io/ByteStreams
instanceKlass org/eclipse/debug/core/model/IStepFilters
instanceKlass org/eclipse/debug/core/model/IStep
instanceKlass org/eclipse/debug/core/model/IDropToFrame
instanceKlass org/eclipse/debug/core/model/IDisconnect
instanceKlass java/util/concurrent/Executors$DefaultThreadFactory
instanceKlass java/nio/channels/spi/AbstractInterruptibleChannel$1
instanceKlass sun/nio/ch/Interruptible
instanceKlass  @bci com/google/common/io/Closer <clinit> ()V 0 <appendix> argL0 ; # com/google/common/io/Closer$$Lambda+0x0000024a1c384c38
instanceKlass  @cpi com/google/common/io/Closer 177 form vmentry <vmtarget> ; # java/lang/invoke/LambdaForm$DMH+0x0000024a1c388800
instanceKlass org/eclipse/jdt/ls/core/internal/ProjectUtils
instanceKlass com/google/common/io/Closer$Suppressor
instanceKlass com/google/common/io/Closer
instanceKlass org/eclipse/debug/internal/core/commands/ForEachCommand$ExclusiveRule
instanceKlass org/eclipse/debug/core/commands/AbstractDebugCommand
instanceKlass com/google/gson/JsonElement
instanceKlass org/eclipse/debug/core/commands/IStepFiltersHandler
instanceKlass org/eclipse/debug/core/commands/IResumeHandler
instanceKlass com/google/common/io/CharSource
instanceKlass org/eclipse/debug/core/commands/ISuspendHandler
instanceKlass org/eclipse/debug/core/commands/IDisconnectHandler
instanceKlass org/eclipse/jdt/ls/core/internal/managers/TelemetryManager
instanceKlass org/eclipse/debug/core/commands/IDropToFrameHandler
instanceKlass org/eclipse/debug/core/commands/IStepReturnHandler
instanceKlass org/eclipse/debug/core/commands/IStepIntoHandler
instanceKlass org/eclipse/debug/core/commands/IStepOverHandler
instanceKlass org/eclipse/debug/core/commands/ITerminateHandler
instanceKlass org/eclipse/debug/core/commands/IDebugCommandHandler
instanceKlass org/eclipse/debug/internal/core/commands/CommandAdapterFactory
instanceKlass com/google/common/hash/PrimitiveSink
instanceKlass org/eclipse/debug/core/DebugPlugin$1$1
instanceKlass  @bci com/google/common/io/Files <clinit> ()V 0 <appendix> argL0 ; # com/google/common/io/Files$$Lambda+0x0000024a1c356860
instanceKlass com/google/common/graph/SuccessorsFunction
instanceKlass org/eclipse/core/runtime/jobs/ProgressProvider
instanceKlass com/google/common/io/LineProcessor
instanceKlass org/eclipse/debug/internal/core/DebugOptions
instanceKlass org/eclipse/jdt/ls/core/internal/LanguageServerApplication
instanceKlass org/eclipse/equinox/app/IApplication
instanceKlass com/google/common/io/ByteSink
instanceKlass org/eclipse/debug/core/DebugPlugin$AsynchRunner
instanceKlass org/eclipse/debug/core/DebugPlugin$EventNotifier
instanceKlass com/google/common/io/ByteSource
instanceKlass com/google/common/io/Files
instanceKlass org/eclipse/core/runtime/internal/adaptor/EclipseAppLauncher
instanceKlass com/google/common/base/Charsets
instanceKlass ch/qos/logback/classic/spi/EventArgUtil
instanceKlass org/eclipse/debug/core/model/IProcess
instanceKlass org/eclipse/debug/core/model/ITerminate
instanceKlass org/eclipse/debug/core/IExpressionManager
instanceKlass ch/qos/logback/classic/spi/IThrowableProxy
instanceKlass org/eclipse/debug/core/IMemoryBlockManager
instanceKlass ch/qos/logback/classic/spi/LoggingEvent
instanceKlass org/eclipse/debug/core/IBreakpointManager
instanceKlass org/eclipse/debug/core/ILaunchManager
instanceKlass org/eclipse/debug/core/ILaunchConfigurationListener
instanceKlass org/eclipse/debug/core/ILaunchConfiguration
instanceKlass org/eclipse/buildship/core/internal/launch/DefaultGradleLaunchConfigurationManager
instanceKlass org/eclipse/buildship/core/internal/console/StdProcessStreamsProvider$1
instanceKlass org/eclipse/buildship/core/internal/console/ProcessStreams
instanceKlass java/util/concurrent/ForkJoinTask$Aux
instanceKlass org/eclipse/buildship/core/internal/console/StdProcessStreamsProvider
instanceKlass  @bci org/springframework/tooling/jdt/ls/extension/JdtLsExtensionPlugin start (Lorg/osgi/framework/BundleContext;)V 24 <appendix> member <vmtarget> ; # org/springframework/tooling/jdt/ls/extension/JdtLsExtensionPlugin$$Lambda+0x0000024a1c35c800
instanceKlass org/eclipse/buildship/core/internal/workspace/InternalGradleBuild
instanceKlass org/springframework/tooling/jdt/ls/extension/JdtLsExtensionPlugin$1
instanceKlass org/eclipse/buildship/core/internal/workspace/DefaultGradleWorkspace
instanceKlass com/google/gson/reflect/TypeToken
instanceKlass java/util/concurrent/ForkJoinTask
instanceKlass java/util/concurrent/CompletableFuture$AsynchronousCompletionTask
instanceKlass java/util/concurrent/CompletableFuture$AltResult
instanceKlass java/util/concurrent/CompletableFuture
instanceKlass org/eclipse/buildship/core/internal/event/Event
instanceKlass org/eclipse/buildship/core/internal/util/gradle/PublishedGradleVersions
instanceKlass org/eclipse/buildship/core/internal/workspace/DefaultWorkspaceOperations
instanceKlass org/springframework/tooling/jdt/ls/commons/Logger$1
instanceKlass org/eclipse/buildship/core/internal/util/gradle/PublishedGradleVersionsWrapper$LoadVersionsJob$1
instanceKlass org/eclipse/buildship/core/internal/util/logging/EclipseLogger
instanceKlass com/google/common/collect/UnmodifiableIterator
instanceKlass com/google/common/base/Converter
instanceKlass sun/util/cldr/CLDRBaseLocaleDataMetaInfo$TZCanonicalIDMapHolder
instanceKlass com/google/common/collect/ImmutableMap
instanceKlass com/google/common/collect/BiMap
instanceKlass com/google/common/collect/SortedMapDifference
instanceKlass com/google/common/collect/MapDifference
instanceKlass com/google/common/collect/Maps
instanceKlass sun/util/resources/provider/NonBaseLocaleDataMetaInfo
instanceKlass  @bci sun/util/locale/provider/JRELocaleProviderAdapter createSupportedLocaleString (Ljava/lang/String;)Ljava/lang/String; 6 <appendix> member <vmtarget> ; # sun/util/locale/provider/JRELocaleProviderAdapter$$Lambda+0x0000024a1c361e58
instanceKlass sun/util/locale/provider/BaseLocaleDataMetaInfo
instanceKlass  @bci sun/util/locale/provider/JRELocaleProviderAdapter getTimeZoneNameProvider ()Ljava/util/spi/TimeZoneNameProvider; 8 <appendix> member <vmtarget> ; # sun/util/locale/provider/JRELocaleProviderAdapter$$Lambda+0x0000024a1c3619d8
instanceKlass org/eclipse/buildship/core/internal/util/gradle/PublishedGradleVersionsWrapper
instanceKlass org/eclipse/buildship/core/internal/Logger
instanceKlass org/eclipse/buildship/core/internal/event/ListenerRegistry
instanceKlass org/eclipse/buildship/core/internal/workspace/InternalGradleWorkspace
instanceKlass org/eclipse/buildship/core/GradleWorkspace
instanceKlass org/eclipse/buildship/core/internal/workspace/WorkspaceOperations
instanceKlass  @bci sun/util/cldr/CLDRLocaleProviderAdapter getTimeZoneNameProvider ()Ljava/util/spi/TimeZoneNameProvider; 8 <appendix> member <vmtarget> ; # sun/util/cldr/CLDRLocaleProviderAdapter$$Lambda+0x0000024a1c361330
instanceKlass sun/util/locale/provider/TimeZoneNameUtility$TimeZoneNameGetter
instanceKlass org/eclipse/buildship/core/internal/console/ProcessStreamsProvider
instanceKlass org/eclipse/buildship/core/internal/launch/ExternalLaunchConfigurationManager
instanceKlass sun/util/locale/provider/TimeZoneNameUtility
instanceKlass org/eclipse/buildship/core/internal/preferences/ModelPersistence
instanceKlass org/eclipse/buildship/core/GradleBuild
instanceKlass org/eclipse/buildship/core/internal/launch/GradleLaunchConfigurationManager
instanceKlass org/eclipse/buildship/core/internal/extension/ExtensionManager
instanceKlass org/eclipse/buildship/core/internal/operation/ToolingApiOperationManager
instanceKlass java/io/PrintWriter$1
instanceKlass jdk/internal/access/JavaIOPrintWriterAccess
instanceKlass org/eclipse/buildship/core/internal/configuration/ConfigurationManager
instanceKlass org/eclipse/buildship/core/invocation/InvocationCustomizer
instanceKlass org/springframework/tooling/jdt/ls/commons/Logger$DefaultLogger
instanceKlass org/eclipse/buildship/core/internal/TraceScope
instanceKlass org/springframework/tooling/jdt/ls/commons/Logger
instanceKlass  @bci org/springframework/tooling/jdt/ls/extension/JdtLsExtensionPlugin start (Lorg/osgi/framework/BundleContext;)V 9 <appendix> argL0 ; # org/springframework/tooling/jdt/ls/extension/JdtLsExtensionPlugin$$Lambda+0x0000024a1c34f268
instanceKlass java/util/concurrent/locks/ReentrantReadWriteLock$Sync$HoldCounter
instanceKlass org/eclipse/jdt/ls/core/internal/handlers/BundleUtils
instanceKlass org/eclipse/equinox/internal/security/storage/SecurePreferencesWrapper
instanceKlass org/eclipse/equinox/security/storage/ISecurePreferences
instanceKlass org/eclipse/equinox/internal/security/storage/SecurePreferencesContainer
instanceKlass  @bci org/eclipse/equinox/internal/security/storage/SecurePreferencesRoot load ()V 241 <appendix> member <vmtarget> ; # org/eclipse/equinox/internal/security/storage/SecurePreferencesRoot$$Lambda+0x0000024a1c34d348
instanceKlass javax/crypto/spec/PBEKeySpec
instanceKlass org/eclipse/equinox/internal/security/storage/PasswordExt
instanceKlass org/eclipse/equinox/internal/security/storage/JavaEncryption
instanceKlass org/eclipse/equinox/security/storage/provider/IPreferencesContainer
instanceKlass org/eclipse/equinox/internal/security/storage/SecurePreferences
instanceKlass org/eclipse/equinox/internal/security/storage/friends/IStorageConstants
instanceKlass org/eclipse/equinox/internal/security/storage/StorageUtils
instanceKlass org/eclipse/equinox/internal/security/storage/SecurePreferencesMapper
instanceKlass org/eclipse/equinox/security/storage/SecurePreferencesFactory
instanceKlass com/sun/jna/Function$PostCallRead
instanceKlass com/sun/jna/NativeString
instanceKlass com/sun/jna/Library$Handler$FunctionInfo
instanceKlass com/sun/jna/internal/ReflectionUtils
instanceKlass com/sun/jna/Native$3
instanceKlass com/sun/jna/Library$Handler
instanceKlass com/sun/jna/win32/W32APIFunctionMapper
instanceKlass com/sun/jna/FunctionMapper
instanceKlass com/sun/jna/win32/W32APIOptions
instanceKlass org/eclipse/core/net/internal/proxy/win32/ProxyProviderWin32$WinHttp
instanceKlass com/sun/jna/win32/StdCallLibrary
instanceKlass com/sun/jna/win32/StdCall
instanceKlass com/sun/jna/AltCallingConvention
instanceKlass org/eclipse/core/internal/net/ProxyData
instanceKlass org/eclipse/equinox/internal/security/auth/AuthPlugin
instanceKlass org/eclipse/core/internal/net/ProxyType
instanceKlass org/eclipse/core/net/proxy/IProxyChangeEvent
instanceKlass org/eclipse/core/internal/net/AbstractProxyProvider
instanceKlass org/eclipse/core/internal/net/ProxyManager
instanceKlass org/eclipse/core/net/proxy/IProxyService
instanceKlass  @bci org/eclipse/core/internal/net/Policy <clinit> ()V 8 <appendix> argL0 ; # org/eclipse/core/internal/net/Policy$$Lambda+0x0000024a1c341618
instanceKlass org/eclipse/core/internal/net/Policy
instanceKlass org/eclipse/core/net/proxy/IProxyData
instanceKlass org/eclipse/core/internal/net/PreferenceManager
instanceKlass org/eclipse/core/internal/net/Activator
instanceKlass org/eclipse/core/internal/net/ProxySelector
instanceKlass java/text/DontCareFieldPosition$1
instanceKlass org/eclipse/osgi/framework/log/FrameworkLogEntry
instanceKlass org/eclipse/jdt/ls/core/internal/DiagnosticsState
instanceKlass org/eclipse/jdt/ls/core/internal/managers/ContentProviderManager
instanceKlass org/eclipse/jdt/ls/core/internal/managers/DigestStore
instanceKlass org/eclipse/lsp4j/jsonrpc/messages/Either
instanceKlass org/eclipse/jdt/ls/core/internal/framework/IFrameworkSupport
instanceKlass org/eclipse/jdt/ls/core/internal/preferences/IPreferencesChangeListener
instanceKlass org/eclipse/text/templates/TemplateStoreCore
instanceKlass com/sun/org/apache/xml/internal/serializer/WriterChain
instanceKlass com/sun/org/apache/xalan/internal/xsltc/trax/DOM2TO
instanceKlass javax/xml/transform/stax/StAXSource
instanceKlass javax/xml/transform/sax/SAXSource
instanceKlass javax/xml/transform/stream/StreamSource
instanceKlass com/sun/org/apache/xml/internal/serializer/NamespaceMappings$MappingRecord
instanceKlass com/sun/org/apache/xml/internal/serializer/NamespaceMappings
instanceKlass sun/nio/cs/DelegatableDecoder
instanceKlass java/nio/charset/Charset$1
instanceKlass java/nio/charset/Charset$2
instanceKlass java/nio/charset/Charset$ThreadTrackHolder
instanceKlass java/nio/charset/Charset$ExtendedProviderHolder$1
instanceKlass java/nio/charset/Charset$ExtendedProviderHolder
instanceKlass  @bci jdk/xml/internal/SecuritySupport getResourceAsStream (Ljava/lang/String;)Ljava/io/InputStream; 1 <appendix> member <vmtarget> ; # jdk/xml/internal/SecuritySupport$$Lambda+0x0000024a1c1fa410
instanceKlass com/sun/org/apache/xml/internal/serializer/Encodings$EncodingInfos
instanceKlass com/sun/org/apache/xml/internal/serializer/Encodings
instanceKlass com/sun/org/apache/xml/internal/serializer/ToStream$CharacterBuffer
instanceKlass com/sun/org/apache/xml/internal/serializer/EncodingInfo
instanceKlass com/sun/org/apache/xml/internal/serializer/ToStream$BoolStack
instanceKlass com/sun/org/apache/xml/internal/serializer/ElemContext
instanceKlass org/xml/sax/helpers/AttributesImpl
instanceKlass com/sun/org/apache/xml/internal/serializer/CharInfo$CharKey
instanceKlass sun/util/ResourceBundleEnumeration
instanceKlass com/sun/org/apache/xml/internal/serializer/CharInfo
instanceKlass com/sun/org/apache/xml/internal/serializer/SerializerBase
instanceKlass com/sun/org/apache/xml/internal/serializer/SerializerConstants
instanceKlass com/sun/org/apache/xml/internal/serializer/SerializationHandler
instanceKlass com/sun/org/apache/xml/internal/serializer/Serializer
instanceKlass com/sun/org/apache/xml/internal/serializer/DOMSerializer
instanceKlass org/xml/sax/ext/DeclHandler
instanceKlass com/sun/org/apache/xml/internal/serializer/XSLOutputAttributes
instanceKlass com/sun/org/apache/xml/internal/serializer/ExtendedLexicalHandler
instanceKlass org/xml/sax/ext/LexicalHandler
instanceKlass com/sun/org/apache/xml/internal/serializer/ExtendedContentHandler
instanceKlass javax/xml/transform/dom/DOMResult
instanceKlass javax/xml/transform/stax/StAXResult
instanceKlass javax/xml/transform/sax/SAXResult
instanceKlass com/sun/org/apache/xalan/internal/xsltc/runtime/output/TransletOutputHandlerFactory
instanceKlass javax/xml/transform/dom/DOMSource
instanceKlass com/sun/org/apache/xml/internal/utils/XMLReaderManager
instanceKlass com/sun/org/apache/xml/internal/serializer/OutputPropertiesFactory
instanceKlass javax/xml/transform/Transformer
instanceKlass com/sun/org/apache/xalan/internal/xsltc/DOMCache
instanceKlass  @bci javax/xml/catalog/CatalogFeatures setProperties (Ljavax/xml/catalog/CatalogFeatures$Builder;)V 5 <appendix> member <vmtarget> ; # javax/xml/catalog/CatalogFeatures$$Lambda+0x0000024a1c1f3900
instanceKlass javax/xml/catalog/CatalogMessages
instanceKlass javax/xml/catalog/Util
instanceKlass  @bci javax/xml/transform/FactoryFinder newInstance (Ljava/lang/Class;Ljava/lang/String;Ljava/lang/ClassLoader;Z)Ljava/lang/Object; 107 <appendix> member <vmtarget> ; # javax/xml/transform/FactoryFinder$$Lambda+0x0000024a1c1f2e88
instanceKlass jdk/xml/internal/JdkProperty
instanceKlass com/sun/org/apache/xalan/internal/utils/FeaturePropertyBase
instanceKlass jdk/xml/internal/JdkXmlFeatures
instanceKlass javax/xml/catalog/CatalogFeatures$Builder
instanceKlass javax/xml/catalog/CatalogFeatures
instanceKlass jdk/xml/internal/TransformErrorListener
instanceKlass javax/xml/transform/ErrorListener
instanceKlass com/sun/org/apache/xalan/internal/xsltc/compiler/SourceLoader
instanceKlass  @bci javax/xml/transform/FactoryFinder find (Ljava/lang/Class;Ljava/lang/String;)Ljava/lang/Object; 123 <appendix> member <vmtarget> ; # javax/xml/transform/FactoryFinder$$Lambda+0x0000024a1c1f0220
instanceKlass javax/xml/transform/FactoryFinder$1
instanceKlass  @bci javax/xml/transform/FactoryFinder find (Ljava/lang/Class;Ljava/lang/String;)Ljava/lang/Object; 24 <appendix> member <vmtarget> ; # javax/xml/transform/FactoryFinder$$Lambda+0x0000024a1c1efdc8
instanceKlass javax/xml/transform/FactoryFinder
instanceKlass javax/xml/transform/TransformerFactory
instanceKlass javax/xml/transform/stream/StreamResult
instanceKlass org/eclipse/text/templates/TemplateReaderWriter
instanceKlass  @bci org/eclipse/jdt/ls/core/internal/preferences/PreferenceManager reloadTemplateStore ()V 24 <appendix> argL0 ; # org/eclipse/jdt/ls/core/internal/preferences/PreferenceManager$$Lambda+0x0000024a1c3341f8
instanceKlass org/eclipse/text/templates/TemplatePersistenceData
instanceKlass org/eclipse/jface/text/templates/Template
instanceKlass java/util/ResourceBundle$Control$2
instanceKlass  @bci java/util/ResourceBundle$ResourceBundleControlProviderHolder lambda$static$0 ()Ljava/util/List; 11 <appendix> argL0 ; # java/util/ResourceBundle$ResourceBundleControlProviderHolder$$Lambda+0x0000024a1c1eeff0
instanceKlass java/util/ServiceLoader$ProviderSpliterator
instanceKlass java/util/spi/ResourceBundleControlProvider
instanceKlass  @bci java/util/ResourceBundle$ResourceBundleControlProviderHolder <clinit> ()V 0 <appendix> argL0 ; # java/util/ResourceBundle$ResourceBundleControlProviderHolder$$Lambda+0x0000024a1c1ee930
instanceKlass java/util/ResourceBundle$ResourceBundleControlProviderHolder
instanceKlass org/eclipse/jface/text/templates/TextTemplateMessages
instanceKlass org/eclipse/jface/text/IRegion
instanceKlass org/eclipse/jdt/ls/core/internal/handlers/FormatterHandler
instanceKlass sun/nio/fs/WindowsPath$1
instanceKlass org/apache/commons/lang3/text/StrTokenizer
instanceKlass org/apache/commons/lang3/text/StrBuilder
instanceKlass org/apache/commons/lang3/builder/Builder
instanceKlass  @bci java/util/regex/CharPredicates forUnicodeBlock (Ljava/lang/String;)Ljava/util/regex/Pattern$CharPredicate; 6 <appendix> member <vmtarget> ; # java/util/regex/CharPredicates$$Lambda+0x0000024a1c1ee058
instanceKlass java/lang/Character$Subset
instanceKlass org/apache/commons/lang3/StringUtils
instanceKlass java/util/DualPivotQuicksort
instanceKlass org/apache/commons/lang3/ArraySorter
instanceKlass org/apache/commons/lang3/text/StrMatcher
instanceKlass org/apache/commons/lang3/text/StrSubstitutor
instanceKlass org/apache/commons/lang3/text/StrLookup
instanceKlass org/eclipse/jdt/ls/core/internal/ResourceUtils
instanceKlass org/eclipse/jdt/ls/core/internal/preferences/Preferences$ReferencedLibraries
instanceKlass java/util/UUID$Holder
instanceKlass org/eclipse/jdt/ls/core/internal/preferences/Preferences
instanceKlass org/eclipse/jface/text/templates/TemplateContextType
instanceKlass org/eclipse/jface/text/templates/TemplateVariableResolver
instanceKlass java/lang/ProcessEnvironment$CheckedEntry
instanceKlass java/lang/ProcessEnvironment$CheckedEntrySet$1
instanceKlass java/lang/ProcessEnvironment$EntryComparator
instanceKlass java/lang/ProcessEnvironment$NameComparator
instanceKlass org/eclipse/jdt/ls/core/internal/Environment
instanceKlass org/eclipse/jdt/ls/core/internal/JDTEnvironmentUtils
instanceKlass org/eclipse/jdt/ls/core/internal/handlers/LogHandler$1
instanceKlass  @bci sun/util/locale/provider/JRELocaleProviderAdapter getDateFormatProvider ()Ljava/text/spi/DateFormatProvider; 8 <appendix> member <vmtarget> ; # sun/util/locale/provider/JRELocaleProviderAdapter$$Lambda+0x800000064
instanceKlass org/eclipse/jdt/ls/core/internal/handlers/DefaultLogFilter
instanceKlass org/eclipse/core/runtime/ILogListener
instanceKlass org/eclipse/jdt/ls/core/internal/handlers/LogHandler
instanceKlass org/eclipse/jdt/internal/core/manipulation/MembersOrderPreferenceCacheCommon
instanceKlass org/eclipse/jdt/core/manipulation/JavaManipulation
instanceKlass org/eclipse/jdt/ls/core/contentassist/ICompletionContributionService
instanceKlass java/net/Authenticator
instanceKlass java/nio/channels/AsynchronousByteChannel
instanceKlass java/nio/channels/AsynchronousChannel
instanceKlass java/net/SocketAddress
instanceKlass org/eclipse/jdt/ls/core/internal/lsp/JavaProtocolExtensions
instanceKlass org/eclipse/jdt/ls/core/internal/syntaxserver/IExtendedProtocol
instanceKlass org/eclipse/lsp4j/services/WorkspaceService
instanceKlass org/eclipse/lsp4j/services/TextDocumentService
instanceKlass org/eclipse/jdt/internal/core/DeltaProcessor$2
instanceKlass org/eclipse/lsp4j/services/LanguageServer
instanceKlass org/eclipse/core/internal/events/NotificationManager$1
instanceKlass org/eclipse/jdt/ls/core/internal/BaseJDTLanguageServer
instanceKlass org/eclipse/jdt/internal/core/ModelUpdater
instanceKlass org/eclipse/text/templates/ContextTypeRegistry
instanceKlass org/eclipse/jdt/internal/core/JavaModelManager$20$1
instanceKlass  @bci org/eclipse/jdt/internal/core/search/processing/JobManager reset ()V 38 <appendix> member <vmtarget> ; # org/eclipse/jdt/internal/core/search/processing/JobManager$$Lambda+0x0000024a1c3231d0
instanceKlass org/eclipse/jdt/internal/core/ExternalAnnotationTracker$DirectoryNode
instanceKlass org/eclipse/jdt/internal/core/ExternalAnnotationTracker
instanceKlass org/eclipse/jdt/internal/core/DeltaProcessor$RootInfo
instanceKlass org/eclipse/jdt/internal/core/JavaProject$ResolvedClasspath
instanceKlass org/eclipse/jdt/internal/core/ClasspathChange
instanceKlass org/eclipse/jdt/internal/core/util/WeakHashSetOfCharArray
instanceKlass org/eclipse/jdt/internal/core/util/WeakHashSet
instanceKlass org/eclipse/jdt/internal/core/util/DeduplicationUtil
instanceKlass org/eclipse/jdt/internal/compiler/env/AccessRule
instanceKlass  @bci jdk/xml/internal/SecuritySupport getResourceBundle (Ljava/lang/String;Ljava/util/Locale;)Ljava/util/ResourceBundle; 2 <appendix> member <vmtarget> ; # jdk/xml/internal/SecuritySupport$$Lambda+0x0000024a1c1eb340
instanceKlass com/sun/org/apache/xerces/internal/dom/DOMMessageFormatter
instanceKlass org/w3c/dom/Attr
instanceKlass com/sun/org/apache/xerces/internal/dom/NamedNodeMapImpl
instanceKlass org/w3c/dom/NamedNodeMap
instanceKlass com/sun/org/apache/xerces/internal/dom/CharacterDataImpl$1
instanceKlass org/w3c/dom/Text
instanceKlass org/w3c/dom/CharacterData
instanceKlass com/sun/org/apache/xerces/internal/dom/DeepNodeListImpl
instanceKlass com/sun/org/apache/xerces/internal/dom/DeferredDocumentImpl$RefCount
instanceKlass com/sun/org/apache/xerces/internal/dom/NodeListCache
instanceKlass org/w3c/dom/TypeInfo
instanceKlass org/w3c/dom/ElementTraversal
instanceKlass org/w3c/dom/Element
instanceKlass org/w3c/dom/DocumentType
instanceKlass com/sun/org/apache/xerces/internal/dom/NodeImpl
instanceKlass org/w3c/dom/events/EventTarget
instanceKlass org/w3c/dom/NodeList
instanceKlass org/w3c/dom/Document
instanceKlass org/w3c/dom/ranges/DocumentRange
instanceKlass org/w3c/dom/events/DocumentEvent
instanceKlass org/w3c/dom/traversal/DocumentTraversal
instanceKlass com/sun/org/apache/xerces/internal/dom/DeferredNode
instanceKlass sun/nio/ch/Util$BufferCache
instanceKlass sun/nio/ch/Util
instanceKlass sun/nio/ch/IOStatus
instanceKlass java/nio/channels/NetworkChannel
instanceKlass sun/nio/ch/SelChImpl
instanceKlass sun/nio/ch/Streams
instanceKlass java/nio/channels/Channels
instanceKlass sun/nio/fs/WindowsSecurityDescriptor
instanceKlass org/eclipse/jdt/internal/core/util/Util
instanceKlass org/eclipse/jdt/internal/core/JavaModelManager$SecondaryTypes
instanceKlass org/eclipse/jdt/core/IJavaModelStatusConstants
# instanceKlass java/lang/invoke/LambdaForm$MH+0x0000024a1c31e400
# instanceKlass java/lang/invoke/LambdaForm$MH+0x0000024a1c31e000
instanceKlass org/eclipse/jdt/internal/compiler/CompilationResult
instanceKlass org/eclipse/jdt/internal/compiler/ast/TypeOrLambda
instanceKlass lombok/eclipse/agent/PatchDelegate$BindingTuple
instanceKlass org/eclipse/jdt/internal/compiler/ast/Invocation
instanceKlass org/eclipse/jdt/internal/compiler/ast/IPolyExpression
instanceKlass lombok/eclipse/agent/PatchDelegate
instanceKlass lombok/eclipse/agent/PatchDelegatePortal
instanceKlass lombok/core/LombokNode
instanceKlass lombok/core/DiagnosticsReceiver
instanceKlass lombok/launch/PatchFixesHider$Util
instanceKlass lombok/launch/PatchFixesHider$Delegate
instanceKlass org/eclipse/jdt/internal/core/DeltaProcessingState$RootInfos
instanceKlass org/eclipse/jdt/internal/core/JavaModelManager$PersistedClasspathContainer
instanceKlass org/eclipse/jdt/internal/core/ClasspathAttribute
instanceKlass org/eclipse/jdt/internal/core/ClasspathEntry
instanceKlass org/eclipse/jdt/internal/compiler/env/IModulePathEntry
instanceKlass org/eclipse/jdt/internal/core/JavaModelManager$PerProjectInfo
instanceKlass org/eclipse/jdt/core/eval/IEvaluationContext
instanceKlass org/eclipse/jdt/internal/core/JavaModelManager$VariablesAndContainersLoadHelper
instanceKlass org/eclipse/jdt/internal/core/JavaModelManager$19
instanceKlass org/eclipse/jdt/internal/core/JavaModelManager$18
instanceKlass org/eclipse/jdt/internal/core/JavaModelManager$13
instanceKlass org/eclipse/jdt/internal/core/JavaModelManager$12
instanceKlass  @bci org/eclipse/core/internal/preferences/EclipsePreferences fireNodeEvent (Lorg/eclipse/core/runtime/preferences/IEclipsePreferences$NodeChangeEvent;Z)V 26 <adapter> ; # java/lang/invoke/LambdaForm$MH+0x0000024a1c314800
instanceKlass  @bci org/eclipse/core/internal/preferences/EclipsePreferences fireNodeEvent (Lorg/eclipse/core/runtime/preferences/IEclipsePreferences$NodeChangeEvent;Z)V 26 <appendix> form vmentry <vmtarget> ; # java/lang/invoke/LambdaForm$DMH+0x0000024a1c314400
instanceKlass  @bci org/eclipse/core/internal/preferences/EclipsePreferences fireNodeEvent (Lorg/eclipse/core/runtime/preferences/IEclipsePreferences$NodeChangeEvent;Z)V 26 <appendix> member <vmtarget> ; # org/eclipse/core/internal/preferences/EclipsePreferences$$Lambda+0x0000024a1c26c3f8
instanceKlass  @cpi org/eclipse/core/internal/preferences/EclipsePreferences 1057 form vmentry <vmtarget> ; # java/lang/invoke/LambdaForm$DMH+0x0000024a1c314000
instanceKlass org/eclipse/jdt/internal/formatter/DefaultCodeFormatterOptions
instanceKlass org/eclipse/jdt/core/formatter/DefaultCodeFormatterConstants
instanceKlass org/eclipse/jdt/internal/compiler/util/Util
instanceKlass org/eclipse/jdt/internal/compiler/impl/IrritantSet
instanceKlass org/eclipse/jdt/internal/core/util/ICacheEnumeration
instanceKlass org/eclipse/jdt/internal/formatter/TokenTraverser
instanceKlass org/eclipse/text/edits/TextEdit
instanceKlass org/eclipse/jdt/core/formatter/CodeFormatter
instanceKlass lombok/patcher/scripts/WrapperMethodDescriptor
instanceKlass lombok/patcher/scripts/SetSymbolDuringMethodCallScript$1
instanceKlass org/eclipse/jdt/core/SourceRange
instanceKlass org/eclipse/jdt/internal/compiler/util/JRTUtil$JrtFileVisitor
instanceKlass org/eclipse/jdt/core/IOrdinaryClassFile
instanceKlass org/eclipse/jdt/internal/core/util/ReferenceInfoAdapter
instanceKlass org/eclipse/jdt/internal/compiler/ISourceElementRequestor
instanceKlass org/eclipse/jdt/internal/compiler/env/ISourceType
instanceKlass org/eclipse/jdt/internal/compiler/env/IGenericType
instanceKlass org/eclipse/jdt/core/search/TypeNameMatchRequestor
instanceKlass org/eclipse/jdt/internal/compiler/problem/ProblemHandler
instanceKlass org/eclipse/jdt/core/search/TypeNameMatch
instanceKlass org/eclipse/jdt/core/search/MethodNameMatch
instanceKlass org/eclipse/jdt/core/search/IJavaSearchScope
instanceKlass org/eclipse/jdt/core/search/SearchParticipant
instanceKlass org/eclipse/jdt/internal/compiler/ASTVisitor
instanceKlass org/eclipse/jdt/internal/core/search/IndexQueryRequestor
instanceKlass org/eclipse/jdt/core/search/IParallelizable
instanceKlass org/eclipse/jdt/core/search/SearchPattern
instanceKlass org/eclipse/jdt/internal/core/search/BasicSearchEngine
instanceKlass org/eclipse/jdt/core/ITypeParameter
instanceKlass org/eclipse/jdt/core/ISourceRange
instanceKlass org/eclipse/jdt/core/IAnnotation
instanceKlass org/eclipse/jdt/internal/core/AbstractModule
instanceKlass org/eclipse/jdt/core/IModuleDescription
instanceKlass org/eclipse/jdt/internal/core/NameLookup
instanceKlass org/eclipse/text/internal/Activator
instanceKlass org/eclipse/jface/text/IDocument
instanceKlass org/eclipse/jdt/internal/core/JavaModelCache$1
instanceKlass org/eclipse/jdt/internal/compiler/env/IBinaryInfo
instanceKlass org/eclipse/jdt/internal/core/JavaModelCache
instanceKlass org/eclipse/jdt/core/IType
instanceKlass org/eclipse/jdt/core/IAnnotatable
instanceKlass org/eclipse/jdt/core/IMember
instanceKlass org/eclipse/jdt/internal/core/hierarchy/HierarchyBuilder
instanceKlass org/eclipse/jdt/internal/core/hierarchy/TypeHierarchy
instanceKlass org/eclipse/jdt/core/ITypeHierarchy
instanceKlass org/eclipse/jdt/core/dom/ASTNode
instanceKlass org/eclipse/jdt/core/dom/StructuralPropertyDescriptor
instanceKlass org/eclipse/jdt/internal/core/dom/rewrite/RewriteEvent
instanceKlass org/eclipse/jdt/internal/core/dom/rewrite/RewriteEventStore
instanceKlass org/eclipse/jdt/core/dom/ASTVisitor
instanceKlass org/eclipse/jdt/internal/core/DeltaProcessor
instanceKlass org/eclipse/jdt/internal/codeassist/CompletionEngine$1
instanceKlass  @bci org/eclipse/jdt/internal/compiler/lookup/ReferenceBinding <clinit> ()V 58 <appendix> argL0 ; # org/eclipse/jdt/internal/compiler/lookup/ReferenceBinding$$Lambda+0x0000024a1c2eb9e8
instanceKlass org/eclipse/jdt/internal/compiler/lookup/ParameterNonNullDefaultProvider
instanceKlass org/eclipse/jdt/internal/compiler/lookup/ReferenceBinding$3
instanceKlass org/eclipse/jdt/internal/compiler/lookup/ReferenceBinding$2
instanceKlass org/eclipse/jdt/internal/compiler/lookup/ReductionResult
instanceKlass org/eclipse/jdt/internal/compiler/lookup/ElementValuePair
instanceKlass org/eclipse/jdt/internal/compiler/lookup/AnnotationBinding
instanceKlass org/eclipse/jdt/internal/compiler/env/IUpdatableModule
instanceKlass org/eclipse/jdt/internal/compiler/lookup/TypeBindingVisitor
instanceKlass org/eclipse/jdt/internal/compiler/lookup/HotSwappable
instanceKlass org/eclipse/jdt/internal/compiler/parser/ScannerHelper
instanceKlass org/eclipse/jdt/core/Signature
instanceKlass org/eclipse/core/internal/jobs/JobQueue$2
instanceKlass org/eclipse/jdt/internal/compiler/lookup/TypeConstants$CloseMethodRecord
instanceKlass org/eclipse/jdt/internal/core/IJavaElementRequestor
instanceKlass org/eclipse/jdt/core/search/SearchRequestor
instanceKlass org/eclipse/jdt/core/CompletionRequestor
instanceKlass org/eclipse/jdt/internal/codeassist/complete/CompletionNode
instanceKlass lombok/patcher/scripts/ReplaceMethodCallScript$1
instanceKlass org/eclipse/jdt/internal/codeassist/MissingTypesGuesser$GuessedTypeRequestor
instanceKlass org/eclipse/jdt/internal/codeassist/UnresolvedReferenceNameFinder$UnresolvedReferenceNameRequestor
instanceKlass org/eclipse/jdt/internal/core/INamingRequestor
instanceKlass org/eclipse/jdt/internal/compiler/lookup/Substitution
instanceKlass org/eclipse/jdt/internal/compiler/lookup/Binding
instanceKlass org/eclipse/jdt/core/CompletionProposal
instanceKlass org/eclipse/jdt/core/compiler/IProblem
instanceKlass org/eclipse/jdt/internal/compiler/lookup/Scope
instanceKlass org/eclipse/jdt/core/CompletionContext
instanceKlass org/eclipse/jdt/internal/compiler/lookup/InvocationSite
instanceKlass org/eclipse/jdt/internal/compiler/ast/ASTNode
instanceKlass org/eclipse/jdt/internal/compiler/ast/Location
instanceKlass org/eclipse/jdt/internal/codeassist/impl/Engine
instanceKlass org/eclipse/jdt/internal/codeassist/ICompletionEngine
instanceKlass org/eclipse/jdt/internal/codeassist/RelevanceConstants
instanceKlass org/eclipse/jdt/internal/compiler/lookup/TypeConstants
instanceKlass org/eclipse/jdt/internal/codeassist/ISearchRequestor
instanceKlass org/eclipse/jdt/internal/compiler/impl/ReferenceContext
instanceKlass org/eclipse/jdt/internal/compiler/ICompilerRequestor
instanceKlass org/eclipse/jdt/internal/compiler/Compiler
instanceKlass org/eclipse/jdt/internal/compiler/problem/ProblemSeverities
instanceKlass org/eclipse/jdt/internal/compiler/impl/ITypeRequestor
instanceKlass org/eclipse/jdt/internal/core/builder/ClasspathLocation
instanceKlass org/eclipse/jdt/internal/compiler/env/INameEnvironment
instanceKlass org/eclipse/jdt/core/IBuffer
instanceKlass org/eclipse/jdt/core/IBufferFactory
instanceKlass org/eclipse/jdt/internal/core/BufferManager
instanceKlass org/eclipse/jdt/internal/core/JavaModelManager$8
instanceKlass  @bci org/eclipse/jdt/internal/core/JavaModelManager <clinit> ()V 139 <appendix> argL0 ; # org/eclipse/jdt/internal/core/JavaModelManager$$Lambda+0x0000024a1c2c3c60
instanceKlass  @bci org/eclipse/jdt/internal/core/search/indexing/IndexNamesRegistry <init> (Ljava/io/File;Lorg/eclipse/core/runtime/IPath;)V 24 <appendix> member <vmtarget> ; # org/eclipse/jdt/internal/core/search/indexing/IndexNamesRegistry$$Lambda+0x0000024a1c2c3a38
instanceKlass org/eclipse/jdt/internal/core/search/indexing/IndexNamesRegistry
instanceKlass org/eclipse/jdt/internal/compiler/util/SimpleLookupTable
instanceKlass org/eclipse/jdt/internal/compiler/parser/Parser
instanceKlass org/eclipse/jdt/internal/compiler/lookup/TypeIds
instanceKlass org/eclipse/jdt/internal/compiler/ast/OperatorIds
instanceKlass org/eclipse/jdt/internal/compiler/parser/ConflictedParser
instanceKlass org/eclipse/jdt/internal/compiler/parser/ParserBasicInformation
instanceKlass org/eclipse/jdt/internal/compiler/IProblemFactory
instanceKlass org/eclipse/jdt/internal/core/search/indexing/IndexRequest
instanceKlass org/eclipse/jdt/internal/core/index/IndexLocation
instanceKlass org/eclipse/jdt/internal/core/search/processing/JobManager
instanceKlass org/eclipse/jdt/internal/core/search/indexing/IIndexConstants
instanceKlass  @bci org/eclipse/jdt/internal/core/JavaModelManager <init> ()V 404 <appendix> argL0 ; # org/eclipse/jdt/internal/core/JavaModelManager$$Lambda+0x0000024a1c2c1588
instanceKlass org/eclipse/jdt/internal/core/JavaModelManager$3
instanceKlass org/eclipse/jdt/internal/core/JavaModelManager$2
instanceKlass org/eclipse/jdt/internal/core/JavaModelManager$EclipsePreferencesListener
instanceKlass org/eclipse/jdt/core/IElementChangedListener
instanceKlass  @bci org/eclipse/core/internal/jobs/JobManager wakeUp (Lorg/eclipse/core/internal/jobs/InternalJob;J)V 23 <appendix> member <vmtarget> ; # org/eclipse/core/internal/jobs/JobManager$$Lambda+0x0000024a1c223448
instanceKlass org/eclipse/jdt/internal/core/DeltaProcessingState
instanceKlass org/eclipse/jdt/internal/core/ExternalFoldersManager
instanceKlass org/eclipse/jdt/internal/core/util/Util$Comparer
instanceKlass org/eclipse/jdt/internal/core/JavaModelManager$CompilationParticipants
instanceKlass org/eclipse/jdt/internal/core/BatchInitializationMonitor
instanceKlass org/eclipse/jdt/internal/core/JavaModelOperation
instanceKlass org/eclipse/jdt/internal/core/JavaElementInfo
instanceKlass org/eclipse/jdt/internal/codeassist/ISelectionRequestor
instanceKlass org/eclipse/jdt/internal/compiler/env/IElementInfo
instanceKlass org/eclipse/jdt/internal/core/JavaModelManager$1
instanceKlass org/eclipse/jdt/core/IClassFile
instanceKlass org/eclipse/jdt/core/IPackageFragment
instanceKlass org/eclipse/jdt/internal/core/search/processing/IJob
instanceKlass org/eclipse/jdt/core/IAccessRule
instanceKlass org/eclipse/jdt/internal/core/search/IRestrictedAccessTypeRequestor
instanceKlass org/eclipse/jdt/internal/core/util/LRUCache
instanceKlass org/eclipse/jdt/core/IJavaElementDelta
instanceKlass org/eclipse/jdt/internal/compiler/util/SuffixConstants
instanceKlass org/eclipse/jdt/internal/compiler/env/ICompilationUnit
instanceKlass org/eclipse/jdt/internal/compiler/env/IDependent
instanceKlass org/eclipse/jdt/core/ICompilationUnit
instanceKlass org/eclipse/jdt/core/ISourceManipulation
instanceKlass org/eclipse/jdt/core/ITypeRoot
instanceKlass org/eclipse/jdt/core/ICodeAssist
instanceKlass org/eclipse/jdt/core/ISourceReference
instanceKlass org/lombokweb/asm/Handle
instanceKlass org/eclipse/jdt/core/IBufferChangedListener
instanceKlass org/eclipse/jdt/core/IPackageFragmentRoot
instanceKlass org/eclipse/jdt/internal/compiler/util/Util$Displayable
instanceKlass org/eclipse/jdt/core/IJavaModelStatus
instanceKlass org/eclipse/jdt/core/IJavaProject
instanceKlass org/eclipse/jdt/core/IClasspathContainer
instanceKlass org/eclipse/jdt/internal/core/JavaModelManager
instanceKlass  @bci java/util/Comparator comparingDouble (Ljava/util/function/ToDoubleFunction;)Ljava/util/Comparator; 6 <appendix> member <vmtarget> ; # java/util/Comparator$$Lambda+0x0000024a1c1dc980
instanceKlass  @bci org/eclipse/jdt/core/JavaCore <clinit> ()V 214 <appendix> argL0 ; # org/eclipse/jdt/core/JavaCore$$Lambda+0x0000024a1c2b1a00
instanceKlass  @cpi org/eclipse/jdt/core/JavaCore 2486 form vmentry <vmtarget> ; # java/lang/invoke/LambdaForm$DMH+0x0000024a1c2b2c00
# instanceKlass java/lang/invoke/LambdaForm$DMH+0x0000024a1c2b2800
instanceKlass java/util/function/ToDoubleFunction
instanceKlass org/eclipse/jdt/core/compiler/CharOperation
instanceKlass org/eclipse/jdt/internal/compiler/impl/CompilerOptions
instanceKlass org/eclipse/jdt/core/IRegion
instanceKlass org/eclipse/jdt/internal/compiler/env/IModule
instanceKlass org/eclipse/jdt/core/IWorkingCopy
instanceKlass org/eclipse/jdt/core/IClasspathAttribute
instanceKlass org/eclipse/jdt/core/search/TypeNameRequestor
instanceKlass org/eclipse/jdt/core/IClasspathEntry
instanceKlass org/eclipse/jdt/core/IJavaModel
instanceKlass org/eclipse/jdt/core/IParent
instanceKlass org/eclipse/jdt/core/IOpenable
instanceKlass org/eclipse/core/internal/events/NodeIDMap
instanceKlass org/eclipse/jdt/core/IJavaElement
instanceKlass org/eclipse/core/internal/events/ResourceDeltaInfo
instanceKlass org/eclipse/core/resources/IWorkspaceRunnable
instanceKlass org/eclipse/core/internal/dtree/NodeComparison
instanceKlass org/eclipse/core/internal/events/ResourceComparator
instanceKlass org/eclipse/core/internal/events/ResourceDeltaFactory
instanceKlass org/eclipse/core/resources/IMarkerDelta
instanceKlass org/eclipse/jdt/core/WorkingCopyOwner
instanceKlass org/eclipse/jdt/ls/core/internal/managers/ISourceDownloader
instanceKlass org/eclipse/core/runtime/SubMonitor$RootInfo
instanceKlass org/eclipse/jdt/ls/core/internal/preferences/PreferenceManager
instanceKlass org/eclipse/core/resources/team/ResourceRuleFactory
instanceKlass org/eclipse/m2e/core/internal/repository/IRepositoryDiscoverer
instanceKlass org/apache/maven/wagon/authentication/AuthenticationInfo
instanceKlass org/eclipse/m2e/core/internal/repository/IRepositoryIndexer
instanceKlass org/eclipse/m2e/core/internal/repository/RepositoryInfo
instanceKlass org/eclipse/m2e/core/repository/IRepository
instanceKlass org/eclipse/m2e/core/internal/repository/RepositoryRegistry
instanceKlass org/eclipse/m2e/core/repository/IRepositoryRegistry
instanceKlass org/eclipse/m2e/core/internal/project/WorkspaceStateWriter
instanceKlass  @bci org/eclipse/core/internal/runtime/AdapterManager registerFactory (Lorg/eclipse/core/runtime/IAdapterFactory;Ljava/lang/String;)V 5 <appendix> argL0 ; # org/eclipse/core/internal/runtime/AdapterManager$$Lambda+0x0000024a1c1aafa8
instanceKlass org/eclipse/m2e/core/project/configurator/ILifecycleMapping
instanceKlass org/eclipse/m2e/core/project/IProjectCreationListener
instanceKlass org/eclipse/m2e/core/project/ProjectImportConfiguration
instanceKlass org/eclipse/m2e/core/project/MavenProjectInfo
instanceKlass org/eclipse/aether/graph/DependencyNode
instanceKlass org/eclipse/m2e/core/internal/project/registry/MavenProjectManager
instanceKlass org/eclipse/m2e/core/project/IMavenProjectRegistry
instanceKlass javax/xml/transform/Source
instanceKlass javax/xml/transform/Result
instanceKlass org/w3c/dom/Node
instanceKlass org/eclipse/aether/graph/DependencyVisitor
instanceKlass org/eclipse/aether/graph/DependencyFilter
instanceKlass org/eclipse/aether/collection/DependencyGraphTransformer
instanceKlass org/eclipse/aether/util/graph/transformer/ConflictResolver$VersionSelector
instanceKlass org/eclipse/aether/util/graph/transformer/ConflictResolver$ScopeSelector
instanceKlass org/eclipse/aether/util/graph/transformer/ConflictResolver$OptionalitySelector
instanceKlass org/eclipse/aether/util/graph/transformer/ConflictResolver$ScopeDeriver
instanceKlass org/eclipse/m2e/core/embedder/MavenModelManager
instanceKlass org/eclipse/m2e/core/project/configurator/ILifecycleMappingConfiguration
instanceKlass org/eclipse/m2e/core/internal/project/ProjectConfigurationManager
instanceKlass org/eclipse/m2e/core/project/IProjectConfigurationManager
instanceKlass org/eclipse/core/runtime/jobs/IJobFunction
instanceKlass org/eclipse/m2e/core/project/MavenUpdateRequest
instanceKlass java/io/ObjectStreamClass$ExceptionInfo
instanceKlass org/eclipse/m2e/core/internal/project/registry/MavenProjectFacade$MavenProjectConfiguration
instanceKlass org/apache/maven/artifact/versioning/VersionRange
instanceKlass org/codehaus/plexus/util/xml/pull/XmlSerializer
instanceKlass org/codehaus/plexus/util/xml/XMLWriter
instanceKlass java/io/ObjectStreamClass$5
instanceKlass java/io/ObjectStreamClass$4
instanceKlass java/io/ObjectStreamClass$3
instanceKlass java/io/ObjectStreamClass$MemberSignature
instanceKlass java/io/ObjectStreamClass$1
instanceKlass org/codehaus/plexus/util/xml/Xpp3Dom
instanceKlass org/eclipse/m2e/core/internal/lifecyclemapping/model/LifecycleMappingMetadataSource
instanceKlass org/eclipse/m2e/core/internal/lifecyclemapping/model/PluginExecutionFilter
instanceKlass org/eclipse/m2e/core/internal/lifecyclemapping/model/PluginExecutionMetadata
instanceKlass org/eclipse/m2e/core/lifecyclemapping/model/IPluginExecutionMetadata
# instanceKlass java/lang/invoke/LambdaForm$MH+0x0000024a1c2a5400
# instanceKlass java/lang/invoke/LambdaForm$MH+0x0000024a1c2a5000
# instanceKlass java/lang/invoke/LambdaForm$DMH+0x0000024a1c2a4c00
# instanceKlass java/lang/invoke/LambdaForm$MH+0x0000024a1c2a4800
# instanceKlass java/lang/invoke/LambdaForm$DMH+0x0000024a1c2a4400
# instanceKlass java/lang/invoke/LambdaForm$MH+0x0000024a1c2a4000
# instanceKlass java/lang/invoke/LambdaForm$MH+0x0000024a1c2a3c00
# instanceKlass java/lang/invoke/LambdaForm$MH+0x0000024a1c2a3800
# instanceKlass java/lang/invoke/LambdaForm$MH+0x0000024a1c2a3400
# instanceKlass java/lang/invoke/LambdaForm$MH+0x0000024a1c2a3000
# instanceKlass java/lang/invoke/LambdaForm$MH+0x0000024a1c2a2c00
# instanceKlass java/lang/invoke/LambdaForm$MH+0x0000024a1c2a2800
# instanceKlass java/lang/invoke/LambdaForm$MH+0x0000024a1c2a2000
# instanceKlass java/lang/invoke/LambdaForm$MH+0x0000024a1c2a1c00
# instanceKlass java/lang/invoke/LambdaForm$MH+0x0000024a1c2a1800
# instanceKlass java/lang/invoke/LambdaForm$MH+0x0000024a1c2a1400
# instanceKlass java/lang/invoke/LambdaForm$MH+0x0000024a1c2a1000
# instanceKlass java/lang/invoke/LambdaForm$MH+0x0000024a1c2a0c00
# instanceKlass java/lang/invoke/LambdaForm$MH+0x0000024a1c2a0800
# instanceKlass java/lang/invoke/LambdaForm$DMH+0x0000024a1c2a0400
instanceKlass java/util/CollSer
# instanceKlass java/lang/invoke/LambdaForm$MH+0x0000024a1c29f400
# instanceKlass java/lang/invoke/LambdaForm$MH+0x0000024a1c29f000
# instanceKlass java/lang/invoke/LambdaForm$MH+0x0000024a1c29e400
# instanceKlass java/lang/invoke/LambdaForm$MH+0x0000024a1c29e000
# instanceKlass java/lang/invoke/LambdaForm$MH+0x0000024a1c29dc00
# instanceKlass java/lang/invoke/LambdaForm$MH+0x0000024a1c29d800
# instanceKlass java/lang/invoke/LambdaForm$MH+0x0000024a1c29d400
instanceKlass  @bci java/lang/invoke/BootstrapMethodInvoker invoke (Ljava/lang/Class;Ljava/lang/invoke/MethodHandle;Ljava/lang/String;Ljava/lang/Object;Ljava/lang/Object;Ljava/lang/Class;)Ljava/lang/Object; 894 <adapter> ; # java/lang/invoke/LambdaForm$MH+0x0000024a1c29d000
# instanceKlass java/lang/invoke/LambdaForm$MH+0x0000024a1c29cc00
# instanceKlass java/lang/invoke/LambdaForm$MH+0x0000024a1c29c800
# instanceKlass java/lang/invoke/LambdaForm$MH+0x0000024a1c29c400
# instanceKlass java/lang/invoke/LambdaForm$MH+0x0000024a1c29c000
instanceKlass org/eclipse/m2e/core/project/ResolverConfiguration
instanceKlass java/io/FileFilter
# instanceKlass java/lang/invoke/LambdaForm$MH+0x0000024a1c29b400
# instanceKlass java/lang/invoke/LambdaForm$MH+0x0000024a1c29b000
# instanceKlass java/lang/invoke/LambdaForm$MH+0x0000024a1c29ac00
# instanceKlass java/lang/invoke/LambdaForm$MH+0x0000024a1c29a800
# instanceKlass java/lang/invoke/LambdaForm$MH+0x0000024a1c29a400
instanceKlass  @bci java/lang/invoke/BootstrapMethodInvoker invoke (Ljava/lang/Class;Ljava/lang/invoke/MethodHandle;Ljava/lang/String;Ljava/lang/Object;Ljava/lang/Object;Ljava/lang/Class;)Ljava/lang/Object; 930 <adapter> ; # java/lang/invoke/LambdaForm$MH+0x0000024a1c29a000
# instanceKlass java/lang/invoke/LambdaForm$MH+0x0000024a1c299c00
# instanceKlass java/lang/invoke/LambdaForm$MH+0x0000024a1c299800
# instanceKlass java/lang/invoke/LambdaForm$MH+0x0000024a1c299400
# instanceKlass java/lang/invoke/LambdaForm$MH+0x0000024a1c299000
# instanceKlass java/lang/invoke/LambdaForm$MH+0x0000024a1c298c00
# instanceKlass java/lang/invoke/LambdaForm$MH+0x0000024a1c298800
# instanceKlass java/lang/invoke/LambdaForm$MH+0x0000024a1c298400
# instanceKlass java/lang/invoke/LambdaForm$MH+0x0000024a1c297c00
instanceKlass org/apache/maven/artifact/versioning/ArtifactVersion
instanceKlass org/eclipse/m2e/core/internal/project/registry/RequiredCapability
instanceKlass  @bci org/eclipse/jdt/internal/core/JrtPackageFragmentRoot$JrtModuleKey hashCode ()I 1 <adapter> ; # java/lang/invoke/LambdaForm$MH+0x0000024a1c297000
instanceKlass  @bci org/eclipse/jdt/internal/core/JrtPackageFragmentRoot$JrtModuleKey hashCode ()I 1 <appendix> form vmentry <vmtarget> ; # java/lang/invoke/LambdaForm$MH+0x0000024a1c296c00
# instanceKlass java/lang/invoke/LambdaForm$MH+0x0000024a1c296800
# instanceKlass java/lang/invoke/LambdaForm$MH+0x0000024a1c296400
instanceKlass  @bci org/eclipse/jdt/internal/core/JrtPackageFragmentRoot$JrtModuleKey hashCode ()I 1 <appendix> form names 7 function resolvedHandle form vmentry <vmtarget> ; # java/lang/invoke/LambdaForm$DMH+0x0000024a1c296000
instanceKlass  @bci org/eclipse/jdt/internal/core/JrtPackageFragmentRoot$JrtModuleKey hashCode ()I 1 <appendix> argL2 argL2 argL2 form vmentry <vmtarget> ; # java/lang/invoke/LambdaForm$MH+0x0000024a1c295c00
instanceKlass  @bci java/lang/runtime/ObjectMethods bootstrap (Ljava/lang/invoke/MethodHandles$Lookup;Ljava/lang/String;Ljava/lang/invoke/TypeDescriptor;Ljava/lang/Class;Ljava/lang/String;[Ljava/lang/invoke/MethodHandle;)Ljava/lang/Object; 37 <appendix> argL0 ; # java/lang/runtime/ObjectMethods$$Lambda+0x0000024a1c1da9e8
# instanceKlass java/lang/invoke/LambdaForm$DMH+0x0000024a1c295800
# instanceKlass java/lang/invoke/LambdaForm$DMH+0x0000024a1c295400
# instanceKlass java/lang/invoke/LambdaForm$DMH+0x0000024a1c295000
# instanceKlass java/lang/invoke/LambdaForm$DMH+0x0000024a1c294c00
# instanceKlass java/lang/invoke/LambdaForm$DMH+0x0000024a1c294800
# instanceKlass java/lang/invoke/LambdaForm$DMH+0x0000024a1c294400
# instanceKlass java/lang/invoke/LambdaForm$DMH+0x0000024a1c294000
# instanceKlass java/lang/invoke/LambdaForm$DMH+0x0000024a1c293c00
# instanceKlass java/lang/invoke/LambdaForm$DMH+0x0000024a1c293800
# instanceKlass java/lang/invoke/LambdaForm$DMH+0x0000024a1c293400
# instanceKlass java/lang/invoke/LambdaForm$DMH+0x0000024a1c293000
instanceKlass java/lang/runtime/ObjectMethods$1
# instanceKlass java/lang/invoke/LambdaForm$MH+0x0000024a1c292c00
# instanceKlass java/lang/invoke/LambdaForm$MH+0x0000024a1c292800
# instanceKlass java/lang/invoke/LambdaForm$MH+0x0000024a1c292400
# instanceKlass java/lang/invoke/LambdaForm$MH+0x0000024a1c292000
# instanceKlass java/lang/invoke/LambdaForm$MH+0x0000024a1c291c00
# instanceKlass java/lang/invoke/LambdaForm$MH+0x0000024a1c291800
instanceKlass java/lang/invoke/MethodHandleImpl$Makers$2
instanceKlass java/lang/invoke/MethodHandleImpl$Makers$1
instanceKlass java/lang/invoke/MethodHandleImpl$Makers
instanceKlass  @bci java/lang/invoke/BootstrapMethodInvoker invoke (Ljava/lang/Class;Ljava/lang/invoke/MethodHandle;Ljava/lang/String;Ljava/lang/Object;Ljava/lang/Object;Ljava/lang/Class;)Ljava/lang/Object; 862 <adapter> ; # java/lang/invoke/LambdaForm$MH+0x0000024a1c291400
# instanceKlass java/lang/invoke/LambdaForm$DMH+0x0000024a1c291000
instanceKlass java/lang/runtime/ObjectMethods
# instanceKlass java/lang/invoke/LambdaForm$MH+0x0000024a1c290c00
# instanceKlass java/lang/invoke/LambdaForm$MH+0x0000024a1c290800
# instanceKlass java/lang/invoke/LambdaForm$MH+0x0000024a1c290400
# instanceKlass java/lang/invoke/LambdaForm$DMH+0x0000024a1c290000
# instanceKlass java/lang/invoke/LambdaForm$MH+0x0000024a1c1a2c00
# instanceKlass java/lang/invoke/LambdaForm$MH+0x0000024a1c1a2800
# instanceKlass java/lang/invoke/LambdaForm$MH+0x0000024a1c1a2400
instanceKlass  @bci java/io/ObjectStreamClass$RecordSupport deserializationCtr (Ljava/io/ObjectStreamClass;)Ljava/lang/invoke/MethodHandle; 46 <appendix> member <vmtarget> ; # java/io/ObjectStreamClass$RecordSupport$$Lambda+0x0000024a1c058d68
# instanceKlass java/lang/invoke/LambdaForm$MH+0x0000024a1c1a2000
# instanceKlass java/lang/invoke/LambdaForm$MH+0x0000024a1c1a3400
# instanceKlass java/lang/invoke/LambdaForm$MH+0x0000024a1c1a3000
# instanceKlass java/lang/invoke/LambdaForm$MH+0x0000024a1c1a0c00
# instanceKlass java/lang/invoke/LambdaForm$MH+0x0000024a1c28fc00
# instanceKlass java/io/ObjectStreamClass$RecordSupport$$InjectedInvoker+0x0000024a1c28f800
# instanceKlass java/lang/invoke/LambdaForm$MH+0x0000024a1c28f400
instanceKlass java/io/ObjectStreamClass$DeserializationConstructorsCache$Key
# instanceKlass java/lang/invoke/LambdaForm$DMH+0x0000024a1c28f000
# instanceKlass java/lang/invoke/LambdaForm$DMH+0x0000024a1c28ec00
# instanceKlass java/lang/invoke/LambdaForm$DMH+0x0000024a1c28e800
instanceKlass java/io/ObjectStreamClass$RecordSupport
instanceKlass  @bci java/io/ObjectStreamClass lambda$canonicalRecordCtr$2 (Ljava/lang/Class;)Ljava/lang/invoke/MethodHandle; 17 <appendix> argL0 ; # java/io/ObjectStreamClass$$Lambda+0x0000024a1c1d8ec0
instanceKlass  @bci java/io/ObjectStreamClass lambda$canonicalRecordCtr$2 (Ljava/lang/Class;)Ljava/lang/invoke/MethodHandle; 7 <appendix> argL0 ; # java/io/ObjectStreamClass$$Lambda+0x0000024a1c1d8c80
instanceKlass  @bci java/io/ObjectStreamClass canonicalRecordCtr (Ljava/lang/Class;)Ljava/lang/invoke/MethodHandle; 42 <appendix> member <vmtarget> ; # java/io/ObjectStreamClass$$Lambda+0x0000024a1c1d8a58
# instanceKlass java/lang/invoke/LambdaForm$MH+0x0000024a1c28dc00
instanceKlass org/eclipse/m2e/core/internal/project/registry/ProjectRegistryReader$MavenProjectManagerImplReplace
instanceKlass org/eclipse/m2e/core/internal/project/registry/ProjectRegistryReader$IPathReplace
instanceKlass org/eclipse/m2e/core/internal/project/registry/ProjectRegistryReader$IFileReplace
instanceKlass java/util/HashMap$UnsafeHolder
instanceKlass java/io/SerialCallbackContext
instanceKlass java/io/ObjectInputStream$GetField
instanceKlass java/io/ObjectStreamClass$ClassDataSlot
instanceKlass java/io/ObjectStreamClass$FieldReflector
instanceKlass java/io/ObjectStreamClass$FieldReflectorKey
instanceKlass jdk/internal/reflect/ClassDefiner$1
instanceKlass jdk/internal/reflect/ClassDefiner
instanceKlass jdk/internal/reflect/MethodAccessorGenerator$1
instanceKlass jdk/internal/reflect/Label$PatchInfo
instanceKlass jdk/internal/reflect/Label
instanceKlass jdk/internal/reflect/UTF8
instanceKlass jdk/internal/reflect/ClassFileAssembler
instanceKlass jdk/internal/reflect/ByteVectorImpl
instanceKlass jdk/internal/reflect/ByteVector
instanceKlass jdk/internal/reflect/ByteVectorFactory
instanceKlass jdk/internal/reflect/AccessorGenerator
instanceKlass jdk/internal/reflect/ClassFileConstants
instanceKlass  @bci jdk/internal/reflect/MethodHandleLongFieldAccessorImpl getLong (Ljava/lang/Object;)J 11 <adapter> ; # java/lang/invoke/LambdaForm$MH+0x0000024a1c28c000
instanceKlass java/io/ObjectStreamClass$2
instanceKlass java/io/ClassCache
instanceKlass java/io/ObjectStreamClass$Caches
instanceKlass sun/reflect/misc/ReflectUtil
instanceKlass java/io/ObjectStreamClass
instanceKlass  @bci java/io/ObjectInputFilter$Config <clinit> ()V 368 <appendix> argL0 ; # java/io/ObjectInputFilter$Config$$Lambda+0x0000024a1c1d35b0
instanceKlass jdk/internal/access/JavaObjectInputFilterAccess
instanceKlass java/io/ObjectInputFilter$Config$BuiltinFilterFactory
instanceKlass  @bci java/io/ObjectInputFilter$Config <clinit> ()V 80 <appendix> argL0 ; # java/io/ObjectInputFilter$Config$$Lambda+0x0000024a1c1d2f48
instanceKlass  @bci java/io/ObjectInputFilter$Config <clinit> ()V 56 <appendix> argL0 ; # java/io/ObjectInputFilter$Config$$Lambda+0x0000024a1c1d2d28
instanceKlass java/io/ObjectInputFilter
instanceKlass java/io/ObjectInputFilter$Config
instanceKlass java/io/ObjectInputStream$ValidationList
instanceKlass java/io/ObjectInputStream$HandleTable$HandleList
instanceKlass java/io/ObjectInputStream$HandleTable
instanceKlass  @bci java/io/ObjectInputStream <clinit> ()V 100 <appendix> argL0 ; # java/io/ObjectInputStream$$Lambda+0x0000024a1c1d17a8
instanceKlass jdk/internal/access/JavaObjectInputStreamReadString
instanceKlass  @bci java/io/ObjectInputStream <clinit> ()V 92 <appendix> argL0 ; # java/io/ObjectInputStream$$Lambda+0x0000024a1c1d1388
instanceKlass jdk/internal/access/JavaObjectInputStreamAccess
instanceKlass org/eclipse/m2e/core/project/IMavenProjectChangedListener
instanceKlass org/eclipse/m2e/core/internal/project/registry/DependencyResolutionContext
instanceKlass org/apache/maven/project/ProjectBuildingResult
instanceKlass org/eclipse/core/runtime/SubMonitor
instanceKlass org/eclipse/m2e/core/internal/project/registry/MavenProjectFacade
instanceKlass com/google/common/cache/LocalCache$AbstractReferenceEntry
instanceKlass java/util/concurrent/atomic/AtomicReferenceArray
instanceKlass com/google/common/cache/LocalCache$LoadingValueReference
instanceKlass com/google/common/cache/Weigher
instanceKlass com/google/common/base/Predicate
instanceKlass com/google/common/base/Equivalence
instanceKlass java/util/function/BiPredicate
instanceKlass com/google/common/base/MoreObjects
instanceKlass com/google/common/cache/LocalCache$1
instanceKlass com/google/common/cache/ReferenceEntry
instanceKlass com/google/common/cache/LocalCache$ValueReference
instanceKlass com/google/common/cache/LocalCache$LocalManualCache
instanceKlass com/google/common/cache/CacheLoader
instanceKlass  @bci org/eclipse/m2e/core/internal/project/registry/MavenProjectCache <init> ()V 25 <appendix> member <vmtarget> ; # org/eclipse/m2e/core/internal/project/registry/MavenProjectCache$$Lambda+0x0000024a1c27f228
instanceKlass org/eclipse/m2e/core/internal/project/registry/MavenProjectCache$CacheLine
instanceKlass  @bci org/eclipse/m2e/core/internal/project/registry/MavenProjectCache <init> ()V 16 <appendix> member <vmtarget> ; # org/eclipse/m2e/core/internal/project/registry/MavenProjectCache$$Lambda+0x0000024a1c27f000
instanceKlass com/google/common/cache/RemovalListener
instanceKlass com/google/common/cache/CacheBuilder$2
instanceKlass com/google/common/base/Preconditions
instanceKlass com/google/common/cache/CacheStats
instanceKlass com/google/common/base/Suppliers$SupplierOfInstance
instanceKlass com/google/common/base/Suppliers
instanceKlass com/google/common/cache/CacheBuilder$1
instanceKlass com/google/common/cache/AbstractCache$StatsCounter
instanceKlass com/google/common/base/Ticker
instanceKlass com/google/common/base/Supplier
instanceKlass com/google/common/cache/CacheBuilder
instanceKlass com/google/common/cache/LoadingCache
instanceKlass com/google/common/base/Function
instanceKlass com/google/common/cache/Cache
instanceKlass org/eclipse/m2e/core/internal/preferences/MavenPreferenceConstants
instanceKlass org/eclipse/m2e/core/internal/embedder/MavenExecutionContext
instanceKlass org/apache/maven/model/ModelBase
instanceKlass org/apache/maven/wagon/proxy/ProxyInfo
instanceKlass org/apache/maven/execution/MavenSession
instanceKlass org/apache/maven/project/ProjectBuildingRequest
instanceKlass org/eclipse/m2e/core/embedder/ILocalRepositoryListener
instanceKlass org/apache/maven/settings/TrackableBase
instanceKlass org/apache/maven/lifecycle/MavenExecutionPlan
instanceKlass org/apache/maven/model/ConfigurationContainer
instanceKlass org/apache/maven/model/InputLocationTracker
instanceKlass org/apache/maven/model/building/ModelProblemCollectorRequest
instanceKlass org/apache/maven/plugin/MojoExecution
instanceKlass org/eclipse/m2e/core/internal/embedder/MavenImpl$MavenSettings
instanceKlass org/eclipse/m2e/core/embedder/ICallable
instanceKlass org/apache/maven/artifact/Artifact
instanceKlass org/eclipse/m2e/core/embedder/ISettingsChangeListener
instanceKlass org/eclipse/sisu/inject/MildKeys
instanceKlass org/eclipse/sisu/inject/Weak
instanceKlass java/util/stream/Nodes$ArrayNode
instanceKlass  @bci sun/util/locale/provider/LocaleProviderAdapter toLocaleArray (Ljava/util/Set;)[Ljava/util/Locale; 16 <appendix> argL0 ; # sun/util/locale/provider/LocaleProviderAdapter$$Lambda+0x800000069
instanceKlass  @bci sun/util/locale/provider/LocaleProviderAdapter toLocaleArray (Ljava/util/Set;)[Ljava/util/Locale; 6 <appendix> argL0 ; # sun/util/locale/provider/LocaleProviderAdapter$$Lambda+0x800000068
instanceKlass  @bci sun/util/cldr/CLDRLocaleProviderAdapter getCalendarDataProvider ()Ljava/util/spi/CalendarDataProvider; 8 <appendix> member <vmtarget> ; # sun/util/cldr/CLDRLocaleProviderAdapter$$Lambda+0x800000062
instanceKlass sun/util/locale/provider/CalendarDataUtility$CalendarWeekParameterGetter
instanceKlass sun/util/locale/provider/LocaleServiceProviderPool$LocalizedObjectGetter
instanceKlass sun/util/locale/provider/LocaleServiceProviderPool
instanceKlass java/util/Calendar$Builder
instanceKlass  @bci sun/util/locale/provider/JRELocaleProviderAdapter getCalendarProvider ()Lsun/util/spi/CalendarProvider; 8 <appendix> member <vmtarget> ; # sun/util/locale/provider/JRELocaleProviderAdapter$$Lambda+0x800000063
instanceKlass com/google/inject/matcher/AbstractMatcher
instanceKlass com/google/inject/matcher/Matcher
instanceKlass com/google/inject/Module
instanceKlass com/google/inject/spi/TypeConverter
instanceKlass org/codehaus/plexus/component/configurator/converters/ParameterizedConfigurationConverter
instanceKlass org/codehaus/plexus/component/configurator/converters/AbstractConfigurationConverter
instanceKlass org/codehaus/plexus/component/configurator/converters/ConfigurationConverter
instanceKlass org/codehaus/plexus/component/configurator/converters/lookup/DefaultConverterLookup
instanceKlass org/eclipse/m2e/core/internal/markers/MavenProblemInfo
instanceKlass org/eclipse/m2e/core/internal/markers/SourceLocation
instanceKlass org/apache/maven/project/MavenProject
instanceKlass org/eclipse/aether/artifact/Artifact
instanceKlass org/eclipse/m2e/core/internal/markers/MavenMarkerManager
instanceKlass org/apache/maven/execution/MavenExecutionRequest
instanceKlass org/eclipse/m2e/core/internal/embedder/MavenProperties
instanceKlass org/apache/felix/scr/impl/ComponentRegistry$2
instanceKlass org/eclipse/m2e/core/internal/preferences/MavenConfigurationImpl$1
instanceKlass org/eclipse/core/runtime/preferences/IPreferenceFilter
instanceKlass org/apache/felix/scr/impl/ComponentRegistry$Entry
instanceKlass org/eclipse/osgi/internal/log/ExtendedLogEntryImpl
instanceKlass org/eclipse/equinox/log/ExtendedLogEntry
instanceKlass org/eclipse/osgi/internal/log/Arguments
instanceKlass java/lang/StackTraceElement$HashedModules
instanceKlass org/eclipse/m2e/core/internal/embedder/EclipseLogger
instanceKlass org/codehaus/plexus/logging/Logger
instanceKlass org/codehaus/plexus/logging/AbstractLoggerManager
instanceKlass org/codehaus/plexus/logging/LoggerManager
instanceKlass org/eclipse/m2e/core/internal/embedder/IMavenPlexusContainer
instanceKlass org/codehaus/plexus/classworlds/ClassWorldListener
instanceKlass org/codehaus/plexus/PlexusContainer
instanceKlass org/codehaus/plexus/classworlds/ClassWorld
instanceKlass org/apache/maven/plugin/version/PluginVersionRequest
instanceKlass org/codehaus/plexus/component/configurator/expression/ExpressionEvaluator
instanceKlass org/codehaus/plexus/configuration/PlexusConfiguration
instanceKlass org/apache/maven/model/building/ModelBuildingRequest
instanceKlass org/apache/maven/settings/crypto/SettingsDecryptionRequest
instanceKlass org/apache/maven/settings/building/SettingsBuildingRequest
instanceKlass org/apache/maven/execution/MavenExecutionResult
instanceKlass org/eclipse/aether/RepositorySystemSession
instanceKlass org/codehaus/plexus/component/configurator/converters/lookup/ConverterLookup
instanceKlass org/eclipse/m2e/core/internal/embedder/MavenImpl
instanceKlass org/eclipse/m2e/core/embedder/IMavenConfigurationChangeListener
instanceKlass org/eclipse/m2e/core/internal/preferences/MavenConfigurationImpl
instanceKlass org/eclipse/m2e/core/internal/project/registry/MavenProjectCache
instanceKlass org/eclipse/m2e/core/internal/project/registry/ProjectRegistryReader
instanceKlass org/eclipse/m2e/core/internal/embedder/PlexusContainerManager
instanceKlass org/eclipse/m2e/core/internal/markers/IMavenMarkerManager
instanceKlass org/eclipse/m2e/core/internal/project/registry/BasicProjectRegistry
instanceKlass org/eclipse/m2e/core/internal/project/registry/AbstractMavenDependencyResolver
instanceKlass org/eclipse/m2e/core/embedder/IMavenExecutionContext
instanceKlass org/eclipse/aether/repository/WorkspaceReader
instanceKlass org/apache/maven/artifact/repository/MavenArtifactRepository
instanceKlass org/apache/maven/artifact/repository/ArtifactRepository
instanceKlass org/eclipse/m2e/core/project/IProjectConfiguration
instanceKlass org/eclipse/m2e/core/internal/project/registry/IProjectRegistry
instanceKlass org/eclipse/m2e/core/internal/project/registry/Capability
instanceKlass org/eclipse/m2e/core/project/IMavenProjectFacade
instanceKlass org/eclipse/m2e/core/embedder/IMavenExecutableLocation
instanceKlass org/eclipse/m2e/core/embedder/IMaven
instanceKlass org/eclipse/m2e/core/embedder/IComponentLookup
instanceKlass org/eclipse/m2e/core/embedder/IMavenConfiguration
instanceKlass org/eclipse/m2e/core/internal/project/registry/ProjectRegistryManager
instanceKlass ch/qos/logback/classic/util/LoggerNameUtil
instanceKlass org/slf4j/helpers/Reporter
instanceKlass ch/qos/logback/core/util/CachingDateFormatter$CacheTuple
instanceKlass ch/qos/logback/core/util/CachingDateFormatter
instanceKlass ch/qos/logback/core/util/StatusPrinter2
instanceKlass ch/qos/logback/core/util/StatusPrinter
instanceKlass ch/qos/logback/core/status/StatusUtil
instanceKlass  @bci ch/qos/logback/classic/util/ContextInitializer printDuration (JLch/qos/logback/classic/spi/Configurator;Lch/qos/logback/classic/spi/Configurator$ExecutionStatus;)V 31 <adapter> ; # java/lang/invoke/LambdaForm$MH+0x0000024a1c25b400
instanceKlass  @bci ch/qos/logback/classic/util/ContextInitializer printDuration (JLch/qos/logback/classic/spi/Configurator;Lch/qos/logback/classic/spi/Configurator$ExecutionStatus;)V 31 <appendix> form vmentry <vmtarget> ; # java/lang/invoke/LambdaForm$MH+0x0000024a1c25b000
# instanceKlass java/lang/invoke/LambdaForm$MH+0x0000024a1c25ac00
instanceKlass  @bci ch/qos/logback/classic/util/ContextInitializer printDuration (JLch/qos/logback/classic/spi/Configurator;Lch/qos/logback/classic/spi/Configurator$ExecutionStatus;)V 31 <appendix> form names 8 function resolvedHandle form vmentry <vmtarget> ; # java/lang/invoke/LambdaForm$DMH+0x0000024a1c25a800
instanceKlass  @bci ch/qos/logback/classic/util/ContextInitializer printDuration (JLch/qos/logback/classic/spi/Configurator;Lch/qos/logback/classic/spi/Configurator$ExecutionStatus;)V 31 <appendix> argL3 form vmentry <vmtarget> ; # java/lang/invoke/LambdaForm$MH+0x0000024a1c25a400
# instanceKlass java/lang/invoke/LambdaForm$MH+0x0000024a1c25a000
# instanceKlass java/lang/invoke/LambdaForm$MH+0x0000024a1c259c00
# instanceKlass java/lang/invoke/LambdaForm$MH+0x0000024a1c259800
# instanceKlass java/lang/invoke/LambdaForm$MH+0x0000024a1c259400
instanceKlass  @bci ch/qos/logback/classic/util/ContextInitializer printDuration (JLch/qos/logback/classic/spi/Configurator;Lch/qos/logback/classic/spi/Configurator$ExecutionStatus;)V 31 <appendix> form names 12 function resolvedHandle form vmentry <vmtarget> ; # java/lang/invoke/LambdaForm$DMH+0x0000024a1c259000
instanceKlass  @bci ch/qos/logback/classic/util/ContextInitializer printDuration (JLch/qos/logback/classic/spi/Configurator;Lch/qos/logback/classic/spi/Configurator$ExecutionStatus;)V 31 <appendix> argL1 form vmentry <vmtarget> ; # java/lang/invoke/LambdaForm$MH+0x0000024a1c258c00
# instanceKlass java/lang/invoke/LambdaForm$MH+0x0000024a1c258800
# instanceKlass java/lang/invoke/LambdaForm$MH+0x0000024a1c258400
# instanceKlass java/lang/invoke/LambdaForm$MH+0x0000024a1c258000
instanceKlass ch/qos/logback/core/Appender
instanceKlass ch/qos/logback/core/spi/FilterAttachable
instanceKlass ch/qos/logback/core/spi/ContextAwareBase
instanceKlass ch/qos/logback/core/status/StatusListener
instanceKlass ch/qos/logback/core/util/StatusListenerConfigHelper
instanceKlass ch/qos/logback/core/status/StatusBase
instanceKlass ch/qos/logback/core/util/EnvUtil
instanceKlass ch/qos/logback/classic/util/ClassicEnvUtil
instanceKlass ch/qos/logback/core/util/OptionHelper
instanceKlass ch/qos/logback/core/util/Loader
instanceKlass ch/qos/logback/classic/spi/Configurator
instanceKlass ch/qos/logback/core/spi/ContextAwareImpl
instanceKlass ch/qos/logback/classic/util/ContextInitializer$1
instanceKlass ch/qos/logback/core/spi/ContextAware
instanceKlass ch/qos/logback/classic/util/ContextInitializer
instanceKlass org/slf4j/MDC
instanceKlass ch/qos/logback/classic/util/LogbackMDCAdapter
instanceKlass ch/qos/logback/classic/Level
instanceKlass ch/qos/logback/classic/spi/ILoggingEvent
instanceKlass ch/qos/logback/core/spi/DeferredProcessingAware
instanceKlass org/slf4j/spi/LoggingEventBuilder
instanceKlass ch/qos/logback/classic/Logger
instanceKlass ch/qos/logback/core/spi/AppenderAttachable
instanceKlass org/slf4j/spi/LoggingEventAware
instanceKlass org/slf4j/spi/LocationAwareLogger
instanceKlass ch/qos/logback/classic/spi/LoggerContextVO
instanceKlass ch/qos/logback/core/spi/LogbackLock
instanceKlass ch/qos/logback/core/helpers/CyclicBuffer
instanceKlass ch/qos/logback/core/BasicStatusManager
instanceKlass ch/qos/logback/core/status/Status
instanceKlass ch/qos/logback/core/status/StatusManager
instanceKlass ch/qos/logback/core/ContextBase
instanceKlass ch/qos/logback/core/spi/LifeCycle
instanceKlass ch/qos/logback/core/Context
instanceKlass ch/qos/logback/core/spi/PropertyContainer
instanceKlass  @cpi org/eclipse/jdt/ls/core/internal/JDTUtils 1933 form vmentry <vmtarget> ; # java/lang/invoke/LambdaForm$DMH+0x0000024a1c249000
instanceKlass org/apache/aries/spifly/Util$7
instanceKlass org/apache/aries/spifly/Util$5
instanceKlass org/eclipse/osgi/internal/container/NamespaceList$Builder$1
instanceKlass org/apache/felix/resolver/WireImpl
instanceKlass org/apache/felix/resolver/util/ArrayMap$1$1
instanceKlass org/apache/felix/resolver/UsedBlames
instanceKlass org/apache/felix/resolver/PackageSpaces$4
instanceKlass org/apache/felix/resolver/PackageSpaces$3
instanceKlass org/apache/felix/resolver/PackageSpaces$2
instanceKlass org/apache/felix/resolver/Blame
instanceKlass org/apache/felix/resolver/PackageSpaces$1
instanceKlass org/apache/felix/resolver/Packages
instanceKlass org/apache/felix/resolver/WrappedRequirement
instanceKlass org/apache/felix/resolver/WireCandidate
instanceKlass org/apache/felix/resolver/EnhancedExecutor$1
instanceKlass org/apache/felix/resolver/PackageSpaces$1Computer
instanceKlass org/apache/felix/resolver/WrappedResource
instanceKlass  @bci org/apache/felix/resolver/util/CandidateSelector calculate (Lorg/osgi/resource/Requirement;)V 15 <appendix> member <vmtarget> ; # org/apache/felix/resolver/util/CandidateSelector$$Lambda+0x0000024a1c24c690
instanceKlass org/apache/felix/resolver/util/CopyOnWriteSet
instanceKlass org/apache/felix/resolver/DumbExecutor
instanceKlass org/slf4j/helpers/Util
instanceKlass org/slf4j/helpers/NOPMDCAdapter
instanceKlass org/slf4j/helpers/NOPLoggerFactory
instanceKlass org/slf4j/helpers/NOP_FallbackServiceProvider
instanceKlass org/slf4j/helpers/ThreadLocalMapOfStacks
instanceKlass org/objectweb/asm/tree/ParameterNode
instanceKlass org/slf4j/helpers/BasicMDCAdapter
instanceKlass org/slf4j/Marker
instanceKlass org/slf4j/helpers/BasicMarkerFactory
instanceKlass org/slf4j/Logger
instanceKlass org/slf4j/helpers/SubstituteLoggerFactory
instanceKlass org/slf4j/ILoggerFactory
instanceKlass org/slf4j/spi/MDCAdapter
instanceKlass org/slf4j/IMarkerFactory
instanceKlass org/slf4j/helpers/SubstituteServiceProvider
instanceKlass org/slf4j/event/LoggingEvent
instanceKlass org/slf4j/LoggerFactory
instanceKlass  @bci org/eclipse/osgi/container/ModuleWiring lambda$1 (Lorg/eclipse/osgi/internal/container/NamespaceList$Builder;)V 26 <appendix> argL0 ; # org/eclipse/osgi/container/ModuleWiring$$Lambda+0x0000024a1c197820
instanceKlass java/util/function/UnaryOperator
instanceKlass  @bci org/eclipse/osgi/container/ModuleWiring addDynamicImports (Lorg/eclipse/osgi/container/ModuleRevisionBuilder;)V 39 <appendix> member <vmtarget> ; # org/eclipse/osgi/container/ModuleWiring$$Lambda+0x0000024a1c1975f8
instanceKlass  @bci org/eclipse/osgi/container/ModuleWiring addDynamicImports (Lorg/eclipse/osgi/container/ModuleRevisionBuilder;)V 7 <appendix> member <vmtarget> ; # org/eclipse/osgi/container/ModuleWiring$$Lambda+0x0000024a1c1973b0
instanceKlass org/eclipse/osgi/container/builders/OSGiManifestBuilderFactory
instanceKlass  @bci sun/net/www/protocol/jrt/JavaRuntimeURLConnection <clinit> ()V 0 <appendix> argL0 ; # sun/net/www/protocol/jrt/JavaRuntimeURLConnection$$Lambda+0x0000024a1c1ce0f8
instanceKlass org/objectweb/asm/Handler
instanceKlass org/objectweb/asm/tree/TryCatchBlockNode
instanceKlass org/objectweb/asm/Handle
instanceKlass org/objectweb/asm/Edge
instanceKlass org/objectweb/asm/tree/LocalVariableNode
instanceKlass java/util/BitSet
instanceKlass org/objectweb/asm/tree/InsnList
instanceKlass org/objectweb/asm/tree/Util
instanceKlass org/objectweb/asm/tree/AbstractInsnNode
instanceKlass org/objectweb/asm/commons/Method
instanceKlass org/objectweb/asm/Label
instanceKlass org/objectweb/asm/Frame
instanceKlass org/objectweb/asm/Context
instanceKlass org/objectweb/asm/Attribute
instanceKlass org/objectweb/asm/Type
instanceKlass org/objectweb/asm/ByteVector
instanceKlass org/objectweb/asm/Symbol
instanceKlass org/objectweb/asm/SymbolTable
instanceKlass org/objectweb/asm/FieldVisitor
instanceKlass org/objectweb/asm/MethodVisitor
instanceKlass org/objectweb/asm/AnnotationVisitor
instanceKlass org/objectweb/asm/ModuleVisitor
instanceKlass org/objectweb/asm/RecordComponentVisitor
instanceKlass org/objectweb/asm/ClassReader
instanceKlass org/eclipse/m2e/core/internal/URLConnectionCaches
instanceKlass  @bci org/eclipse/m2e/core/internal/MavenPluginActivator start (Lorg/osgi/framework/BundleContext;)V 31 <adapter> ; # java/lang/invoke/LambdaForm$MH+0x0000024a1c233800
# instanceKlass java/lang/invoke/LambdaForm$DMH+0x0000024a1c233400
instanceKlass  @bci org/eclipse/m2e/core/internal/MavenPluginActivator start (Lorg/osgi/framework/BundleContext;)V 31 <appendix> form vmentry <vmtarget> ; # java/lang/invoke/LambdaForm$MH+0x0000024a1c233000
instanceKlass  @bci org/eclipse/m2e/core/internal/MavenPluginActivator start (Lorg/osgi/framework/BundleContext;)V 31 <appendix> form names 5 function resolvedHandle form vmentry <vmtarget> ; # java/lang/invoke/LambdaForm$DMH+0x0000024a1c232c00
instanceKlass  @bci org/eclipse/m2e/core/internal/MavenPluginActivator start (Lorg/osgi/framework/BundleContext;)V 31 <appendix> argL3 form vmentry <vmtarget> ; # java/lang/invoke/LambdaForm$MH+0x0000024a1c232800
# instanceKlass java/lang/invoke/LambdaForm$MH+0x0000024a1c232400
# instanceKlass java/lang/invoke/LambdaForm$MH+0x0000024a1c232000
# instanceKlass java/lang/invoke/LambdaForm$MH+0x0000024a1c231c00
# instanceKlass java/lang/invoke/LambdaForm$MH+0x0000024a1c231800
# instanceKlass java/lang/invoke/LambdaForm$MH+0x0000024a1c231400
# instanceKlass java/lang/invoke/LambdaForm$MH+0x0000024a1c231000
instanceKlass  @bci org/eclipse/m2e/core/internal/MavenPluginActivator start (Lorg/osgi/framework/BundleContext;)V 31 <appendix> form names 9 function resolvedHandle form vmentry <vmtarget> ; # java/lang/invoke/LambdaForm$DMH+0x0000024a1c230c00
instanceKlass  @bci org/eclipse/m2e/core/internal/MavenPluginActivator start (Lorg/osgi/framework/BundleContext;)V 31 <appendix> argL1 form vmentry <vmtarget> ; # java/lang/invoke/LambdaForm$MH+0x0000024a1c230800
# instanceKlass java/lang/invoke/LambdaForm$MH+0x0000024a1c230400
instanceKlass  @bci org/eclipse/m2e/core/internal/MavenPluginActivator start (Lorg/osgi/framework/BundleContext;)V 31 <appendix> argL1 argL0 form vmentry <vmtarget> ; # java/lang/invoke/LambdaForm$MH+0x0000024a1c230000
# instanceKlass java/lang/invoke/LambdaForm$MH+0x0000024a1c22fc00
# instanceKlass java/lang/invoke/LambdaForm$MH+0x0000024a1c22f800
# instanceKlass java/lang/invoke/LambdaForm$MH+0x0000024a1c22f400
# instanceKlass java/lang/invoke/LambdaForm$MH+0x0000024a1c22f000
instanceKlass  @bci org/eclipse/m2e/core/internal/MavenPluginActivator <init> ()V 16 <appendix> argL0 ; # org/eclipse/m2e/core/internal/MavenPluginActivator$$Lambda+0x0000024a1c22dd78
instanceKlass org/eclipse/m2e/core/internal/jobs/IBackgroundProcessingQueue
# instanceKlass java/lang/invoke/LambdaForm$MH+0x0000024a1c22d000
# instanceKlass java/lang/invoke/LambdaForm$MH+0x0000024a1c22cc00
# instanceKlass java/lang/invoke/LambdaForm$MH+0x0000024a1c22c800
# instanceKlass java/lang/invoke/LambdaForm$MH+0x0000024a1c22c400
# instanceKlass java/lang/invoke/LambdaForm$DMH+0x0000024a1c22c000
instanceKlass org/eclipse/core/resources/IResourceChangeEvent
instanceKlass java/util/concurrent/atomic/Striped64$1
instanceKlass jdk/internal/util/random/RandomSupport
instanceKlass  @bci org/apache/felix/scr/impl/manager/ComponentContextImpl createNewFieldHandlerMap ()Ljava/util/Map; 4 <appendix> argL0 ; # org/apache/felix/scr/impl/manager/ComponentContextImpl$$Lambda+0x0000024a1c229120
instanceKlass  @bci org/eclipse/core/internal/runtime/InternalPlatform getLog (Lorg/osgi/framework/Bundle;)Lorg/eclipse/core/runtime/ILog; 13 <appendix> member <vmtarget> ; # org/eclipse/core/internal/runtime/InternalPlatform$$Lambda+0x0000024a1c1a7d98
instanceKlass org/eclipse/core/internal/runtime/Log
instanceKlass org/eclipse/core/internal/preferences/BundleStateScope
instanceKlass org/apache/felix/scr/impl/inject/field/FieldHandler$Resolved
instanceKlass org/apache/felix/scr/impl/inject/field/FieldUtils$FieldSearchResult
instanceKlass org/apache/felix/scr/impl/inject/field/FieldUtils$1
instanceKlass org/apache/felix/scr/impl/inject/field/FieldUtils
instanceKlass org/apache/felix/scr/impl/inject/field/FieldHandler$1
instanceKlass org/apache/felix/scr/impl/inject/field/FieldHandler$ReferenceMethodImpl
instanceKlass org/apache/felix/scr/impl/inject/field/FieldHandler$NotResolved
instanceKlass org/apache/felix/scr/impl/inject/field/FieldHandler$State
instanceKlass org/apache/felix/scr/impl/inject/InitReferenceMethod
instanceKlass org/apache/felix/scr/impl/inject/field/FieldHandler
instanceKlass org/apache/felix/scr/impl/inject/field/FieldMethods
instanceKlass org/eclipse/core/internal/resources/CheckMissingNaturesListener
instanceKlass org/eclipse/core/internal/resources/Rules
instanceKlass org/eclipse/core/internal/resources/ResourceChangeListenerRegistrar
instanceKlass  @bci org/eclipse/core/internal/jobs/JobManager startJob (Lorg/eclipse/core/internal/jobs/Worker;)Lorg/eclipse/core/runtime/jobs/Job; 45 <appendix> member <vmtarget> ; # org/eclipse/core/internal/jobs/JobManager$$Lambda+0x0000024a1c223000
instanceKlass  @cpi org/eclipse/core/internal/jobs/JobManager 1541 form vmentry <vmtarget> ; # java/lang/invoke/LambdaForm$DMH+0x0000024a1c222400
instanceKlass  @bci org/eclipse/core/internal/resources/MarkerManager visitorFindMarkers (Lorg/eclipse/core/runtime/IPath;Ljava/util/ArrayList;Ljava/lang/String;Z)V 5 <adapter> ; # java/lang/invoke/LambdaForm$MH+0x0000024a1c222000
# instanceKlass java/lang/invoke/LambdaForm$DMH+0x0000024a1c221c00
instanceKlass  @bci org/eclipse/core/internal/resources/MarkerManager visitorFindMarkers (Lorg/eclipse/core/runtime/IPath;Ljava/util/ArrayList;Ljava/lang/String;Z)V 5 <appendix> form vmentry <vmtarget> ; # java/lang/invoke/LambdaForm$DMH+0x0000024a1c221800
instanceKlass  @bci org/eclipse/core/internal/jobs/JobManager endJob (Lorg/eclipse/core/internal/jobs/InternalJob;Lorg/eclipse/core/runtime/IStatus;ZZ)V 14 <appendix> member <vmtarget> ; # org/eclipse/core/internal/jobs/JobManager$$Lambda+0x0000024a1c21dca8
instanceKlass  @cpi org/eclipse/core/internal/jobs/JobManager 1497 form vmentry <vmtarget> ; # java/lang/invoke/LambdaForm$DMH+0x0000024a1c221400
instanceKlass  @bci org/eclipse/core/internal/resources/AliasManager buildAliasedProjectsSet ()V 30 <appendix> member <vmtarget> ; # org/eclipse/core/internal/resources/AliasManager$$Lambda+0x0000024a1c225770
instanceKlass org/eclipse/core/internal/filesystem/FileStoreUtil
instanceKlass  @bci org/eclipse/core/internal/resources/AliasManager$HashMapWithSortedKeys <init> ()V 9 <appendix> argL0 ; # org/eclipse/core/internal/resources/AliasManager$HashMapWithSortedKeys$$Lambda+0x0000024a1c2254d8
instanceKlass org/eclipse/core/internal/resources/AliasManager$HashMapWithSortedKeys
instanceKlass org/eclipse/core/internal/resources/AliasManager$LocationMap
instanceKlass org/eclipse/core/internal/resources/AliasManager
instanceKlass org/eclipse/core/resources/refresh/IRefreshMonitor
instanceKlass org/eclipse/core/internal/refresh/MonitorManager
instanceKlass org/eclipse/core/resources/IResourceDeltaVisitor
instanceKlass org/eclipse/core/resources/IPathVariableChangeListener
instanceKlass org/eclipse/core/internal/refresh/RefreshManager
instanceKlass org/eclipse/core/resources/refresh/IRefreshResult
instanceKlass  @bci org/eclipse/core/internal/resources/ContentDescriptionManager getCurrentPlatformState ()Ljava/lang/String; 39 <appendix> argL0 ; # org/eclipse/core/internal/resources/ContentDescriptionManager$$Lambda+0x0000024a1c21f5a8
instanceKlass  @bci org/eclipse/core/internal/properties/PropertyBucket$PropertyEntry <clinit> ()V 0 <appendix> argL0 ; # org/eclipse/core/internal/properties/PropertyBucket$PropertyEntry$$Lambda+0x0000024a1c21ef80
instanceKlass  @cpi org/eclipse/jdt/internal/launching/StandardVMType 1161 form vmentry <vmtarget> ; # java/lang/invoke/LambdaForm$DMH+0x0000024a1c221000
instanceKlass org/eclipse/core/internal/resources/ProjectContentTypes
instanceKlass org/eclipse/core/internal/utils/Cache
instanceKlass org/eclipse/core/internal/resources/ContentDescriptionManager
instanceKlass  @bci org/eclipse/core/internal/resources/CharsetManager initPreferenceChangeListener ()V 2 <appendix> member <vmtarget> ; # org/eclipse/core/internal/resources/CharsetManager$$Lambda+0x0000024a1c21e380
instanceKlass  @bci org/eclipse/jdt/ls/core/internal/managers/ProgressiveProjectReporter reportNewProjects ()V 146 <appendix> form vmentry <vmtarget> ; # java/lang/invoke/LambdaForm$MH+0x0000024a1c220c00
instanceKlass  @bci org/eclipse/jdt/ls/core/internal/managers/ProgressiveProjectReporter reportNewProjects ()V 146 <appendix> argL3 form vmentry <vmtarget> ; # java/lang/invoke/LambdaForm$MH+0x0000024a1c220800
# instanceKlass java/lang/invoke/LambdaForm$MH+0x0000024a1c220400
# instanceKlass java/lang/invoke/LambdaForm$MH+0x0000024a1c220000
# instanceKlass java/lang/invoke/LambdaForm$MH+0x0000024a1c21d400
instanceKlass  @bci org/eclipse/core/internal/jobs/JobManager now ()J 5 <appendix> member <vmtarget> ; # org/eclipse/core/internal/jobs/JobManager$$Lambda+0x0000024a1c21da60
instanceKlass java/util/function/LongUnaryOperator
instanceKlass org/eclipse/core/internal/jobs/JobChangeEvent
instanceKlass  @bci org/eclipse/core/internal/jobs/JobManager schedule (Lorg/eclipse/core/internal/jobs/InternalJob;J)V 5 <adapter> ; # java/lang/invoke/LambdaForm$MH+0x0000024a1c21d000
# instanceKlass java/lang/invoke/LambdaForm$DMH+0x0000024a1c21cc00
instanceKlass  @bci org/eclipse/core/internal/jobs/JobManager schedule (Lorg/eclipse/core/internal/jobs/InternalJob;J)V 5 <appendix> form vmentry <vmtarget> ; # java/lang/invoke/LambdaForm$DMH+0x0000024a1c21c800
instanceKlass  @bci org/eclipse/core/internal/jobs/JobManager schedule (Lorg/eclipse/core/internal/jobs/InternalJob;J)V 5 <appendix> member <vmtarget> ; # org/eclipse/core/internal/jobs/JobManager$$Lambda+0x0000024a1c18bc48
instanceKlass  @cpi org/eclipse/core/internal/jobs/JobManager 1514 form vmentry <vmtarget> ; # java/lang/invoke/LambdaForm$DMH+0x0000024a1c21c400
instanceKlass org/eclipse/core/internal/resources/CharsetDeltaJob$ICharsetListenerFilter
instanceKlass  @bci org/osgi/framework/FrameworkUtil lambda$4 (Ljava/lang/Class;)Lorg/osgi/framework/Bundle; 29 <appendix> argL0 ; # org/osgi/framework/FrameworkUtil$$Lambda+0x0000024a1c196f68
instanceKlass  @bci org/osgi/framework/FrameworkUtil lambda$4 (Ljava/lang/Class;)Lorg/osgi/framework/Bundle; 19 <appendix> argL0 ; # org/osgi/framework/FrameworkUtil$$Lambda+0x0000024a1c196d18
instanceKlass  @bci org/osgi/framework/FrameworkUtil lambda$4 (Ljava/lang/Class;)Lorg/osgi/framework/Bundle; 9 <appendix> member <vmtarget> ; # org/osgi/framework/FrameworkUtil$$Lambda+0x0000024a1c196ad0
instanceKlass org/eclipse/core/runtime/PerformanceStats
instanceKlass org/eclipse/core/internal/events/ResourceStats
instanceKlass org/eclipse/core/internal/events/ResourceChangeListenerList$ListenerEntry
instanceKlass org/eclipse/core/internal/resources/CharsetManager$ResourceChangeListener
instanceKlass org/eclipse/core/resources/IResourceChangeListener
instanceKlass org/eclipse/core/internal/resources/CharsetManager
instanceKlass org/eclipse/core/internal/localstore/Bucket$Entry
instanceKlass org/eclipse/core/internal/localstore/BucketTree
instanceKlass org/eclipse/core/internal/localstore/Bucket$Visitor
instanceKlass org/eclipse/core/internal/localstore/Bucket
instanceKlass org/eclipse/core/internal/properties/PropertyManager2
instanceKlass org/eclipse/core/internal/events/LifecycleEvent
instanceKlass  @bci com/sun/jna/Structure$FFIType storeTypeInfo (Ljava/lang/Class;ILcom/sun/jna/Structure$FFIType;)V 13 <appendix> argL0 ; # com/sun/jna/Structure$FFIType$$Lambda+0x0000024a1c219e18
instanceKlass  @bci jdk/internal/reflect/MethodHandleBooleanFieldAccessorImpl setBoolean (Ljava/lang/Object;Z)V 41 <adapter> ; # java/lang/invoke/LambdaForm$MH+0x0000024a1c21c000
instanceKlass java/lang/Short$ShortCache
instanceKlass com/sun/jna/NativeMappedConverter
instanceKlass com/sun/jna/Klass
instanceKlass com/sun/jna/Native$Buffers
instanceKlass com/sun/jna/VarArgsChecker
instanceKlass com/sun/jna/NativeLibrary$NativeLibraryDisposer
instanceKlass com/sun/jna/NativeLibrary$1
instanceKlass com/sun/jna/SymbolProvider
instanceKlass com/sun/jna/NativeLibrary
instanceKlass org/eclipse/core/internal/filesystem/local/Win32Handler$FileAPIh
instanceKlass com/sun/jna/Memory$MemoryDisposer
instanceKlass com/sun/jna/internal/Cleaner$Cleanable
instanceKlass com/sun/jna/internal/Cleaner
instanceKlass com/sun/jna/WeakMemoryHolder
instanceKlass org/eclipse/core/filesystem/provider/FileInfo
# instanceKlass java/lang/invoke/LambdaForm$MH+0x0000024a1c216c00
# instanceKlass java/lang/invoke/LambdaForm$MH+0x0000024a1c216800
# instanceKlass java/lang/invoke/LambdaForm$MH+0x0000024a1c216400
instanceKlass  @bci org/eclipse/jdt/internal/core/JrtPackageFragmentRoot$JrtModuleKey hashCode ()I 1 <appendix> argL1 argL1 form vmentry <vmtarget> ; # java/lang/invoke/LambdaForm$MH+0x0000024a1c216000
instanceKlass  @bci jdk/internal/reflect/MethodHandleBooleanFieldAccessorImpl getBoolean (Ljava/lang/Object;)Z 20 <adapter> ; # java/lang/invoke/LambdaForm$MH+0x0000024a1c215c00
# instanceKlass java/lang/invoke/LambdaForm$MH+0x0000024a1c215800
# instanceKlass java/lang/invoke/LambdaForm$BMH+0x0000024a1c215400
instanceKlass  @cpi java/io/ObjectInputStream 1214 form vmentry <vmtarget> ; # java/lang/invoke/LambdaForm$DMH+0x0000024a1c215000
instanceKlass com/sun/jna/Structure$StructField
instanceKlass com/sun/jna/Structure$LayoutInfo
instanceKlass java/lang/Class$AnnotationData
instanceKlass java/lang/annotation/Documented
instanceKlass com/sun/jna/Structure$FieldOrder
instanceKlass  @bci com/sun/jna/Structure fieldOrder ()Ljava/util/List; 84 <appendix> member <vmtarget> ; # com/sun/jna/Structure$$Lambda+0x0000024a1c210690
instanceKlass  @bci com/sun/jna/Structure getFieldList ()Ljava/util/List; 84 <appendix> member <vmtarget> ; # com/sun/jna/Structure$$Lambda+0x0000024a1c210448
instanceKlass  @bci com/sun/jna/Structure validateFields ()V 75 <appendix> member <vmtarget> ; # com/sun/jna/Structure$$Lambda+0x0000024a1c210200
instanceKlass com/sun/jna/platform/win32/WinBase
instanceKlass com/sun/jna/platform/win32/BaseTSD
instanceKlass com/sun/jna/platform/win32/WinDef
instanceKlass com/sun/jna/Library
instanceKlass com/sun/jna/win32/W32APITypeMapper$2
instanceKlass com/sun/jna/DefaultTypeMapper$Entry
instanceKlass com/sun/jna/win32/W32APITypeMapper$1
instanceKlass com/sun/jna/TypeConverter
instanceKlass com/sun/jna/DefaultTypeMapper
instanceKlass com/sun/jna/TypeMapper
instanceKlass com/sun/jna/Structure$ByReference
instanceKlass com/sun/jna/Native$2
instanceKlass com/sun/jna/Structure$FFIType$FFITypes
instanceKlass com/sun/jna/Native$ffi_callback
instanceKlass com/sun/jna/JNIEnv
instanceKlass com/sun/jna/PointerType
instanceKlass com/sun/jna/NativeMapped
instanceKlass com/sun/jna/WString
instanceKlass com/sun/jna/win32/DLLCallback
instanceKlass com/sun/jna/CallbackProxy
instanceKlass com/sun/jna/Callback
instanceKlass com/sun/jna/Structure$ByValue
instanceKlass jdk/internal/loader/NativeLibraries$Unloader
instanceKlass java/io/FileOutputStream$1
instanceKlass sun/security/provider/AbstractDrbg$NonceProvider
instanceKlass  @bci sun/security/provider/AbstractDrbg$SeederHolder <clinit> ()V 42 <appendix> member <vmtarget> ; # sun/security/provider/AbstractDrbg$SeederHolder$$Lambda+0x0000024a1c1ca718
instanceKlass  @cpi sun/security/provider/AbstractDrbg$SeederHolder 91 form vmentry <vmtarget> ; # java/lang/invoke/LambdaForm$DMH+0x0000024a1c20c800
# instanceKlass java/lang/invoke/LambdaForm$DMH+0x0000024a1c20c400
instanceKlass sun/nio/fs/BasicFileAttributesHolder
instanceKlass sun/nio/fs/WindowsDirectoryStream$WindowsDirectoryIterator
instanceKlass sun/nio/fs/WindowsDirectoryStream
instanceKlass java/nio/file/DirectoryStream
instanceKlass java/nio/file/Files$AcceptAllFilter
instanceKlass java/nio/file/DirectoryStream$Filter
instanceKlass java/net/NetworkInterface$1
instanceKlass java/net/DefaultInterface
instanceKlass java/net/Inet6Address$Inet6AddressHolder
instanceKlass java/net/InetAddress$PlatformResolver
instanceKlass java/net/spi/InetAddressResolver
instanceKlass java/net/spi/InetAddressResolver$LookupPolicy
instanceKlass java/net/Inet4AddressImpl
instanceKlass java/net/Inet6AddressImpl
instanceKlass java/net/InetAddressImpl
instanceKlass java/util/concurrent/ConcurrentSkipListMap$Node
instanceKlass java/util/concurrent/ConcurrentSkipListMap$Index
instanceKlass java/util/concurrent/ConcurrentNavigableMap
instanceKlass java/net/InetAddress$InetAddressHolder
instanceKlass java/net/InetAddress$1
instanceKlass jdk/internal/access/JavaNetInetAddressAccess
instanceKlass java/net/InterfaceAddress
instanceKlass java/net/NetworkInterface
instanceKlass sun/security/provider/SeedGenerator$1
instanceKlass sun/security/provider/SeedGenerator
instanceKlass sun/security/provider/AbstractDrbg$SeederHolder
instanceKlass java/security/DrbgParameters$NextBytes
instanceKlass  @bci sun/security/provider/AbstractDrbg <clinit> ()V 12 <appendix> argL0 ; # sun/security/provider/AbstractDrbg$$Lambda+0x0000024a1c1c7d70
instanceKlass  @cpi sun/security/provider/AbstractDrbg 383 form vmentry <vmtarget> ; # java/lang/invoke/LambdaForm$DMH+0x0000024a1c20c000
# instanceKlass java/lang/invoke/LambdaForm$DMH+0x0000024a1c202400
instanceKlass sun/security/provider/EntropySource
instanceKlass sun/security/provider/AbstractDrbg
instanceKlass java/security/DrbgParameters$Instantiation
instanceKlass java/security/DrbgParameters
instanceKlass sun/security/provider/MoreDrbgParameters
instanceKlass  @bci sun/security/provider/DRBG <init> (Ljava/security/SecureRandomParameters;)V 26 <appendix> argL0 ; # sun/security/provider/DRBG$$Lambda+0x0000024a1c1c6810
instanceKlass java/security/SecureRandomSpi
instanceKlass java/io/File$TempDirectory
instanceKlass com/sun/jna/Native$5
instanceKlass com/sun/jna/Platform
instanceKlass com/sun/jna/Native$1
instanceKlass com/sun/jna/Callback$UncaughtExceptionHandler
instanceKlass com/sun/jna/Native
instanceKlass com/sun/jna/Version
instanceKlass com/sun/jna/FromNativeContext
instanceKlass com/sun/jna/FromNativeConverter
instanceKlass com/sun/jna/ToNativeConverter
instanceKlass com/sun/jna/ToNativeContext
instanceKlass com/sun/jna/Structure
instanceKlass com/sun/jna/Pointer
instanceKlass org/eclipse/core/internal/filesystem/local/NativeHandler
instanceKlass org/eclipse/core/internal/filesystem/local/LocalFileNativesManager
instanceKlass org/eclipse/core/resources/FileInfoMatcherDescription
instanceKlass org/eclipse/core/internal/resources/FilterDescription
instanceKlass javax/xml/parsers/DocumentBuilder
instanceKlass jdk/xml/internal/XMLSecurityManager
instanceKlass javax/xml/parsers/DocumentBuilderFactory
instanceKlass org/eclipse/core/internal/runtime/XmlProcessorFactory
instanceKlass org/eclipse/core/internal/resources/IModelObjectConstants
instanceKlass org/eclipse/core/filesystem/URIUtil
instanceKlass java/util/AbstractMap$2$1
instanceKlass  @bci org/eclipse/core/internal/resources/ProjectVariableProviderManager <clinit> ()V 14 <appendix> argL0 ; # org/eclipse/core/internal/resources/ProjectVariableProviderManager$$Lambda+0x0000024a1c2041f8
instanceKlass  @cpi org/eclipse/core/internal/resources/ProjectVariableProviderManager 171 form vmentry <vmtarget> ; # java/lang/invoke/LambdaForm$DMH+0x0000024a1c202000
instanceKlass org/eclipse/core/resources/variableresolvers/PathVariableResolver
instanceKlass org/eclipse/core/internal/resources/ProjectVariableProviderManager$Descriptor
instanceKlass org/eclipse/core/internal/resources/ProjectVariableProviderManager
instanceKlass org/eclipse/core/internal/resources/ProjectPathVariableManager
instanceKlass  @bci org/eclipse/core/internal/filesystem/local/LocalFile createExecutor (I)Ljava/util/concurrent/ForkJoinPool; 15 <appendix> argL0 ; # org/eclipse/core/internal/filesystem/local/LocalFile$$Lambda+0x0000024a1c201bd0
instanceKlass  @bci org/eclipse/core/internal/filesystem/local/LocalFile createExecutor (I)Ljava/util/concurrent/ForkJoinPool; 5 <appendix> argL0 ; # org/eclipse/core/internal/filesystem/local/LocalFile$$Lambda+0x0000024a1c2019b0
instanceKlass org/eclipse/jdt/ls/core/internal/filesystem/JLSFsUtils
instanceKlass sun/nio/fs/WindowsUriSupport
instanceKlass org/eclipse/core/filesystem/IFileStore
instanceKlass org/eclipse/jdt/ls/core/internal/filesystem/JDTLSFilesystemActivator$1
instanceKlass org/eclipse/jdt/ls/core/internal/filesystem/JDTLSFilesystemActivator
instanceKlass org/eclipse/core/filesystem/IFileSystem
instanceKlass org/eclipse/core/internal/filesystem/InternalFileSystemCore
instanceKlass org/eclipse/core/filesystem/EFS
instanceKlass org/eclipse/core/internal/localstore/FileStoreRoot
instanceKlass org/eclipse/core/filesystem/IFileInfo
instanceKlass org/eclipse/core/internal/resources/MarkerAttributeMap
instanceKlass org/eclipse/core/internal/resources/MarkerSet
instanceKlass org/eclipse/core/internal/resources/MarkerReader
instanceKlass org/eclipse/core/internal/watson/ElementTree$ChildIDsCache
instanceKlass  @bci org/eclipse/core/internal/resources/SaveManager initSnap (Lorg/eclipse/core/runtime/IProgressMonitor;)V 67 <appendix> argL0 ; # org/eclipse/core/internal/resources/SaveManager$$Lambda+0x0000024a1c1bc7d0
instanceKlass java/io/FilenameFilter
instanceKlass  @bci org/eclipse/lsp4j/jsonrpc/services/GenericEndpoint recursiveFindRpcMethods (Ljava/lang/Object;Ljava/util/Set;Ljava/util/Set;)V 24 <appendix> form vmentry <vmtarget> ; # java/lang/invoke/LambdaForm$DMH+0x0000024a1c1bac00
instanceKlass  @bci org/eclipse/core/internal/jobs/JobManager cancel (Lorg/eclipse/core/internal/jobs/InternalJob;)Z 15 <appendix> member <vmtarget> ; # org/eclipse/core/internal/jobs/JobManager$$Lambda+0x0000024a1c18ba00
instanceKlass org/eclipse/core/internal/utils/ObjectMap
instanceKlass org/eclipse/core/internal/dtree/DataTreeLookup
instanceKlass org/eclipse/core/internal/dtree/DataTreeReader
instanceKlass org/eclipse/core/internal/watson/ElementTreeReader$1
instanceKlass org/eclipse/core/internal/dtree/IDataFlattener
instanceKlass org/eclipse/core/internal/watson/ElementTreeReader
instanceKlass org/eclipse/core/resources/IFileState
instanceKlass org/eclipse/core/internal/events/BuilderPersistentInfo
instanceKlass  @bci org/eclipse/core/internal/resources/LocalMetaArea getSafeTableLocationFor (Ljava/lang/String;)Lorg/eclipse/core/runtime/IPath; 44 <appendix> form vmentry <vmtarget> ; # java/lang/invoke/LambdaForm$MH+0x0000024a1c1ba800
# instanceKlass java/lang/invoke/LambdaForm$MH+0x0000024a1c1ba400
instanceKlass  @bci org/eclipse/core/internal/resources/LocalMetaArea getSafeTableLocationFor (Ljava/lang/String;)Lorg/eclipse/core/runtime/IPath; 44 <appendix> argL3 form vmentry <vmtarget> ; # java/lang/invoke/LambdaForm$MH+0x0000024a1c1ba000
# instanceKlass java/lang/invoke/LambdaForm$MH+0x0000024a1c1b9c00
# instanceKlass java/lang/invoke/LambdaForm$MH+0x0000024a1c1b9800
# instanceKlass java/lang/invoke/LambdaForm$MH+0x0000024a1c1b9400
# instanceKlass java/lang/invoke/LambdaForm$MH+0x0000024a1c1b9000
instanceKlass  @bci org/eclipse/core/internal/resources/LocalMetaArea getSafeTableLocationFor (Ljava/lang/String;)Lorg/eclipse/core/runtime/IPath; 44 <appendix> argL1 form vmentry <vmtarget> ; # java/lang/invoke/LambdaForm$MH+0x0000024a1c1b8c00
# instanceKlass java/lang/invoke/LambdaForm$MH+0x0000024a1c1b8800
# instanceKlass java/lang/invoke/LambdaForm$MH+0x0000024a1c1b8400
# instanceKlass java/lang/invoke/LambdaForm$MH+0x0000024a1c1b8000
instanceKlass org/eclipse/core/internal/resources/SafeFileTable
instanceKlass org/eclipse/core/internal/resources/SavedState
instanceKlass org/eclipse/core/internal/resources/SyncInfoReader
instanceKlass org/eclipse/core/internal/resources/WorkspaceTreeReader
instanceKlass org/eclipse/core/resources/ISaveContext
instanceKlass org/eclipse/core/resources/ISavedState
instanceKlass org/eclipse/core/internal/resources/SaveManager
instanceKlass org/eclipse/core/internal/watson/IElementInfoFlattener
instanceKlass org/eclipse/core/internal/resources/SyncInfoWriter
instanceKlass org/eclipse/core/internal/resources/Synchronizer
instanceKlass org/eclipse/core/internal/resources/MarkerWriter
instanceKlass org/eclipse/core/internal/resources/MarkerDeltaManager
instanceKlass org/eclipse/core/internal/resources/MarkerTypeDefinitionCache$MarkerTypeDefinition
instanceKlass org/eclipse/core/internal/resources/MarkerTypeDefinitionCache
instanceKlass org/eclipse/core/internal/resources/MarkerInfo
instanceKlass org/eclipse/core/internal/resources/IMarkerSetElement
instanceKlass org/eclipse/core/internal/resources/MarkerManager
instanceKlass  @bci org/eclipse/core/internal/events/NotificationManager$NotifyJob <init> (Lorg/eclipse/core/internal/events/NotificationManager;)V 13 <appendix> argL0 ; # org/eclipse/core/internal/events/NotificationManager$NotifyJob$$Lambda+0x0000024a1c1b1688
instanceKlass org/eclipse/core/internal/events/ResourceChangeListenerList
instanceKlass org/eclipse/core/internal/events/NotificationManager
instanceKlass java/util/stream/SortedOps
instanceKlass  @bci org/eclipse/core/internal/runtime/InternalPlatform getBundles0 (Ljava/lang/String;Ljava/lang/String;)Ljava/util/stream/Stream; 90 <appendix> argL0 ; # org/eclipse/core/internal/runtime/InternalPlatform$$Lambda+0x0000024a1c1a73c0
instanceKlass  @bci org/eclipse/core/internal/runtime/InternalPlatform getBundles0 (Ljava/lang/String;Ljava/lang/String;)Ljava/util/stream/Stream; 80 <appendix> argL0 ; # org/eclipse/core/internal/runtime/InternalPlatform$$Lambda+0x0000024a1c1a7180
instanceKlass org/eclipse/core/internal/events/BuildManager$DeltaCache
instanceKlass org/eclipse/core/resources/ICommand
instanceKlass org/eclipse/core/internal/events/InternalBuilder
instanceKlass org/eclipse/core/resources/IResourceDelta
instanceKlass org/eclipse/core/resources/IBuildContext
instanceKlass org/eclipse/core/internal/events/BuildManager
instanceKlass org/eclipse/core/internal/resources/FilterTypeManager$1
instanceKlass org/eclipse/core/internal/resources/FilterDescriptor
instanceKlass org/eclipse/core/resources/IFilterMatcherDescriptor
instanceKlass org/eclipse/core/internal/resources/FilterTypeManager
instanceKlass org/eclipse/core/resources/IProjectNatureDescriptor
instanceKlass org/eclipse/core/internal/resources/NatureManager
instanceKlass org/eclipse/core/internal/events/ILifecycleListener
instanceKlass org/eclipse/core/internal/resources/PathVariableManager
instanceKlass  @bci org/eclipse/core/internal/resources/WorkspaceRoot getProject (Ljava/lang/String;)Lorg/eclipse/core/resources/IProject; 95 <appendix> member <vmtarget> ; # org/eclipse/core/internal/resources/WorkspaceRoot$$Lambda+0x0000024a1c1aea88
instanceKlass java/text/AttributedCharacterIterator$Attribute
instanceKlass java/text/FieldPosition$Delegate
instanceKlass java/text/Format$FieldDelegate
instanceKlass java/text/DigitList
instanceKlass  @bci sun/util/locale/provider/JRELocaleProviderAdapter getNumberFormatProvider ()Ljava/text/spi/NumberFormatProvider; 8 <appendix> member <vmtarget> ; # sun/util/locale/provider/JRELocaleProviderAdapter$$Lambda+0x800000067
instanceKlass java/text/FieldPosition
instanceKlass java/text/Format
instanceKlass org/eclipse/core/internal/preferences/PreferencesService$1
instanceKlass  @bci org/eclipse/core/internal/preferences/PreferencesService getLookupOrder (Ljava/lang/String;Ljava/lang/String;)[Ljava/lang/String; 29 <appendix> argL0 ; # org/eclipse/core/internal/preferences/PreferencesService$$Lambda+0x0000024a1c19d430
instanceKlass  @bci org/eclipse/core/internal/localstore/FileSystemResourceManager <init> (Lorg/eclipse/core/internal/resources/Workspace;)V 6 <appendix> member <vmtarget> ; # org/eclipse/core/internal/localstore/FileSystemResourceManager$$Lambda+0x0000024a1c1ad698
instanceKlass org/eclipse/core/internal/localstore/RefreshLocalVisitor
instanceKlass org/eclipse/core/internal/localstore/ILocalStoreConstants
instanceKlass org/eclipse/core/internal/localstore/IHistoryStore
instanceKlass org/eclipse/core/internal/localstore/IUnifiedTreeVisitor
instanceKlass org/eclipse/core/internal/localstore/FileSystemResourceManager
instanceKlass org/eclipse/core/runtime/jobs/MultiRule
instanceKlass org/eclipse/core/internal/jobs/OrderedLock
instanceKlass java/lang/invoke/DirectMethodHandle$1
instanceKlass org/eclipse/core/internal/runtime/LocalizationUtils
instanceKlass org/eclipse/core/runtime/Status
instanceKlass org/eclipse/core/internal/resources/WorkManager$NotifyRule
instanceKlass org/eclipse/core/internal/resources/WorkManager
instanceKlass org/eclipse/core/runtime/NullProgressMonitor
instanceKlass org/eclipse/core/runtime/preferences/IExportedPreferences
instanceKlass  @bci org/eclipse/core/internal/resources/WorkspacePreferences <init> ()V 189 <appendix> member <vmtarget> ; # org/eclipse/core/internal/resources/WorkspacePreferences$$Lambda+0x0000024a1c19b880
instanceKlass org/eclipse/core/runtime/Preferences$IPropertyChangeListener
instanceKlass org/eclipse/core/runtime/preferences/IEclipsePreferences$INodeChangeListener
instanceKlass org/eclipse/core/runtime/preferences/IEclipsePreferences$IPreferenceChangeListener
instanceKlass  @bci org/eclipse/core/runtime/Plugin getPluginPreferences ()Lorg/eclipse/core/runtime/Preferences; 65 <appendix> member <vmtarget> ; # org/eclipse/core/runtime/Plugin$$Lambda+0x0000024a1c1a67a8
instanceKlass org/eclipse/core/runtime/Preferences
# instanceKlass java/lang/invoke/LambdaForm$MH+0x0000024a1c1a8000
instanceKlass lombok/eclipse/agent/PatchFixesShadowLoaded
instanceKlass lombok/core/LombokNode
instanceKlass lombok/core/DiagnosticsReceiver
instanceKlass lombok/launch/PatchFixesHider$Util
instanceKlass lombok/launch/PatchFixesHider$LombokDeps
instanceKlass lombok/launch/ClassFileMetaData
instanceKlass  @bci jdk/internal/reflect/MethodHandleObjectFieldAccessorImpl set (Ljava/lang/Object;Ljava/lang/Object;)V 41 <adapter> ; # java/lang/invoke/LambdaForm$MH+0x0000024a1c1a4c00
instanceKlass lombok/launch/PackageShader
# instanceKlass java/lang/invoke/LambdaForm$MH+0x0000024a1c1a4800
# instanceKlass java/lang/invoke/LambdaForm$MH+0x0000024a1c1a4400
# instanceKlass java/lang/invoke/LambdaForm$MH+0x0000024a1c1a4000
# instanceKlass java/lang/invoke/LambdaForm$MH+0x0000024a1c1a3c00
# instanceKlass java/lang/invoke/LambdaForm$DMH+0x0000024a1c1a3800
# instanceKlass java/lang/invoke/LambdaForm$MH+0x0000024a1c1a1c00
# instanceKlass java/lang/invoke/LambdaForm$MH+0x0000024a1c1a1800
# instanceKlass java/lang/invoke/LambdaForm$MH+0x0000024a1c1a1400
# instanceKlass java/lang/invoke/LambdaForm$DMH+0x0000024a1c1a1000
# instanceKlass java/lang/invoke/LambdaForm$MH+0x0000024a1c1a0800
# instanceKlass java/lang/invoke/LambdaForm$MH+0x0000024a1c1a0400
# instanceKlass java/lang/invoke/LambdaForm$MH+0x0000024a1c1a0000
# instanceKlass java/lang/invoke/LambdaForm$MH+0x0000024a1c19fc00
# instanceKlass java/lang/invoke/LambdaForm$MH+0x0000024a1c19f800
# instanceKlass java/lang/invoke/LambdaForm$MH+0x0000024a1c19f400
instanceKlass jdk/internal/vm/annotation/ForceInline
instanceKlass java/lang/constant/ClassDesc
instanceKlass java/io/ObjectOutput
instanceKlass java/io/ObjectStreamConstants
instanceKlass java/io/ObjectInput
instanceKlass java/lang/foreign/ValueLayout
instanceKlass java/lang/foreign/MemoryLayout
# instanceKlass java/lang/invoke/LambdaForm$MH+0x0000024a1c19f000
# instanceKlass java/lang/invoke/LambdaForm$MH+0x0000024a1c19ec00
# instanceKlass java/lang/invoke/LambdaForm$MH+0x0000024a1c19e800
# instanceKlass java/lang/invoke/LambdaForm$MH+0x0000024a1c19e400
# instanceKlass java/lang/invoke/LambdaForm$MH+0x0000024a1c19e000
instanceKlass org/eclipse/core/internal/runtime/Product
instanceKlass org/eclipse/core/runtime/IProduct
instanceKlass lombok/patcher/scripts/WrapReturnValuesScript$1
instanceKlass org/eclipse/equinox/internal/app/ProductExtensionBranding
instanceKlass org/eclipse/core/internal/runtime/FindSupport
instanceKlass org/eclipse/core/runtime/FileLocator
instanceKlass  @bci org/eclipse/osgi/internal/framework/legacy/PackageAdminImpl getBundles (Ljava/lang/String;Ljava/lang/String;)[Lorg/osgi/framework/Bundle; 281 <appendix> argL0 ; # org/eclipse/osgi/internal/framework/legacy/PackageAdminImpl$$Lambda+0x0000024a1c196890
instanceKlass org/eclipse/core/runtime/SafeRunner
instanceKlass  @bci org/eclipse/core/internal/preferences/PreferenceServiceRegistryHelper runInitializer (Lorg/eclipse/core/runtime/IConfigurationElement;)V 18 <appendix> member <vmtarget> ; # org/eclipse/core/internal/preferences/PreferenceServiceRegistryHelper$$Lambda+0x0000024a1c19c458
instanceKlass org/eclipse/core/runtime/IExecutableExtensionFactory
instanceKlass org/eclipse/core/runtime/IExecutableExtension
instanceKlass org/eclipse/core/runtime/preferences/AbstractPreferenceInitializer
instanceKlass org/eclipse/core/internal/dtree/AbstractDataTree
instanceKlass org/eclipse/core/internal/dtree/AbstractDataTreeNode
instanceKlass org/eclipse/core/internal/watson/ElementTree
instanceKlass org/eclipse/core/internal/runtime/DataArea
instanceKlass org/eclipse/core/internal/runtime/MetaDataKeeper
instanceKlass org/eclipse/core/internal/resources/LocalMetaArea
instanceKlass org/eclipse/core/internal/resources/LocationValidator
instanceKlass org/eclipse/core/runtime/Platform$OS
instanceKlass org/eclipse/core/internal/utils/FileUtil
instanceKlass org/eclipse/core/internal/watson/IElementContentVisitor
instanceKlass org/eclipse/core/resources/IResourceFilterDescription
instanceKlass org/eclipse/core/resources/IResourceProxy
instanceKlass org/eclipse/core/resources/team/IResourceTree
instanceKlass org/eclipse/core/resources/IMarker
instanceKlass  @bci jdk/internal/reflect/MethodHandleObjectFieldAccessorImpl set (Ljava/lang/Object;Ljava/lang/Object;)V 29 <adapter> ; # java/lang/invoke/LambdaForm$MH+0x0000024a1c195800
# instanceKlass java/lang/invoke/LambdaForm$MH+0x0000024a1c195400
# instanceKlass java/lang/invoke/LambdaForm$MH+0x0000024a1c195000
instanceKlass  @bci org/eclipse/osgi/util/NLS <clinit> ()V 7 <appendix> argL0 ; # org/eclipse/osgi/util/NLS$$Lambda+0x0000024a1c196208
instanceKlass org/eclipse/osgi/util/NLS
instanceKlass org/eclipse/core/runtime/Platform
instanceKlass org/eclipse/core/resources/team/FileModificationValidationContext
instanceKlass org/eclipse/core/resources/team/IMoveDeleteHook
instanceKlass org/eclipse/core/resources/IProject
instanceKlass org/eclipse/core/internal/resources/ModelObject
instanceKlass org/eclipse/core/resources/IPathVariableManager
instanceKlass org/eclipse/core/resources/IProjectDescription
instanceKlass org/eclipse/core/resources/IWorkspaceDescription
instanceKlass org/eclipse/core/internal/properties/IPropertyManager
instanceKlass org/eclipse/core/internal/resources/IManager
instanceKlass org/eclipse/core/internal/resources/InternalTeamHook
instanceKlass org/eclipse/core/internal/watson/IElementComparator
instanceKlass org/eclipse/core/internal/dtree/IComparator
instanceKlass org/eclipse/core/resources/IBuildConfiguration
instanceKlass org/eclipse/core/resources/IResourceRuleFactory
instanceKlass org/eclipse/core/resources/ISynchronizer
instanceKlass org/eclipse/core/resources/IFile
instanceKlass org/eclipse/core/resources/IEncodedStorage
instanceKlass org/eclipse/core/resources/IStorage
instanceKlass org/eclipse/core/resources/IFolder
instanceKlass org/eclipse/core/internal/watson/IPathRequestor
instanceKlass org/eclipse/core/internal/resources/ResourceInfo
instanceKlass org/eclipse/core/internal/utils/IStringPoolParticipant
instanceKlass org/eclipse/core/runtime/ICoreRunnable
instanceKlass org/eclipse/core/internal/watson/IElementTreeData
instanceKlass org/eclipse/core/internal/jobs/WorkerPool
instanceKlass org/eclipse/core/internal/jobs/JobQueue
instanceKlass org/eclipse/core/internal/jobs/DeadlockDetector
instanceKlass org/eclipse/core/internal/jobs/LockManager
instanceKlass org/eclipse/core/runtime/jobs/JobChangeAdapter
instanceKlass  @bci org/eclipse/core/internal/jobs/JobManager <init> ()V 52 <appendix> member <vmtarget> ; # org/eclipse/core/internal/jobs/JobManager$$Lambda+0x0000024a1c189318
instanceKlass  @bci org/eclipse/core/internal/jobs/JobListeners <init> ()V 50 <appendix> argL0 ; # org/eclipse/core/internal/jobs/JobListeners$$Lambda+0x0000024a1c1890f8
instanceKlass  @bci org/eclipse/core/internal/jobs/JobListeners <init> ()V 41 <appendix> argL0 ; # org/eclipse/core/internal/jobs/JobListeners$$Lambda+0x0000024a1c188ed8
instanceKlass  @bci org/eclipse/core/internal/jobs/JobListeners <init> ()V 32 <appendix> argL0 ; # org/eclipse/core/internal/jobs/JobListeners$$Lambda+0x0000024a1c188cb8
instanceKlass  @bci org/eclipse/core/internal/jobs/JobListeners <init> ()V 23 <appendix> argL0 ; # org/eclipse/core/internal/jobs/JobListeners$$Lambda+0x0000024a1c188a98
instanceKlass  @bci org/eclipse/core/internal/jobs/JobListeners <init> ()V 14 <appendix> argL0 ; # org/eclipse/core/internal/jobs/JobListeners$$Lambda+0x0000024a1c188878
instanceKlass  @bci org/eclipse/core/internal/jobs/JobListeners <init> ()V 5 <appendix> argL0 ; # org/eclipse/core/internal/jobs/JobListeners$$Lambda+0x0000024a1c188658
instanceKlass org/eclipse/core/internal/jobs/JobListeners$IListenerDoit
instanceKlass org/eclipse/core/runtime/jobs/IJobChangeEvent
instanceKlass org/eclipse/core/internal/jobs/JobListeners
instanceKlass org/eclipse/core/internal/jobs/ImplicitJobs
instanceKlass org/eclipse/core/internal/jobs/JobManager$1
instanceKlass org/eclipse/core/runtime/ProgressMonitorWrapper
instanceKlass org/eclipse/core/runtime/IProgressMonitorWithBlocking
instanceKlass org/eclipse/core/internal/jobs/InternalJobGroup
instanceKlass org/eclipse/core/runtime/jobs/ILock
instanceKlass org/eclipse/core/runtime/jobs/IJobChangeListener
instanceKlass org/eclipse/core/internal/jobs/JobManager
instanceKlass org/eclipse/core/runtime/jobs/IJobManager
instanceKlass org/eclipse/core/internal/jobs/JobOSGiUtils
instanceKlass org/eclipse/core/internal/jobs/JobActivator
instanceKlass org/eclipse/core/resources/IWorkspaceRoot
instanceKlass org/eclipse/core/resources/IContainer
instanceKlass org/eclipse/core/resources/IResource
instanceKlass org/eclipse/core/runtime/jobs/ISchedulingRule
instanceKlass org/eclipse/core/runtime/PlatformObject
instanceKlass org/eclipse/core/internal/resources/ICoreConstants
instanceKlass  @bci java/time/format/DateTimeFormatter <clinit> ()V 1075 <appendix> argL0 ; # java/time/format/DateTimeFormatter$$Lambda+0x80000000e
instanceKlass  @bci java/time/format/DateTimeFormatter <clinit> ()V 1067 <appendix> argL0 ; # java/time/format/DateTimeFormatter$$Lambda+0x80000000d
instanceKlass java/time/Period
instanceKlass java/time/chrono/ChronoPeriod
instanceKlass java/time/format/DateTimeFormatterBuilder$TextPrinterParser
instanceKlass java/time/format/DateTimeTextProvider$1
instanceKlass java/time/format/DateTimeTextProvider
instanceKlass java/time/format/DateTimeTextProvider$LocaleStore
instanceKlass java/time/format/DateTimeFormatterBuilder$InstantPrinterParser
instanceKlass java/time/format/DateTimeFormatterBuilder$StringLiteralPrinterParser
instanceKlass java/time/format/DateTimeFormatterBuilder$ZoneIdPrinterParser
instanceKlass java/time/format/DateTimeFormatterBuilder$OffsetIdPrinterParser
instanceKlass java/time/format/DecimalStyle
instanceKlass java/time/format/DateTimeFormatterBuilder$CompositePrinterParser
instanceKlass java/time/format/DateTimeFormatterBuilder$CharLiteralPrinterParser
instanceKlass java/time/format/DateTimeFormatterBuilder$NumberPrinterParser
instanceKlass java/time/format/DateTimeFormatterBuilder$DateTimePrinterParser
instanceKlass java/time/temporal/JulianFields
instanceKlass java/time/temporal/IsoFields
instanceKlass  @bci java/time/format/DateTimeFormatterBuilder <clinit> ()V 0 <appendix> argL0 ; # java/time/format/DateTimeFormatterBuilder$$Lambda+0x80000000f
instanceKlass java/time/temporal/TemporalQuery
instanceKlass java/time/format/DateTimeFormatterBuilder
instanceKlass java/time/format/DateTimeFormatter
instanceKlass org/eclipse/osgi/internal/debug/EclipseDebugTrace
instanceKlass org/eclipse/core/internal/utils/Policy$1
instanceKlass org/eclipse/core/runtime/IProgressMonitor
instanceKlass org/eclipse/core/internal/utils/Policy
instanceKlass org/eclipse/core/resources/ResourcesPlugin$WorkspaceInitCustomizer
instanceKlass org/eclipse/core/resources/IWorkspace
instanceKlass org/eclipse/core/runtime/IAdaptable
instanceKlass org/eclipse/jdt/ls/core/internal/managers/ProjectsManager
instanceKlass org/eclipse/jdt/ls/core/internal/managers/IProjectsManager
instanceKlass org/eclipse/core/resources/ISaveParticipant
instanceKlass org/eclipse/core/internal/runtime/LogServiceFactory
instanceKlass org/eclipse/equinox/internal/app/AppCommands
instanceKlass  @bci org/eclipse/jdt/ls/core/internal/handlers/BundleUtils startBundle (Ljava/lang/String;)V 60 <adapter> ; # java/lang/invoke/LambdaForm$MH+0x0000024a1c181400
instanceKlass  @bci org/eclipse/jdt/ls/core/internal/handlers/BundleUtils startBundle (Ljava/lang/String;)V 60 <appendix> form vmentry <vmtarget> ; # java/lang/invoke/LambdaForm$MH+0x0000024a1c181000
# instanceKlass java/lang/invoke/LambdaForm$MH+0x0000024a1c180c00
instanceKlass  @bci org/eclipse/jdt/ls/core/internal/handlers/BundleUtils startBundle (Ljava/lang/String;)V 60 <appendix> form names 6 function resolvedHandle form vmentry <vmtarget> ; # java/lang/invoke/LambdaForm$DMH+0x0000024a1c180800
instanceKlass  @bci org/eclipse/jdt/ls/core/internal/handlers/BundleUtils startBundle (Ljava/lang/String;)V 60 <appendix> argL3 form vmentry <vmtarget> ; # java/lang/invoke/LambdaForm$MH+0x0000024a1c180400
# instanceKlass java/lang/invoke/LambdaForm$MH+0x0000024a1c180000
# instanceKlass java/lang/invoke/LambdaForm$MH+0x0000024a1c17fc00
# instanceKlass java/lang/invoke/LambdaForm$MH+0x0000024a1c17f800
# instanceKlass java/lang/invoke/LambdaForm$MH+0x0000024a1c17f400
instanceKlass  @bci org/eclipse/jdt/ls/core/internal/handlers/BundleUtils startBundle (Ljava/lang/String;)V 60 <appendix> form names 10 function resolvedHandle form vmentry <vmtarget> ; # java/lang/invoke/LambdaForm$DMH+0x0000024a1c17f000
instanceKlass  @bci org/eclipse/jdt/ls/core/internal/handlers/BundleUtils startBundle (Ljava/lang/String;)V 60 <appendix> argL1 form vmentry <vmtarget> ; # java/lang/invoke/LambdaForm$MH+0x0000024a1c17ec00
# instanceKlass java/lang/invoke/LambdaForm$MH+0x0000024a1c17e800
# instanceKlass java/lang/invoke/LambdaForm$MH+0x0000024a1c17e400
# instanceKlass java/lang/invoke/LambdaForm$MH+0x0000024a1c17e000
instanceKlass org/eclipse/equinox/internal/app/EclipseAppContainer$RegisterService
instanceKlass org/eclipse/core/runtime/spi/RegistryContributor
instanceKlass org/eclipse/equinox/app/IApplicationContext
instanceKlass org/osgi/service/application/ApplicationHandle
instanceKlass org/osgi/service/application/ApplicationDescriptor
instanceKlass org/eclipse/osgi/service/runnable/ApplicationLauncher
instanceKlass org/eclipse/equinox/internal/app/IBranding
instanceKlass org/eclipse/osgi/service/runnable/ApplicationRunnable
instanceKlass org/eclipse/osgi/service/runnable/ParameterizedRunnable
instanceKlass org/eclipse/equinox/internal/app/EclipseAppContainer
instanceKlass org/osgi/service/application/ScheduledApplication
instanceKlass org/eclipse/equinox/internal/app/AppPersistence
instanceKlass org/eclipse/equinox/internal/app/Activator
instanceKlass org/eclipse/equinox/internal/app/CommandLineArgs
instanceKlass org/eclipse/core/internal/preferences/legacy/InitLegacyPreferences
instanceKlass org/eclipse/core/internal/preferences/legacy/ProductPreferencesService
instanceKlass org/eclipse/core/internal/preferences/exchange/IProductPreferencesService
instanceKlass org/eclipse/core/internal/runtime/KeyStoreUtil
instanceKlass org/eclipse/core/internal/runtime/AuthorizationHandler
instanceKlass org/eclipse/core/runtime/IBundleGroupProvider
instanceKlass  @bci org/eclipse/core/internal/runtime/InternalPlatform <clinit> ()V 98 <appendix> argL0 ; # org/eclipse/core/internal/runtime/InternalPlatform$$Lambda+0x0000024a1c17a8e0
instanceKlass org/eclipse/core/runtime/ILog
instanceKlass org/eclipse/core/internal/runtime/InternalPlatform
instanceKlass org/eclipse/core/runtime/Plugin
instanceKlass org/eclipse/equinox/internal/frameworkadmin/equinox/Log
instanceKlass org/eclipse/equinox/internal/provisional/configuratormanipulator/ConfiguratorManipulator
instanceKlass java/lang/Process
instanceKlass org/eclipse/equinox/internal/provisional/frameworkadmin/Manipulator
instanceKlass org/eclipse/equinox/internal/frameworkadmin/equinox/EquinoxFwAdminImpl
instanceKlass org/eclipse/equinox/internal/provisional/frameworkadmin/FrameworkAdmin
instanceKlass org/osgi/util/promise/DeferredPromiseImpl$ResolveWith
instanceKlass  @bci org/osgi/util/promise/PromiseFactory$All run ()V 81 <appendix> member <vmtarget> ; # org/osgi/util/promise/PromiseFactory$All$$Lambda+0x0000024a1c173690
instanceKlass  @cpi org/osgi/util/promise/PromiseFactory$All 144 form vmentry <vmtarget> ; # java/lang/invoke/LambdaForm$DMH+0x0000024a1c178000
instanceKlass org/osgi/util/promise/PromiseImpl$Result
instanceKlass org/osgi/util/promise/PromiseFactory$All
instanceKlass org/osgi/util/promise/PromiseImpl$InlineCallback
instanceKlass org/eclipse/core/runtime/QualifiedName
instanceKlass org/eclipse/core/internal/content/ContentTypeHandler
instanceKlass org/apache/felix/scr/impl/inject/methods/ActivateMethod$1
instanceKlass org/apache/felix/scr/impl/inject/MethodResult
instanceKlass org/eclipse/core/internal/content/ContentTypeManager$ContentTypeRegistryChangeListener
instanceKlass org/apache/felix/scr/impl/manager/DependencyManager$OpenStatusImpl
instanceKlass org/apache/felix/scr/impl/manager/SingleComponentManager$1
instanceKlass org/apache/felix/scr/impl/inject/ReferenceMethod$1
instanceKlass org/apache/felix/scr/impl/inject/methods/BaseMethod$Resolved
instanceKlass org/apache/felix/scr/impl/inject/methods/BaseMethod$MethodInfo
instanceKlass org/apache/felix/scr/impl/inject/methods/BaseMethod$1
instanceKlass  @bci java/util/stream/Collectors joining (Ljava/lang/CharSequence;Ljava/lang/CharSequence;Ljava/lang/CharSequence;)Ljava/util/stream/Collector; 22 <appendix> argL0 ; # java/util/stream/Collectors$$Lambda+0x800000043
instanceKlass  @bci java/util/stream/Collectors joining (Ljava/lang/CharSequence;Ljava/lang/CharSequence;Ljava/lang/CharSequence;)Ljava/util/stream/Collector; 17 <appendix> argL0 ; # java/util/stream/Collectors$$Lambda+0x800000041
instanceKlass  @bci java/util/stream/Collectors joining (Ljava/lang/CharSequence;Ljava/lang/CharSequence;Ljava/lang/CharSequence;)Ljava/util/stream/Collector; 12 <appendix> argL0 ; # java/util/stream/Collectors$$Lambda+0x80000003e
instanceKlass  @bci java/util/stream/Collectors joining (Ljava/lang/CharSequence;Ljava/lang/CharSequence;Ljava/lang/CharSequence;)Ljava/util/stream/Collector; 7 <appendix> member <vmtarget> ; # java/util/stream/Collectors$$Lambda+0x800000046
instanceKlass  @bci java/lang/Class methodToString (Ljava/lang/String;[Ljava/lang/Class;)Ljava/lang/String; 42 <appendix> argL0 ; # java/lang/Class$$Lambda+0x0000024a1c0faf48
instanceKlass org/eclipse/core/internal/content/BasicDescription
instanceKlass org/eclipse/core/runtime/content/IContentTypeManager$IContentTypeChangeListener
instanceKlass org/eclipse/core/internal/preferences/BundleStateScopeServiceFactory
instanceKlass org/eclipse/core/internal/preferences/Activator$1
instanceKlass  @bci org/eclipse/jdt/ls/core/internal/managers/GradleProjectImporter <clinit> ()V 15 <appendix> form vmentry <vmtarget> ; # java/lang/invoke/LambdaForm$MH+0x0000024a1c172c00
# instanceKlass java/lang/invoke/LambdaForm$MH+0x0000024a1c172800
instanceKlass  @bci org/eclipse/jdt/ls/core/internal/managers/GradleProjectImporter <clinit> ()V 15 <appendix> argL3 form vmentry <vmtarget> ; # java/lang/invoke/LambdaForm$MH+0x0000024a1c172400
# instanceKlass java/lang/invoke/LambdaForm$MH+0x0000024a1c172000
# instanceKlass java/lang/invoke/LambdaForm$MH+0x0000024a1c171c00
# instanceKlass java/lang/invoke/LambdaForm$MH+0x0000024a1c171800
instanceKlass org/eclipse/core/internal/registry/ExtensionRegistry$ListenerInfo
instanceKlass org/eclipse/core/runtime/IContributor
instanceKlass org/eclipse/core/internal/preferences/PreferenceServiceRegistryHelper
instanceKlass  @bci org/eclipse/jdt/ls/core/internal/JavaLanguageServerPlugin$1 run (Lorg/eclipse/core/runtime/IProgressMonitor;)Lorg/eclipse/core/runtime/IStatus; 22 <appendix> form vmentry <vmtarget> ; # java/lang/invoke/LambdaForm$MH+0x0000024a1c171400
instanceKlass  @bci org/eclipse/jdt/ls/core/internal/JavaLanguageServerPlugin$1 run (Lorg/eclipse/core/runtime/IProgressMonitor;)Lorg/eclipse/core/runtime/IStatus; 22 <appendix> argL3 form vmentry <vmtarget> ; # java/lang/invoke/LambdaForm$MH+0x0000024a1c171000
# instanceKlass java/lang/invoke/LambdaForm$MH+0x0000024a1c170c00
# instanceKlass java/lang/invoke/LambdaForm$MH+0x0000024a1c170800
instanceKlass  @bci org/eclipse/jdt/ls/core/internal/handlers/BundleUtils startBundle (Ljava/lang/String;)V 60 <appendix> argL1 argL1 form vmentry <vmtarget> ; # java/lang/invoke/LambdaForm$MH+0x0000024a1c170400
# instanceKlass java/lang/invoke/LambdaForm$MH+0x0000024a1c170000
instanceKlass org/eclipse/core/runtime/ListenerList$ListenerListIterator
instanceKlass org/eclipse/core/internal/preferences/OSGiPreferencesServiceManager
instanceKlass org/osgi/service/prefs/PreferencesService
instanceKlass org/eclipse/core/runtime/preferences/AbstractScope
instanceKlass org/eclipse/core/runtime/Assert
instanceKlass org/eclipse/core/runtime/Path
instanceKlass org/eclipse/core/runtime/Path$Constants
instanceKlass org/eclipse/core/runtime/IPath
instanceKlass org/eclipse/core/internal/preferences/ImmutableMap
instanceKlass org/eclipse/core/internal/preferences/EclipsePreferences
instanceKlass org/eclipse/core/runtime/preferences/IScope
instanceKlass org/eclipse/core/runtime/preferences/IEclipsePreferences
instanceKlass org/eclipse/core/internal/preferences/PreferencesService
instanceKlass org/eclipse/core/runtime/preferences/IPreferencesService
instanceKlass org/eclipse/core/internal/preferences/exchange/ILegacyPreferences
instanceKlass org/eclipse/core/internal/preferences/PreferencesOSGiUtils
instanceKlass org/eclipse/core/internal/preferences/Activator
instanceKlass org/eclipse/core/runtime/preferences/IScopeContext
instanceKlass org/eclipse/core/runtime/content/IContentTypeManager$ISelectionPolicy
instanceKlass org/eclipse/core/internal/content/ContentTypeBuilder
instanceKlass org/eclipse/core/internal/content/ContentTypeCatalog
instanceKlass org/apache/felix/scr/impl/inject/ValueUtils
instanceKlass org/eclipse/core/internal/content/ILazySource
instanceKlass org/eclipse/core/internal/adapter/AdapterManagerListener
instanceKlass org/eclipse/core/internal/runtime/IAdapterManagerProvider
instanceKlass org/eclipse/core/runtime/IRegistryEventListener
instanceKlass org/eclipse/core/internal/registry/osgi/RegistryCommandProvider
instanceKlass org/eclipse/osgi/framework/console/CommandProvider
instanceKlass org/eclipse/core/internal/registry/RegistryProviderFactory
instanceKlass org/eclipse/core/internal/registry/osgi/RegistryProviderOSGI
instanceKlass org/eclipse/core/internal/registry/osgi/EclipseBundleListener
instanceKlass org/eclipse/core/internal/registry/OffsetTable
instanceKlass java/util/stream/ReduceOps$8ReducingSink
instanceKlass java/util/stream/Sink$OfLong
instanceKlass java/util/function/LongConsumer
instanceKlass  @bci java/util/stream/LongPipeline sum ()J 2 <appendix> argL0 ; # java/util/stream/LongPipeline$$Lambda+0x0000024a1c0f9d78
instanceKlass java/util/function/LongBinaryOperator
instanceKlass java/util/stream/LongStream
instanceKlass  @bci org/eclipse/core/internal/registry/osgi/EquinoxRegistryStrategy getContainerTimestamp ()J 59 <appendix> argL0 ; # org/eclipse/core/internal/registry/osgi/EquinoxRegistryStrategy$$Lambda+0x0000024a1c167000
instanceKlass  @cpi org/eclipse/core/internal/registry/osgi/EquinoxRegistryStrategy 203 form vmentry <vmtarget> ; # java/lang/invoke/LambdaForm$DMH+0x0000024a1c166000
instanceKlass java/util/function/ToLongFunction
instanceKlass  @bci org/eclipse/core/internal/registry/osgi/EquinoxRegistryStrategy getContainerTimestamp ()J 49 <appendix> argL0 ; # org/eclipse/core/internal/registry/osgi/EquinoxRegistryStrategy$$Lambda+0x0000024a1c165d78
instanceKlass  @bci org/eclipse/core/internal/registry/osgi/EquinoxRegistryStrategy getContainerTimestamp ()J 39 <appendix> argL0 ; # org/eclipse/core/internal/registry/osgi/EquinoxRegistryStrategy$$Lambda+0x0000024a1c165b38
instanceKlass org/eclipse/core/internal/registry/HashtableOfStringAndInt
instanceKlass org/eclipse/core/internal/registry/KeyedHashSet
instanceKlass org/eclipse/core/runtime/IConfigurationElement
instanceKlass org/eclipse/core/internal/registry/Handle
instanceKlass org/eclipse/core/internal/registry/RegistryObjectManager
instanceKlass org/eclipse/core/internal/registry/IObjectManager
instanceKlass  @bci org/eclipse/core/internal/registry/RegistryProperties getContextProperty (Ljava/lang/String;)Ljava/lang/String; 18 <appendix> member <vmtarget> ; # org/eclipse/core/internal/registry/RegistryProperties$$Lambda+0x0000024a1c162d08
instanceKlass org/eclipse/core/internal/registry/RegistryTimestamp
instanceKlass org/eclipse/core/internal/registry/TableReader
instanceKlass org/eclipse/core/runtime/ListenerList
instanceKlass org/eclipse/core/internal/registry/ReadWriteMonitor
instanceKlass org/eclipse/core/internal/registry/RegistryObjectFactory
instanceKlass org/eclipse/core/runtime/IExtensionDelta
instanceKlass org/eclipse/core/runtime/ISafeRunnable
instanceKlass org/eclipse/core/runtime/IExtensionPoint
instanceKlass org/eclipse/core/runtime/IExtension
instanceKlass org/eclipse/core/internal/registry/RegistryObject
instanceKlass org/eclipse/core/internal/registry/KeyedElement
instanceKlass org/eclipse/core/internal/registry/ExtensionRegistry
instanceKlass org/eclipse/core/runtime/spi/IDynamicExtensionRegistry
instanceKlass org/eclipse/core/runtime/IExtensionRegistry
instanceKlass org/eclipse/core/runtime/RegistryFactory
instanceKlass org/eclipse/core/internal/registry/ReferenceMap$IEntry
instanceKlass org/eclipse/core/internal/registry/ReferenceMap
instanceKlass org/eclipse/core/internal/registry/osgi/OSGIUtils
instanceKlass org/eclipse/core/internal/registry/osgi/EquinoxUtils
instanceKlass org/eclipse/core/internal/registry/RegistryProperties
instanceKlass org/eclipse/core/runtime/spi/IRegistryProvider
instanceKlass org/eclipse/core/runtime/spi/RegistryStrategy
instanceKlass org/eclipse/core/internal/registry/osgi/Activator
instanceKlass org/eclipse/core/runtime/IRegistryChangeListener
instanceKlass org/eclipse/core/runtime/content/IContentType
instanceKlass org/eclipse/core/runtime/content/IContentTypeSettings
instanceKlass org/eclipse/core/internal/content/IContentTypeInfo
instanceKlass org/eclipse/core/runtime/content/IContentDescription
instanceKlass org/osgi/service/prefs/Preferences
instanceKlass org/apache/felix/scr/impl/inject/internal/ComponentConstructorImpl
instanceKlass org/apache/felix/scr/impl/inject/ReferenceMethods$1
instanceKlass org/apache/felix/scr/impl/inject/ReferenceMethod
instanceKlass org/apache/felix/scr/impl/inject/methods/BindMethods
instanceKlass org/apache/felix/scr/impl/inject/ReferenceMethods
instanceKlass org/apache/felix/scr/impl/inject/methods/BaseMethod$NotApplicable
instanceKlass org/apache/felix/scr/impl/inject/methods/BaseMethod$NotResolved
instanceKlass org/apache/felix/scr/impl/inject/methods/BaseMethod$State
instanceKlass org/apache/felix/scr/impl/inject/BaseParameter
instanceKlass org/apache/felix/scr/impl/inject/methods/BaseMethod
instanceKlass org/eclipse/core/internal/content/ContentTypeMatcher
instanceKlass org/eclipse/core/runtime/content/IContentTypeManager
instanceKlass org/eclipse/core/runtime/content/IContentTypeMatcher
instanceKlass org/apache/felix/scr/impl/helper/ComponentServiceObjectsHelper
instanceKlass org/apache/felix/scr/impl/manager/EdgeInfo
instanceKlass org/apache/felix/scr/impl/manager/ComponentContextImpl$ComponentInstanceImpl
instanceKlass org/osgi/service/component/ComponentInstance
instanceKlass org/apache/felix/scr/impl/manager/ComponentContextImpl
instanceKlass org/apache/felix/scr/impl/manager/RegistrationManager$RegStateWrapper
instanceKlass org/apache/felix/scr/impl/BundleComponentActivator$ListenerInfo
instanceKlass org/apache/felix/scr/impl/manager/ServiceTracker$AbstractTracked
instanceKlass org/apache/felix/scr/impl/manager/ExtendedServiceListener
instanceKlass org/apache/felix/scr/impl/manager/ServiceTracker
instanceKlass org/apache/felix/scr/impl/helper/Coercions
instanceKlass org/apache/felix/scr/impl/manager/DependencyManager$AbstractCustomizer
instanceKlass org/apache/felix/scr/impl/manager/DependencyManager$Customizer
instanceKlass org/apache/felix/scr/impl/manager/ServiceTrackerCustomizer
instanceKlass org/apache/felix/scr/impl/inject/RefPair
instanceKlass org/apache/felix/scr/impl/inject/OpenStatus
instanceKlass org/apache/felix/scr/impl/manager/DependencyManager
instanceKlass org/apache/felix/scr/impl/manager/ReferenceManager
instanceKlass org/osgi/util/promise/Deferred
instanceKlass org/apache/felix/scr/impl/manager/SingleComponentManager$SetImplementationObject
instanceKlass org/apache/felix/scr/impl/inject/ScrComponentContext
instanceKlass org/apache/felix/scr/component/ExtComponentContext
instanceKlass org/apache/felix/scr/impl/manager/RegistrationManager
instanceKlass org/apache/felix/scr/impl/helper/ConfigAdminTracker$1
instanceKlass org/apache/felix/scr/impl/helper/ConfigAdminTracker
instanceKlass org/apache/felix/scr/impl/ComponentRegistry$4
instanceKlass org/apache/felix/scr/impl/inject/ComponentConstructor
instanceKlass org/apache/felix/scr/impl/inject/LifecycleMethod
instanceKlass org/apache/felix/scr/impl/inject/internal/ComponentMethodsImpl
instanceKlass org/apache/felix/scr/impl/metadata/TargetedPID
instanceKlass java/util/concurrent/CompletionStage
instanceKlass org/osgi/util/promise/PromiseImpl
instanceKlass org/osgi/util/promise/Promise
instanceKlass org/osgi/util/promise/PromiseFactory
instanceKlass org/osgi/util/promise/Promises
instanceKlass org/apache/felix/scr/impl/inject/ComponentMethods
instanceKlass org/osgi/service/component/ComponentFactory
instanceKlass org/apache/felix/scr/impl/manager/AbstractComponentManager
instanceKlass org/apache/felix/scr/impl/manager/ComponentManager
instanceKlass org/apache/felix/scr/impl/manager/ConfigurableComponentHolder
instanceKlass org/apache/felix/scr/impl/manager/ComponentContainer
instanceKlass org/apache/felix/scr/impl/ComponentRegistryKey
instanceKlass org/apache/felix/scr/impl/metadata/PropertyMetadata
instanceKlass org/apache/felix/scr/impl/metadata/ReferenceMetadata
instanceKlass org/apache/felix/scr/impl/metadata/ServiceMetadata
instanceKlass org/apache/felix/scr/impl/metadata/ComponentMetadata
instanceKlass org/apache/felix/scr/impl/xml/XmlConstants
instanceKlass com/sun/org/apache/xerces/internal/impl/Constants$ArrayEnumeration
instanceKlass com/sun/org/apache/xerces/internal/impl/Constants
instanceKlass com/sun/org/apache/xerces/internal/parsers/AbstractSAXParser$LocatorProxy
instanceKlass org/xml/sax/ext/Locator2
instanceKlass org/xml/sax/Locator
instanceKlass com/sun/org/apache/xerces/internal/util/XMLSymbols
instanceKlass com/sun/org/apache/xerces/internal/util/XMLChar
instanceKlass com/sun/xml/internal/stream/Entity
instanceKlass com/sun/xml/internal/stream/util/BufferAllocator
instanceKlass com/sun/xml/internal/stream/util/ThreadLocalBufferAllocator
instanceKlass com/sun/org/apache/xerces/internal/impl/XMLEntityManager$EncodingInfo
instanceKlass com/sun/org/apache/xerces/internal/utils/XMLLimitAnalyzer
instanceKlass com/sun/org/apache/xerces/internal/xni/parser/XMLInputSource
instanceKlass com/sun/org/apache/xerces/internal/util/ErrorHandlerWrapper
instanceKlass com/sun/org/apache/xerces/internal/xni/parser/XMLErrorHandler
instanceKlass com/sun/org/apache/xerces/internal/impl/ExternalSubsetResolver
instanceKlass com/sun/org/apache/xerces/internal/util/EntityResolverWrapper
instanceKlass org/xml/sax/ext/EntityResolver2
instanceKlass org/xml/sax/InputSource
instanceKlass com/sun/org/apache/xerces/internal/parsers/AbstractSAXParser$AttributesProxy
instanceKlass org/xml/sax/ext/Attributes2
instanceKlass org/xml/sax/Attributes
instanceKlass org/xml/sax/AttributeList
instanceKlass com/sun/org/apache/xerces/internal/util/FeatureState
instanceKlass com/sun/org/apache/xerces/internal/util/PropertyState
instanceKlass com/sun/org/apache/xerces/internal/impl/msg/XMLMessageFormatter
instanceKlass com/sun/org/apache/xerces/internal/util/MessageFormatter
instanceKlass com/sun/org/apache/xerces/internal/impl/XMLVersionDetector
instanceKlass com/sun/org/apache/xerces/internal/impl/validation/ValidationManager
instanceKlass com/sun/org/apache/xerces/internal/impl/dv/dtd/NMTOKENDatatypeValidator
instanceKlass com/sun/org/apache/xerces/internal/impl/dv/dtd/NOTATIONDatatypeValidator
instanceKlass com/sun/org/apache/xerces/internal/impl/dv/dtd/ENTITYDatatypeValidator
instanceKlass com/sun/org/apache/xerces/internal/impl/dv/dtd/ListDatatypeValidator
instanceKlass com/sun/org/apache/xerces/internal/impl/dv/dtd/IDREFDatatypeValidator
instanceKlass com/sun/org/apache/xerces/internal/impl/dv/dtd/IDDatatypeValidator
instanceKlass com/sun/org/apache/xerces/internal/impl/dv/dtd/StringDatatypeValidator
instanceKlass com/sun/org/apache/xerces/internal/impl/dv/DatatypeValidator
instanceKlass com/sun/org/apache/xerces/internal/impl/dv/DTDDVFactory
instanceKlass com/sun/org/apache/xerces/internal/impl/dtd/DTDGrammarBucket
instanceKlass com/sun/org/apache/xerces/internal/impl/dtd/XMLAttributeDecl
instanceKlass com/sun/org/apache/xerces/internal/impl/dtd/XMLSimpleType
instanceKlass com/sun/org/apache/xerces/internal/impl/dtd/XMLElementDecl
instanceKlass com/sun/org/apache/xerces/internal/impl/validation/ValidationState
instanceKlass com/sun/org/apache/xerces/internal/impl/dv/ValidationContext
instanceKlass com/sun/org/apache/xerces/internal/impl/dtd/XMLDTDValidator
instanceKlass com/sun/org/apache/xerces/internal/impl/RevalidationHandler
instanceKlass com/sun/org/apache/xerces/internal/impl/dtd/XMLDTDValidatorFilter
instanceKlass com/sun/org/apache/xerces/internal/xni/parser/XMLDocumentFilter
instanceKlass com/sun/org/apache/xerces/internal/impl/dtd/XMLEntityDecl
instanceKlass com/sun/org/apache/xerces/internal/impl/dtd/XMLDTDProcessor
instanceKlass com/sun/org/apache/xerces/internal/xni/parser/XMLDTDContentModelFilter
instanceKlass com/sun/org/apache/xerces/internal/xni/parser/XMLDTDFilter
instanceKlass com/sun/org/apache/xerces/internal/xni/parser/XMLDTDScanner
instanceKlass com/sun/org/apache/xerces/internal/xni/parser/XMLDTDContentModelSource
instanceKlass com/sun/org/apache/xerces/internal/xni/parser/XMLDTDSource
instanceKlass com/sun/org/apache/xerces/internal/xni/grammars/XMLDTDDescription
instanceKlass com/sun/org/apache/xerces/internal/xni/grammars/XMLGrammarDescription
instanceKlass com/sun/org/apache/xerces/internal/impl/XMLDocumentScannerImpl$TrailingMiscDriver
instanceKlass com/sun/org/apache/xerces/internal/impl/XMLDocumentScannerImpl$PrologDriver
instanceKlass com/sun/org/apache/xerces/internal/impl/XMLDocumentScannerImpl$XMLDeclDriver
instanceKlass com/sun/org/apache/xerces/internal/util/NamespaceSupport
instanceKlass com/sun/org/apache/xerces/internal/xni/NamespaceContext
instanceKlass com/sun/org/apache/xerces/internal/util/XMLAttributesImpl$Attribute
instanceKlass com/sun/org/apache/xerces/internal/util/XMLAttributesImpl
instanceKlass com/sun/org/apache/xerces/internal/xni/XMLAttributes
instanceKlass com/sun/org/apache/xerces/internal/impl/XMLDocumentFragmentScannerImpl$FragmentContentDriver
instanceKlass com/sun/org/apache/xerces/internal/impl/XMLDocumentFragmentScannerImpl$Driver
instanceKlass com/sun/org/apache/xerces/internal/impl/XMLDocumentFragmentScannerImpl$ElementStack2
instanceKlass com/sun/org/apache/xerces/internal/xni/QName
instanceKlass com/sun/org/apache/xerces/internal/impl/XMLDocumentFragmentScannerImpl$ElementStack
instanceKlass com/sun/org/apache/xerces/internal/xni/XMLString
instanceKlass com/sun/org/apache/xerces/internal/impl/XMLScanner
instanceKlass com/sun/xml/internal/stream/XMLBufferListener
instanceKlass com/sun/org/apache/xerces/internal/impl/XMLEntityHandler
instanceKlass com/sun/org/apache/xerces/internal/xni/parser/XMLDocumentScanner
instanceKlass com/sun/org/apache/xerces/internal/xni/parser/XMLDocumentSource
instanceKlass com/sun/org/apache/xerces/internal/impl/XMLErrorReporter
instanceKlass com/sun/org/apache/xerces/internal/impl/XMLEntityScanner
instanceKlass com/sun/org/apache/xerces/internal/xni/XMLLocator
instanceKlass com/sun/xml/internal/stream/XMLEntityStorage
instanceKlass com/sun/org/apache/xerces/internal/util/AugmentationsImpl$AugmentationsItemsContainer
instanceKlass com/sun/org/apache/xerces/internal/util/AugmentationsImpl
instanceKlass com/sun/org/apache/xerces/internal/xni/Augmentations
instanceKlass com/sun/org/apache/xerces/internal/util/XMLResourceIdentifierImpl
instanceKlass com/sun/org/apache/xerces/internal/xni/XMLResourceIdentifier
instanceKlass com/sun/org/apache/xerces/internal/impl/XMLEntityManager
instanceKlass com/sun/org/apache/xerces/internal/xni/parser/XMLEntityResolver
instanceKlass com/sun/org/apache/xerces/internal/xni/parser/XMLComponent
instanceKlass com/sun/org/apache/xerces/internal/util/SymbolTable$Entry
instanceKlass com/sun/org/apache/xerces/internal/util/SymbolTable
instanceKlass jdk/xml/internal/JdkConstants
instanceKlass jdk/xml/internal/JdkXmlUtils
instanceKlass com/sun/org/apache/xerces/internal/util/ParserConfigurationSettings
instanceKlass com/sun/org/apache/xerces/internal/parsers/XML11Configurable
instanceKlass com/sun/org/apache/xerces/internal/xni/parser/XMLPullParserConfiguration
instanceKlass com/sun/org/apache/xerces/internal/xni/parser/XMLParserConfiguration
instanceKlass com/sun/org/apache/xerces/internal/xni/parser/XMLComponentManager
instanceKlass com/sun/org/apache/xerces/internal/parsers/XMLParser
instanceKlass com/sun/org/apache/xerces/internal/xni/XMLDTDContentModelHandler
instanceKlass com/sun/org/apache/xerces/internal/xni/XMLDTDHandler
instanceKlass com/sun/org/apache/xerces/internal/xni/XMLDocumentHandler
instanceKlass org/xml/sax/XMLReader
instanceKlass org/xml/sax/Parser
instanceKlass com/sun/org/apache/xerces/internal/utils/XMLSecurityPropertyManager
instanceKlass com/sun/org/apache/xerces/internal/utils/XMLSecurityManager
instanceKlass javax/xml/parsers/SAXParser
instanceKlass com/sun/org/apache/xerces/internal/xs/PSVIProvider
instanceKlass com/sun/org/apache/xerces/internal/jaxp/JAXPConstants
instanceKlass  @bci javax/xml/parsers/FactoryFinder newInstance (Ljava/lang/Class;Ljava/lang/String;Ljava/lang/ClassLoader;ZZ)Ljava/lang/Object; 104 <appendix> member <vmtarget> ; # javax/xml/parsers/FactoryFinder$$Lambda+0x0000024a1c0df698
instanceKlass  @bci jdk/xml/internal/SecuritySupport getContextClassLoader ()Ljava/lang/ClassLoader; 0 <appendix> argL0 ; # jdk/xml/internal/SecuritySupport$$Lambda+0x0000024a1c0df210
instanceKlass  @bci javax/xml/parsers/FactoryFinder find (Ljava/lang/Class;Ljava/lang/String;)Ljava/lang/Object; 104 <appendix> member <vmtarget> ; # javax/xml/parsers/FactoryFinder$$Lambda+0x0000024a1c0defe8
instanceKlass javax/xml/parsers/FactoryFinder$1
instanceKlass  @bci jdk/xml/internal/SecuritySupport getFileInputStream (Ljava/io/File;)Ljava/io/FileInputStream; 1 <appendix> member <vmtarget> ; # jdk/xml/internal/SecuritySupport$$Lambda+0x0000024a1c0deb90
instanceKlass  @bci jdk/xml/internal/SecuritySupport doesFileExist (Ljava/io/File;)Z 1 <appendix> member <vmtarget> ; # jdk/xml/internal/SecuritySupport$$Lambda+0x0000024a1c0de968
instanceKlass  @bci javax/xml/parsers/FactoryFinder find (Ljava/lang/Class;Ljava/lang/String;)Ljava/lang/Object; 6 <appendix> member <vmtarget> ; # javax/xml/parsers/FactoryFinder$$Lambda+0x0000024a1c0de740
instanceKlass  @bci jdk/xml/internal/SecuritySupport getSystemProperty (Ljava/lang/String;)Ljava/lang/String; 1 <appendix> member <vmtarget> ; # jdk/xml/internal/SecuritySupport$$Lambda+0x0000024a1c0de518
instanceKlass jdk/xml/internal/SecuritySupport
instanceKlass javax/xml/parsers/FactoryFinder
instanceKlass javax/xml/parsers/SAXParserFactory
instanceKlass org/xml/sax/helpers/DefaultHandler
instanceKlass org/xml/sax/ErrorHandler
instanceKlass org/xml/sax/ContentHandler
instanceKlass org/xml/sax/DTDHandler
instanceKlass org/xml/sax/EntityResolver
instanceKlass org/apache/felix/scr/impl/BundleComponentActivator
instanceKlass org/apache/felix/scr/impl/manager/ComponentActivator
instanceKlass org/apache/felix/scr/impl/manager/ExtendedServiceListenerContext
instanceKlass org/eclipse/core/internal/runtime/IAdapterFactoryExt
instanceKlass org/eclipse/core/internal/runtime/AdapterFactoryBridge$LazyAdapterFactory
instanceKlass org/eclipse/core/internal/runtime/AdapterFactoryBridge
instanceKlass org/eclipse/core/runtime/IAdapterFactory
instanceKlass org/eclipse/core/internal/runtime/TracingOptions$1
instanceKlass org/eclipse/core/internal/runtime/TracingOptions
instanceKlass java/util/AbstractMap$1$1
instanceKlass org/osgi/service/url/URLStreamHandlerService
instanceKlass  @bci org/eclipse/core/runtime/ServiceCaller current ()Ljava/util/Optional; 4 <appendix> argL0 ; # org/eclipse/core/runtime/ServiceCaller$$Lambda+0x0000024a1c143078
instanceKlass  @bci org/eclipse/jdt/ls/core/internal/managers/GradleProjectImporter <clinit> ()V 15 <appendix> argL2 form vmentry <vmtarget> ; # java/lang/invoke/LambdaForm$MH+0x0000024a1c144000
instanceKlass  @bci org/eclipse/core/runtime/ServiceCaller trackCurrent ()Ljava/util/Optional; 19 <appendix> member <vmtarget> ; # org/eclipse/core/runtime/ServiceCaller$$Lambda+0x0000024a1c142e30
instanceKlass  @bci org/eclipse/core/runtime/ServiceCaller getCurrent ()Ljava/util/Optional; 12 <appendix> member <vmtarget> ; # org/eclipse/core/runtime/ServiceCaller$$Lambda+0x0000024a1c142be8
instanceKlass org/eclipse/core/runtime/ServiceCaller$ReferenceAndService
instanceKlass org/eclipse/core/internal/runtime/AdapterManager
instanceKlass org/eclipse/core/runtime/IAdapterManager
instanceKlass org/eclipse/core/internal/runtime/PlatformURLConverter
instanceKlass org/eclipse/core/internal/runtime/RuntimeLog
instanceKlass org/eclipse/core/runtime/IStatus
instanceKlass org/eclipse/core/internal/runtime/PlatformLogWriter
instanceKlass org/eclipse/osgi/internal/log/ExtendedLogReaderServiceImpl
instanceKlass  @bci org/eclipse/core/runtime/ServiceCaller <init> (Ljava/lang/Class;Ljava/lang/Class;Ljava/lang/String;)V 39 <appendix> argL0 ; # org/eclipse/core/runtime/ServiceCaller$$Lambda+0x0000024a1c141000
instanceKlass  @bci org/osgi/framework/FrameworkUtil getBundle (Ljava/lang/Class;)Lorg/osgi/framework/Bundle; 26 <appendix> member <vmtarget> ; # org/osgi/framework/FrameworkUtil$$Lambda+0x0000024a1c12f928
instanceKlass  @bci org/osgi/framework/FrameworkUtil getBundle (Ljava/lang/Class;)Lorg/osgi/framework/Bundle; 17 <appendix> argL0 ; # org/osgi/framework/FrameworkUtil$$Lambda+0x0000024a1c12f6e8
instanceKlass  @bci org/osgi/framework/FrameworkUtil getBundle (Ljava/lang/Class;)Lorg/osgi/framework/Bundle; 1 <appendix> member <vmtarget> ; # org/osgi/framework/FrameworkUtil$$Lambda+0x0000024a1c12f4c0
instanceKlass  @bci org/eclipse/core/runtime/ServiceCaller <init> (Ljava/lang/Class;Ljava/lang/Class;Ljava/lang/String;)V 31 <appendix> argL0 ; # org/eclipse/core/runtime/ServiceCaller$$Lambda+0x0000024a1c140ca8
instanceKlass org/eclipse/core/runtime/ServiceCaller
instanceKlass org/eclipse/core/internal/runtime/Activator
instanceKlass org/apache/felix/scr/impl/config/ScrMetaTypeProviderServiceFactory
instanceKlass org/apache/felix/scr/impl/config/ScrManagedServiceServiceFactory
instanceKlass org/apache/felix/scr/impl/ComponentCommands$2
instanceKlass org/apache/felix/scr/impl/ComponentCommands$1
instanceKlass org/apache/felix/scr/impl/ComponentCommands
instanceKlass org/apache/felix/scr/impl/Activator$ScrExtension
instanceKlass org/apache/felix/scr/impl/runtime/ServiceComponentRuntimeImpl
instanceKlass org/apache/felix/scr/impl/manager/ComponentHolder
instanceKlass org/apache/felix/scr/impl/manager/RegionConfigurationSupport
instanceKlass org/apache/felix/scr/impl/ComponentRegistry
instanceKlass org/apache/felix/scr/impl/ComponentActorExecutor$1
instanceKlass org/apache/felix/scr/impl/logger/ScrLogManager$1
instanceKlass org/apache/felix/scr/impl/logger/LogManager$LogDomain
instanceKlass org/apache/felix/scr/impl/logger/LogManager$Lock
instanceKlass org/apache/felix/scr/impl/logger/LogManager$LoggerFacade
instanceKlass org/apache/felix/scr/impl/logger/BundleLogger
instanceKlass org/apache/felix/scr/impl/logger/ComponentLogger
instanceKlass org/apache/felix/scr/impl/logger/ScrLogger
instanceKlass org/apache/felix/scr/impl/logger/InternalLogger
instanceKlass org/apache/felix/scr/impl/logger/ScrLoggerFactory
instanceKlass org/osgi/service/component/ComponentContext
instanceKlass org/osgi/service/component/ComponentServiceObjects
instanceKlass org/apache/felix/scr/impl/inject/internal/ClassUtils
instanceKlass org/apache/felix/scr/impl/config/ScrConfigurationImpl
instanceKlass org/osgi/service/component/runtime/ServiceComponentRuntime
instanceKlass org/apache/felix/scr/impl/manager/ScrConfiguration
instanceKlass org/apache/felix/scr/impl/logger/LogConfiguration
instanceKlass org/apache/felix/scr/impl/AbstractExtender
instanceKlass org/eclipse/osgi/internal/loader/buddy/PolicyHandler
instanceKlass org/apache/aries/spifly/WeavingData
instanceKlass org/apache/aries/spifly/ConsumerRestriction
instanceKlass org/apache/aries/spifly/MethodRestriction
instanceKlass org/apache/aries/spifly/ArgRestrictions
instanceKlass org/apache/aries/spifly/BundleDescriptor
instanceKlass  @bci org/apache/aries/spifly/BaseActivator addConsumerWeavingData (Lorg/osgi/framework/Bundle;Ljava/lang/String;)V 177 <appendix> member <vmtarget> ; # org/apache/aries/spifly/BaseActivator$$Lambda+0x0000024a1c132e38
instanceKlass  @bci org/apache/aries/spifly/BaseActivator addConsumerWeavingData (Lorg/osgi/framework/Bundle;Ljava/lang/String;)V 161 <appendix> member <vmtarget> ; # org/apache/aries/spifly/BaseActivator$$Lambda+0x0000024a1c132be0
instanceKlass  @bci org/apache/aries/spifly/BaseActivator addConsumerWeavingData (Lorg/osgi/framework/Bundle;Ljava/lang/String;)V 149 <appendix> argL0 ; # org/apache/aries/spifly/BaseActivator$$Lambda+0x0000024a1c1329c0
instanceKlass  @bci org/apache/aries/spifly/BaseActivator addConsumerWeavingData (Lorg/osgi/framework/Bundle;Ljava/lang/String;)V 141 <appendix> argL0 ; # org/apache/aries/spifly/BaseActivator$$Lambda+0x0000024a1c132780
instanceKlass org/apache/aries/spifly/ConsumerBundleTrackerCustomizer
instanceKlass java/util/Formattable
instanceKlass java/time/LocalTime$1
instanceKlass sun/util/locale/provider/LocaleResources
instanceKlass  @bci sun/util/locale/provider/JRELocaleProviderAdapter getDecimalFormatSymbolsProvider ()Ljava/text/spi/DecimalFormatSymbolsProvider; 8 <appendix> member <vmtarget> ; # sun/util/locale/provider/JRELocaleProviderAdapter$$Lambda+0x800000066
instanceKlass java/text/DecimalFormatSymbols
instanceKlass sun/util/resources/Bundles$2
instanceKlass sun/util/resources/Bundles$CacheKeyReference
instanceKlass  @bci sun/util/cldr/CLDRLocaleProviderAdapter applyAliases (Ljava/util/Locale;)Ljava/util/Locale; 4 <appendix> argL0 ; # sun/util/cldr/CLDRLocaleProviderAdapter$$Lambda+0x80000005f
instanceKlass sun/util/resources/LocaleData$LocaleDataResourceBundleProvider
instanceKlass java/util/spi/ResourceBundleProvider
instanceKlass sun/util/resources/Bundles$CacheKey
instanceKlass sun/util/resources/Bundles
instanceKlass sun/util/resources/LocaleData$LocaleDataStrategy
instanceKlass sun/util/resources/Bundles$Strategy
instanceKlass sun/util/resources/LocaleData$1
instanceKlass sun/util/resources/LocaleData
instanceKlass java/util/Locale$Builder
instanceKlass sun/util/locale/provider/CalendarDataUtility
instanceKlass sun/util/locale/provider/AvailableLanguageTags
instanceKlass  @bci sun/util/locale/provider/JRELocaleProviderAdapter getDateFormatSymbolsProvider ()Ljava/text/spi/DateFormatSymbolsProvider; 8 <appendix> member <vmtarget> ; # sun/util/locale/provider/JRELocaleProviderAdapter$$Lambda+0x800000065
instanceKlass sun/util/resources/cldr/provider/CLDRLocaleDataMetaInfo
instanceKlass jdk/internal/module/ModulePatcher$PatchedModuleReader
instanceKlass  @bci sun/util/cldr/CLDRLocaleProviderAdapter <init> ()V 4 <appendix> argL0 ; # sun/util/cldr/CLDRLocaleProviderAdapter$$Lambda+0x800000061
instanceKlass sun/util/locale/InternalLocaleBuilder$CaseInsensitiveChar
instanceKlass sun/util/locale/InternalLocaleBuilder
instanceKlass sun/util/locale/StringTokenIterator
instanceKlass sun/util/locale/ParseStatus
instanceKlass sun/util/locale/LanguageTag
instanceKlass sun/util/cldr/CLDRBaseLocaleDataMetaInfo
instanceKlass sun/util/locale/provider/LocaleDataMetaInfo
instanceKlass sun/util/locale/provider/ResourceBundleBasedAdapter
instanceKlass sun/util/locale/provider/LocaleProviderAdapter
instanceKlass java/util/spi/LocaleServiceProvider
instanceKlass java/text/DateFormatSymbols
instanceKlass java/time/ZonedDateTime$1
instanceKlass java/util/Calendar
instanceKlass java/util/Formatter$FixedString
instanceKlass java/util/Formatter$DateTime
instanceKlass java/util/Formatter$Flags
instanceKlass java/util/Formatter$FormatSpecifier
instanceKlass java/util/Formatter$FormatString
instanceKlass java/util/Formatter$Conversion
instanceKlass  @bci java/util/regex/Pattern Range (II)Ljava/util/regex/Pattern$CharPredicate; 23 <appendix> member <vmtarget> ; # java/util/regex/Pattern$$Lambda+0x80000002a
instanceKlass java/util/Formatter
instanceKlass  @bci java/util/ResourceBundle$ResourceBundleProviderHelper loadPropertyResourceBundle (Ljava/lang/Module;Ljava/lang/Module;Ljava/lang/String;Ljava/util/Locale;)Ljava/util/ResourceBundle; 14 <appendix> member <vmtarget> ; # java/util/ResourceBundle$ResourceBundleProviderHelper$$Lambda+0x0000024a1c0dae60
instanceKlass  @bci java/util/ResourceBundle$ResourceBundleProviderHelper newResourceBundle (Ljava/lang/Class;)Ljava/util/ResourceBundle; 22 <appendix> member <vmtarget> ; # java/util/ResourceBundle$ResourceBundleProviderHelper$$Lambda+0x800000010
instanceKlass  @bci java/util/ResourceBundle$ResourceBundleProviderHelper loadResourceBundle (Ljava/lang/Module;Ljava/lang/Module;Ljava/lang/String;Ljava/util/Locale;)Ljava/util/ResourceBundle; 13 <appendix> member <vmtarget> ; # java/util/ResourceBundle$ResourceBundleProviderHelper$$Lambda+0x0000024a1c0da518
instanceKlass java/util/ResourceBundle$ResourceBundleProviderHelper
instanceKlass java/util/ResourceBundle$3
instanceKlass  @bci java/util/ResourceBundle getLoader (Ljava/lang/Module;)Ljava/lang/ClassLoader; 6 <appendix> member <vmtarget> ; # java/util/ResourceBundle$$Lambda+0x0000024a1c0da0b8
instanceKlass java/util/ResourceBundle$CacheKeyReference
instanceKlass java/util/ResourceBundle$CacheKey
instanceKlass java/util/ResourceBundle$Control
instanceKlass java/util/logging/Level$RbAccess
instanceKlass  @bci java/util/logging/LogRecord inferCaller ()V 18 <appendix> member <vmtarget> ; # java/util/logging/LogRecord$$Lambda+0x0000024a1c0d95f8
instanceKlass java/lang/StackStreamFactory$FrameBuffer
instanceKlass java/lang/StackStreamFactory
instanceKlass  @bci java/util/logging/LogRecord$CallerFinder get ()Ljava/util/Optional; 4 <appendix> member <vmtarget> ; # java/util/logging/LogRecord$CallerFinder$$Lambda+0x0000024a1c0d7df8
instanceKlass  @bci java/util/logging/LogRecord$CallerFinder <clinit> ()V 0 <appendix> argL0 ; # java/util/logging/LogRecord$CallerFinder$$Lambda+0x0000024a1c0d7bd8
instanceKlass  @bci jdk/internal/misc/ExtendedMapMode <clinit> ()V 0 <bsm> form vmentry <vmtarget> ; # java/lang/invoke/LambdaForm$DMH+0x0000024a1c136400
instanceKlass java/util/logging/LogRecord$CallerFinder
instanceKlass java/time/LocalDate$1
instanceKlass  @bci java/time/temporal/TemporalAdjusters nextOrSame (Ljava/time/DayOfWeek;)Ljava/time/temporal/TemporalAdjuster; 6 <appendix> member <vmtarget> ; # java/time/temporal/TemporalAdjusters$$Lambda+0x0000024a1c0d7768
instanceKlass  @cpi java/time/temporal/TemporalAdjusters 209 form vmentry <vmtarget> ; # java/lang/invoke/LambdaForm$DMH+0x0000024a1c136000
instanceKlass java/time/temporal/TemporalAdjusters
instanceKlass java/time/chrono/AbstractChronology
instanceKlass java/time/chrono/Chronology
instanceKlass java/time/zone/Ser
instanceKlass java/io/Externalizable
instanceKlass java/time/zone/ZoneRulesProvider$1
instanceKlass java/time/zone/ZoneRulesProvider
instanceKlass sun/util/calendar/ZoneInfoFile$ZoneOffsetTransitionRule
instanceKlass sun/util/calendar/ZoneInfoFile$1
instanceKlass sun/util/calendar/ZoneInfoFile
instanceKlass java/util/TimeZone
instanceKlass java/util/logging/LogManager$CloseOnReset
instanceKlass java/util/logging/StreamHandler$1
instanceKlass java/util/logging/Handler$1
instanceKlass java/util/logging/ErrorManager
instanceKlass jdk/internal/logger/SimpleConsoleLogger$Formatting
instanceKlass  @bci java/util/logging/SimpleFormatter <init> ()V 5 <appendix> argL0 ; # java/util/logging/SimpleFormatter$$Lambda+0x0000024a1c0d4418
instanceKlass java/util/logging/Formatter
instanceKlass java/time/Clock
instanceKlass java/time/InstantSource
instanceKlass java/util/logging/LogRecord
instanceKlass org/apache/aries/spifly/ProviderServiceFactory
instanceKlass ch/qos/logback/classic/spi/LogbackServiceProvider
instanceKlass org/slf4j/spi/SLF4JServiceProvider
instanceKlass org/eclipse/osgi/internal/framework/EquinoxBundle$ResolvedModuleClassLoader
instanceKlass org/eclipse/osgi/internal/framework/EquinoxBundle$1
instanceKlass org/apache/aries/spifly/ProviderBundleTrackerCustomizer$ServiceDetails
instanceKlass org/eclipse/osgi/storage/bundlefile/ZipBundleFile$1
instanceKlass  @bci org/eclipse/osgi/storage/bundlefile/ZipBundleFile getPaths ()Ljava/lang/Iterable; 1 <appendix> member <vmtarget> ; # org/eclipse/osgi/storage/bundlefile/ZipBundleFile$$Lambda+0x0000024a1c12e5b8
instanceKlass  @bci org/apache/aries/spifly/BaseActivator registerProviderBundle (Ljava/lang/String;Lorg/osgi/framework/Bundle;Ljava/util/Map;)V 33 <appendix> member <vmtarget> ; # org/apache/aries/spifly/BaseActivator$$Lambda+0x0000024a1c131e90
instanceKlass org/apache/aries/spifly/Pair
instanceKlass  @bci org/apache/aries/spifly/BaseActivator registerProviderBundle (Ljava/lang/String;Lorg/osgi/framework/Bundle;Ljava/util/Map;)V 5 <appendix> argL0 ; # org/apache/aries/spifly/BaseActivator$$Lambda+0x0000024a1c131a30
instanceKlass  @bci org/osgi/framework/FrameworkUtil <clinit> ()V 27 <appendix> member <vmtarget> ; # org/osgi/framework/FrameworkUtil$$Lambda+0x0000024a1c12e380
instanceKlass org/osgi/framework/connect/FrameworkUtilHelper
instanceKlass  @bci org/osgi/framework/FrameworkUtil <clinit> ()V 8 <appendix> argL0 ; # org/osgi/framework/FrameworkUtil$$Lambda+0x0000024a1c12df60
instanceKlass org/osgi/framework/FrameworkUtil
instanceKlass  @bci org/eclipse/core/internal/jobs/JobManager startJob (Lorg/eclipse/core/internal/jobs/Worker;)Lorg/eclipse/core/runtime/jobs/Job; 45 <adapter> ; # java/lang/invoke/LambdaForm$MH+0x0000024a1c134c00
# instanceKlass java/lang/invoke/LambdaForm$DMH+0x0000024a1c134800
instanceKlass  @bci org/eclipse/core/internal/jobs/JobManager startJob (Lorg/eclipse/core/internal/jobs/Worker;)Lorg/eclipse/core/runtime/jobs/Job; 45 <appendix> form vmentry <vmtarget> ; # java/lang/invoke/LambdaForm$DMH+0x0000024a1c134400
instanceKlass  @bci aQute/bnd/header/Attrs mergeWith (LaQute/bnd/header/Attrs;Z)V 4 <appendix> member <vmtarget> ; # aQute/bnd/header/Attrs$$Lambda+0x0000024a1c1317f8
instanceKlass  @cpi aQute/bnd/header/Attrs 639 form vmentry <vmtarget> ; # java/lang/invoke/LambdaForm$DMH+0x0000024a1c134000
instanceKlass  @bci org/apache/aries/spifly/ProviderBundleTrackerCustomizer getFromAutoProviderProperty (Lorg/osgi/framework/Bundle;Ljava/util/Map;)Ljava/util/Map$Entry; 58 <appendix> argL0 ; # org/apache/aries/spifly/ProviderBundleTrackerCustomizer$$Lambda+0x0000024a1c1315d8
instanceKlass  @bci org/apache/aries/spifly/ProviderBundleTrackerCustomizer getFromAutoProviderProperty (Lorg/osgi/framework/Bundle;Ljava/util/Map;)Ljava/util/Map$Entry; 50 <appendix> member <vmtarget> ; # org/apache/aries/spifly/ProviderBundleTrackerCustomizer$$Lambda+0x0000024a1c131390
instanceKlass java/util/AbstractMap$SimpleImmutableEntry
instanceKlass  @bci aQute/bnd/stream/EntryPipeline values ()Ljava/util/stream/Stream; 4 <appendix> argL0 ; # aQute/bnd/stream/EntryPipeline$$Lambda+0x0000024a1c131150
instanceKlass  @bci aQute/bnd/stream/EntryPipeline filterKey (Ljava/util/function/Predicate;)LaQute/bnd/stream/MapStream; 14 <appendix> member <vmtarget> ; # aQute/bnd/stream/EntryPipeline$$Lambda+0x0000024a1c130ef8
instanceKlass  @bci org/apache/aries/spifly/ProviderBundleTrackerCustomizer getFromAutoProviderProperty (Lorg/osgi/framework/Bundle;Ljava/util/Map;)Ljava/util/Map$Entry; 27 <appendix> member <vmtarget> ; # org/apache/aries/spifly/ProviderBundleTrackerCustomizer$$Lambda+0x0000024a1c130ca0
instanceKlass sun/invoke/util/VerifyAccess$1
instanceKlass aQute/bnd/stream/EntryPipeline
instanceKlass  @bci org/apache/aries/spifly/ProviderBundleTrackerCustomizer getFromAutoProviderProperty (Lorg/osgi/framework/Bundle;Ljava/util/Map;)Ljava/util/Map$Entry; 15 <appendix> argL0 ; # org/apache/aries/spifly/ProviderBundleTrackerCustomizer$$Lambda+0x0000024a1c130640
instanceKlass  @bci org/apache/aries/spifly/ProviderBundleTrackerCustomizer getFromAutoProviderProperty (Lorg/osgi/framework/Bundle;Ljava/util/Map;)Ljava/util/Map$Entry; 7 <appendix> argL0 ; # org/apache/aries/spifly/ProviderBundleTrackerCustomizer$$Lambda+0x0000024a1c130400
instanceKlass aQute/bnd/stream/MapStream
instanceKlass org/apache/aries/spifly/SpiFlyConstants
instanceKlass org/apache/aries/spifly/ConsumerHeaderProcessor
instanceKlass  @bci aQute/bnd/header/OSGiHeader parseHeader (Ljava/lang/String;LaQute/service/reporter/Reporter;LaQute/bnd/header/Parameters;)LaQute/bnd/header/Parameters; 437 <appendix> member <vmtarget> ; # aQute/bnd/header/OSGiHeader$$Lambda+0x0000024a1c128800
instanceKlass  @bci aQute/bnd/header/Attrs <clinit> ()V 72 <appendix> argL0 ; # aQute/bnd/header/Attrs$$Lambda+0x0000024a1c12bc10
instanceKlass  @bci aQute/bnd/header/Attrs <clinit> ()V 64 <appendix> argL0 ; # aQute/bnd/header/Attrs$$Lambda+0x0000024a1c12b9f0
instanceKlass  @bci aQute/bnd/header/Attrs <clinit> ()V 56 <appendix> argL0 ; # aQute/bnd/header/Attrs$$Lambda+0x0000024a1c12b7d0
instanceKlass  @bci aQute/bnd/header/Attrs <clinit> ()V 48 <appendix> argL0 ; # aQute/bnd/header/Attrs$$Lambda+0x0000024a1c12b5b0
instanceKlass  @bci aQute/bnd/header/Attrs <clinit> ()V 40 <appendix> argL0 ; # aQute/bnd/header/Attrs$$Lambda+0x0000024a1c12b390
instanceKlass  @bci aQute/bnd/header/Attrs <clinit> ()V 32 <appendix> argL0 ; # aQute/bnd/header/Attrs$$Lambda+0x0000024a1c12b170
instanceKlass  @bci aQute/bnd/header/Attrs <clinit> ()V 24 <appendix> argL0 ; # aQute/bnd/header/Attrs$$Lambda+0x0000024a1c12af50
instanceKlass  @bci aQute/bnd/header/Attrs <clinit> ()V 16 <appendix> argL0 ; # aQute/bnd/header/Attrs$$Lambda+0x0000024a1c12ad30
instanceKlass aQute/bnd/header/Attrs$DataType
instanceKlass aQute/bnd/header/Attrs
instanceKlass aQute/libg/qtokens/QuotedTokenizer
instanceKlass  @bci java/util/regex/Pattern union (Ljava/util/regex/Pattern$CharPredicate;Ljava/util/regex/Pattern$CharPredicate;Z)Ljava/util/regex/Pattern$CharPredicate; 6 <appendix> member <vmtarget> ; # java/util/regex/Pattern$$Lambda+0x800000032
instanceKlass  @bci java/util/regex/CharPredicates ASCII_WORD ()Ljava/util/regex/Pattern$BmpCharPredicate; 0 <appendix> argL0 ; # java/util/regex/CharPredicates$$Lambda+0x0000024a1c0d28e8
instanceKlass aQute/bnd/header/OSGiHeader
instanceKlass org/eclipse/osgi/framework/util/CaseInsensitiveDictionaryMap$CaseInsentiveEntry
instanceKlass org/eclipse/osgi/framework/util/CaseInsensitiveDictionaryMap$EntryIterator
instanceKlass org/eclipse/osgi/framework/util/CaseInsensitiveDictionaryMap$KeyIterator
instanceKlass java/util/ResourceBundle$1
instanceKlass jdk/internal/access/JavaUtilResourceBundleAccess
instanceKlass java/util/ResourceBundle
instanceKlass  @bci org/eclipse/osgi/storage/Storage lambda$7 (Ljava/util/List;Ljava/lang/String;)Ljava/util/stream/Stream; 7 <appendix> member <vmtarget> ; # org/eclipse/osgi/storage/Storage$$Lambda+0x0000024a1c127b08
instanceKlass org/eclipse/osgi/internal/container/InternalUtils$1
instanceKlass  @bci org/eclipse/osgi/storage/Storage findEntries (Ljava/util/List;Ljava/lang/String;Ljava/lang/String;I)Ljava/util/Enumeration; 101 <appendix> argL0 ; # org/eclipse/osgi/storage/Storage$$Lambda+0x0000024a1c127668
instanceKlass  @bci org/eclipse/osgi/storage/Storage findEntries (Ljava/util/List;Ljava/lang/String;Ljava/lang/String;I)Ljava/util/Enumeration; 91 <appendix> member <vmtarget> ; # org/eclipse/osgi/storage/Storage$$Lambda+0x0000024a1c127420
instanceKlass org/eclipse/osgi/storage/ManifestLocalization$BundleResourceBundle
instanceKlass org/eclipse/osgi/storage/ManifestLocalization
instanceKlass org/apache/aries/spifly/ProviderBundleTrackerCustomizer
instanceKlass org/osgi/util/tracker/BundleTracker
instanceKlass  @bci org/apache/aries/spifly/BaseActivator start (Lorg/osgi/framework/BundleContext;Ljava/lang/String;)V 46 <appendix> argL0 ; # org/apache/aries/spifly/BaseActivator$$Lambda+0x0000024a1c129668
instanceKlass  @bci org/apache/aries/spifly/BaseActivator start (Lorg/osgi/framework/BundleContext;Ljava/lang/String;)V 20 <appendix> argL0 ; # org/apache/aries/spifly/BaseActivator$$Lambda+0x0000024a1c129428
instanceKlass aQute/bnd/header/Parameters
instanceKlass java/util/AbstractList$Itr
instanceKlass  @bci org/eclipse/osgi/internal/weaving/WovenClassImpl notifyWovenClassListeners ()V 1 <appendix> member <vmtarget> ; # org/eclipse/osgi/internal/weaving/WovenClassImpl$$Lambda+0x0000024a1c126878
instanceKlass  @bci org/eclipse/osgi/internal/serviceregistry/ServiceRegistrationImpl$FrameworkHookRegistration getSafeService (Lorg/eclipse/osgi/internal/framework/BundleContextImpl;Lorg/eclipse/osgi/internal/serviceregistry/ServiceConsumer;)Ljava/lang/Object; 17 <appendix> member <vmtarget> ; # org/eclipse/osgi/internal/serviceregistry/ServiceRegistrationImpl$FrameworkHookRegistration$$Lambda+0x0000024a1c126620
instanceKlass org/apache/aries/spifly/Util
instanceKlass org/objectweb/asm/Opcodes
instanceKlass org/objectweb/asm/ClassVisitor
instanceKlass org/apache/aries/spifly/dynamic/ClientWeavingHook
instanceKlass java/util/logging/Logger$SystemLoggerHelper$1
instanceKlass java/util/logging/Logger$SystemLoggerHelper
instanceKlass java/util/logging/LogManager$4
instanceKlass jdk/internal/logger/BootstrapLogger$BootstrapExecutors
instanceKlass jdk/internal/logger/LoggerFinderLoader
instanceKlass  @bci java/lang/System$LoggerFinder accessProvider ()Ljava/lang/System$LoggerFinder; 8 <appendix> argL0 ; # java/lang/System$LoggerFinder$$Lambda+0x0000024a1c0d0f98
instanceKlass  @bci java/util/logging/Level$KnownLevel findByName (Ljava/lang/String;Ljava/util/function/Function;)Ljava/util/Optional; 29 <appendix> argL0 ; # java/util/logging/Level$KnownLevel$$Lambda+0x800000023
instanceKlass  @bci java/util/logging/Level findLevel (Ljava/lang/String;)Ljava/util/logging/Level; 13 <appendix> argL0 ; # java/util/logging/Level$$Lambda+0x800000011
instanceKlass java/util/logging/LogManager$LoggerContext$1
instanceKlass java/util/logging/LogManager$VisitedLoggers
instanceKlass java/util/logging/LogManager$2
instanceKlass java/util/logging/LogManager$LoggingProviderAccess
instanceKlass java/util/logging/LogManager$LogNode
instanceKlass java/util/logging/LogManager$LoggerContext
instanceKlass java/util/logging/LogManager$1
instanceKlass java/util/logging/LogManager
instanceKlass java/util/logging/Logger$ConfigurationData
instanceKlass java/util/logging/Logger$LoggerBundle
instanceKlass  @bci java/util/logging/Level$KnownLevel add (Ljava/util/logging/Level;)V 49 <appendix> argL0 ; # java/util/logging/Level$KnownLevel$$Lambda+0x800000022
instanceKlass  @bci java/util/logging/Level$KnownLevel add (Ljava/util/logging/Level;)V 19 <appendix> argL0 ; # java/util/logging/Level$KnownLevel$$Lambda+0x800000021
instanceKlass java/util/logging/Level
instanceKlass java/util/logging/Handler
instanceKlass java/util/logging/Logger
instanceKlass org/osgi/util/tracker/BundleTrackerCustomizer
instanceKlass org/eclipse/osgi/internal/loader/ModuleClassLoader$DefineClassResult
instanceKlass org/apache/aries/spifly/BaseActivator
instanceKlass org/eclipse/osgi/internal/weaving/WeavingHookConfigurator$WovenClassContext
instanceKlass org/eclipse/osgi/internal/weaving/WovenClassImpl
instanceKlass org/osgi/framework/hooks/weaving/WovenClass
instanceKlass org/eclipse/osgi/internal/loader/classpath/ClasspathManager$DefineContext
instanceKlass org/eclipse/osgi/internal/loader/BundleLoader$3
instanceKlass  @bci org/eclipse/osgi/internal/framework/EquinoxEventPublisher notifyEventHooksPrivileged (Lorg/osgi/framework/BundleEvent;Ljava/util/Collection;)V 98 <appendix> member <vmtarget> ; # org/eclipse/osgi/internal/framework/EquinoxEventPublisher$$Lambda+0x0000024a1c122940
instanceKlass org/eclipse/osgi/container/ModuleContainer$ContainerStartLevel$2
instanceKlass java/util/concurrent/CountDownLatch
instanceKlass org/eclipse/osgi/internal/framework/EquinoxContainerAdaptor$1$1
instanceKlass org/eclipse/osgi/container/ModuleResolutionReport
instanceKlass  @bci java/util/stream/StreamSpliterators$WrappingSpliterator forEachRemaining (Ljava/util/function/Consumer;)V 33 <appendix> member <vmtarget> ; # java/util/stream/StreamSpliterators$WrappingSpliterator$$Lambda+0x0000024a1c0d0098
instanceKlass  @cpi org/eclipse/core/internal/jobs/JobListeners 385 form vmentry <vmtarget> ; # java/lang/invoke/LambdaForm$DMH+0x0000024a1c124000
instanceKlass  @bci java/util/stream/Collectors toList ()Ljava/util/stream/Collector; 14 <appendix> argL0 ; # java/util/stream/Collectors$$Lambda+0x0000024a1c0cfe50
instanceKlass  @bci java/util/stream/Collectors toList ()Ljava/util/stream/Collector; 9 <appendix> argL0 ; # java/util/stream/Collectors$$Lambda+0x0000024a1c0cfc20
instanceKlass  @bci java/util/stream/Collectors toList ()Ljava/util/stream/Collector; 4 <appendix> argL0 ; # java/util/stream/Collectors$$Lambda+0x0000024a1c0cfa00
instanceKlass  @bci org/apache/felix/resolver/Candidates$FaultyResourcesReport getUnresolvedRequirements ()Ljava/util/Collection; 38 <appendix> argL0 ; # org/apache/felix/resolver/Candidates$FaultyResourcesReport$$Lambda+0x0000024a1c121540
instanceKlass  @bci org/apache/felix/resolver/Candidates$FaultyResourcesReport getUnresolvedRequirements ()Ljava/util/Collection; 14 <appendix> argL0 ; # org/apache/felix/resolver/Candidates$FaultyResourcesReport$$Lambda+0x0000024a1c121300
instanceKlass java/util/concurrent/ConcurrentLinkedQueue$Node
instanceKlass org/apache/felix/resolver/EnhancedExecutor
instanceKlass org/apache/felix/resolver/PackageSpaces
instanceKlass org/apache/felix/resolver/Backlog
instanceKlass  @bci org/apache/felix/resolver/Candidates prepare ()Lorg/apache/felix/resolver/ResolutionError; 924 <appendix> argL0 ; # org/apache/felix/resolver/Candidates$$Lambda+0x0000024a1c119000
instanceKlass org/apache/felix/resolver/util/CandidateSelector
instanceKlass org/apache/felix/resolver/util/OpenHashMap$MapEntry
instanceKlass org/apache/felix/resolver/util/OpenHashMap$MapIterator
instanceKlass org/apache/felix/resolver/util/OpenHashMap$1
instanceKlass org/eclipse/osgi/container/ModuleResolutionReport$EntryImpl
instanceKlass org/eclipse/osgi/report/resolution/ResolutionReport$Entry
instanceKlass  @bci org/eclipse/osgi/internal/framework/FilterImpl$Equal compare_Version (Lorg/osgi/framework/Version;)Z 3 <appendix> argL0 ; # org/eclipse/osgi/internal/framework/FilterImpl$Equal$$Lambda+0x0000024a1c11a628
instanceKlass org/apache/felix/resolver/Candidates$PopulateResult
instanceKlass org/apache/felix/resolver/util/OpenHashMap
instanceKlass org/osgi/service/resolver/HostedCapability
instanceKlass org/apache/felix/resolver/Candidates
instanceKlass org/apache/felix/resolver/Util
instanceKlass org/apache/felix/resolver/ResolveSession
instanceKlass org/eclipse/osgi/container/ModuleResolver$ResolveProcess$DynamicFragments
instanceKlass  @bci org/eclipse/osgi/container/ModuleResolver$ResolveProcess removeSubstituted (Ljava/util/List;)V 2 <appendix> member <vmtarget> ; # org/eclipse/osgi/container/ModuleResolver$ResolveProcess$$Lambda+0x0000024a1c11d670
instanceKlass  @bci org/eclipse/osgi/container/ModuleResolver removeNonEffectiveCapabilities (Ljava/util/Collection;)V 2 <appendix> member <vmtarget> ; # org/eclipse/osgi/container/ModuleResolver$$Lambda+0x0000024a1c11d418
instanceKlass  @bci org/eclipse/osgi/container/ModuleResolver$ResolveProcess filterDisabled (Ljava/util/List;)V 2 <appendix> member <vmtarget> ; # org/eclipse/osgi/container/ModuleResolver$ResolveProcess$$Lambda+0x0000024a1c11d1c0
instanceKlass java/util/Collections$ReverseComparator2
instanceKlass java/util/Collections$ReverseComparator
instanceKlass  @bci org/eclipse/osgi/container/ModuleResolver$ResolveProcess resolveNonPayLoadFragments ()Ljava/util/Map; 84 <appendix> argL0 ; # org/eclipse/osgi/container/ModuleResolver$ResolveProcess$$Lambda+0x0000024a1c11cf80
instanceKlass org/eclipse/osgi/internal/framework/OSGiFrameworkHooks$CoreResolverHookFactory$CoreResolverHook
instanceKlass org/eclipse/osgi/report/resolution/ResolutionReport$Listener
instanceKlass  @bci org/eclipse/osgi/internal/framework/OSGiFrameworkHooks$CoreResolverHookFactory getHookReferences (Lorg/eclipse/osgi/internal/serviceregistry/ServiceRegistry;Lorg/eclipse/osgi/internal/framework/BundleContextImpl;)[Lorg/eclipse/osgi/internal/serviceregistry/ServiceReferenceImpl; 2 <appendix> member <vmtarget> ; # org/eclipse/osgi/internal/framework/OSGiFrameworkHooks$CoreResolverHookFactory$$Lambda+0x0000024a1c11c498
instanceKlass org/eclipse/osgi/container/ModuleResolutionReport$Builder
instanceKlass org/osgi/service/resolver/ResolveContext
instanceKlass org/eclipse/osgi/container/ModuleDatabase$1
# instanceKlass java/lang/invoke/LambdaForm$MH+0x0000024a1c118400
instanceKlass org/eclipse/osgi/container/ModuleContainer$ResolutionLock$Permits
# instanceKlass java/lang/invoke/LambdaForm$MH+0x0000024a1c118000
instanceKlass org/eclipse/osgi/framework/eventmgr/EventManager$EventThread$Queued
instanceKlass  @bci org/eclipse/osgi/framework/eventmgr/EventManager getEventThread ()Lorg/eclipse/osgi/framework/eventmgr/EventManager$EventThread; 24 <appendix> member <vmtarget> ; # org/eclipse/osgi/framework/eventmgr/EventManager$$Lambda+0x0000024a1c117130
instanceKlass org/eclipse/osgi/container/ModuleContainer$ContainerWiring$1
instanceKlass org/osgi/dto/DTO
instanceKlass  @bci org/eclipse/osgi/internal/framework/BundleContextImpl notifyFindHooksPriviledged (Lorg/eclipse/osgi/internal/framework/BundleContextImpl;Ljava/util/Collection;)V 73 <appendix> member <vmtarget> ; # org/eclipse/osgi/internal/framework/BundleContextImpl$$Lambda+0x0000024a1c114f50
instanceKlass org/eclipse/osgi/framework/util/FilePath
instanceKlass sun/nio/ch/FileChannelImpl$Closer
instanceKlass sun/nio/fs/WindowsChannelFactory$Flags
instanceKlass sun/nio/fs/WindowsChannelFactory$1
instanceKlass sun/nio/fs/WindowsChannelFactory
instanceKlass org/eclipse/core/runtime/internal/adaptor/ConsoleManager
instanceKlass org/eclipse/core/runtime/internal/adaptor/DefaultStartupMonitor
instanceKlass org/eclipse/osgi/service/runnable/StartupMonitor
instanceKlass java/lang/Thread$Builder$OfVirtual
instanceKlass java/lang/Thread$Builder$OfPlatform
instanceKlass java/lang/Thread$Builder
instanceKlass org/eclipse/osgi/internal/serviceregistry/ServiceFactoryUse$1
instanceKlass java/util/LinkedList$ListItr
instanceKlass java/util/LinkedList$Node
instanceKlass org/eclipse/osgi/internal/resolver/StateImpl
instanceKlass org/eclipse/osgi/service/resolver/BundleSpecification
instanceKlass org/eclipse/osgi/service/resolver/HostSpecification
instanceKlass org/eclipse/osgi/service/resolver/BundleDescription
instanceKlass org/eclipse/osgi/service/resolver/GenericSpecification
instanceKlass org/eclipse/osgi/service/resolver/GenericDescription
instanceKlass org/eclipse/osgi/service/resolver/ExportPackageDescription
instanceKlass org/eclipse/osgi/service/resolver/ImportPackageSpecification
instanceKlass org/eclipse/osgi/service/resolver/NativeCodeDescription
instanceKlass org/eclipse/osgi/service/resolver/BaseDescription
instanceKlass org/eclipse/osgi/service/resolver/NativeCodeSpecification
instanceKlass org/eclipse/osgi/service/resolver/VersionConstraint
instanceKlass org/eclipse/osgi/internal/resolver/StateObjectFactoryImpl
instanceKlass org/eclipse/osgi/service/resolver/Resolver
instanceKlass org/eclipse/osgi/service/resolver/State
instanceKlass org/eclipse/osgi/service/resolver/StateObjectFactory
instanceKlass org/eclipse/osgi/compatibility/state/PlatformAdminImpl
instanceKlass org/eclipse/osgi/service/resolver/PlatformAdmin
instanceKlass org/eclipse/osgi/compatibility/state/Activator
instanceKlass org/eclipse/osgi/internal/serviceregistry/ServiceConsumer$2
instanceKlass org/eclipse/osgi/internal/serviceregistry/ServiceConsumer$1
instanceKlass org/eclipse/osgi/internal/serviceregistry/ServiceConsumer
instanceKlass org/eclipse/osgi/service/security/TrustEngine
instanceKlass org/eclipse/osgi/internal/signedcontent/SignedContentConstants
instanceKlass org/eclipse/osgi/internal/signedcontent/SignedBundleHook$1
instanceKlass org/eclipse/osgi/internal/framework/XMLParsingServiceFactory
instanceKlass org/eclipse/osgi/storage/BundleLocalizationImpl
instanceKlass org/eclipse/osgi/service/localization/BundleLocalization
instanceKlass org/eclipse/osgi/storage/url/BundleURLConverter
instanceKlass org/eclipse/osgi/service/urlconversion/URLConverter
instanceKlass org/apache/felix/resolver/Logger
instanceKlass org/apache/felix/resolver/ResolutionError
instanceKlass org/apache/felix/resolver/ResolverImpl
instanceKlass org/osgi/service/resolver/Resolver
instanceKlass org/eclipse/osgi/internal/framework/legacy/StartLevelImpl
instanceKlass org/eclipse/osgi/internal/framework/legacy/PackageAdminImpl
instanceKlass org/osgi/service/condition/ConditionImpl
instanceKlass org/osgi/service/condition/Condition
instanceKlass  @bci org/eclipse/equinox/plurl/impl/PlurlImpl add (Ljava/net/ContentHandlerFactory;)V 13 <appendix> argL0 ; # org/eclipse/equinox/plurl/impl/PlurlImpl$$Lambda+0x0000024a1c10fb70
instanceKlass  @bci org/eclipse/equinox/plurl/impl/PlurlImpl$5 getContent ()Ljava/util/function/Consumer; 155 <appendix> member <vmtarget> ; # org/eclipse/equinox/plurl/impl/PlurlImpl$5$$Lambda+0x0000024a1c10f6d8
instanceKlass  @bci org/eclipse/equinox/plurl/impl/PlurlImpl add (Ljava/net/URLStreamHandlerFactory;)V 13 <appendix> argL0 ; # org/eclipse/equinox/plurl/impl/PlurlImpl$$Lambda+0x0000024a1c10f488
instanceKlass org/eclipse/equinox/plurl/impl/PlurlImpl$PlurlFactoryHolder
instanceKlass  @bci org/eclipse/equinox/plurl/impl/PlurlImpl$5 getContent ()Ljava/util/function/Consumer; 141 <appendix> member <vmtarget> ; # org/eclipse/equinox/plurl/impl/PlurlImpl$5$$Lambda+0x0000024a1c10eda0
instanceKlass org/eclipse/osgi/internal/url/ContentHandlerFactoryImpl
instanceKlass org/eclipse/osgi/internal/url/URLStreamHandlerFactoryImpl
instanceKlass org/eclipse/equinox/plurl/impl/PlurlImpl$PlurlContentHandlerFactory
instanceKlass org/eclipse/equinox/plurl/impl/PlurlImpl$LegacyFactory
# instanceKlass java/lang/invoke/LambdaForm$MH+0x0000024a1c108800
# instanceKlass java/lang/invoke/LambdaForm$MH+0x0000024a1c108400
instanceKlass org/eclipse/equinox/plurl/impl/StackWalkerCallStack
instanceKlass org/eclipse/equinox/plurl/impl/URLToHandler
instanceKlass java/net/UrlDeserializedState
instanceKlass java/net/InetAddress
instanceKlass org/eclipse/equinox/plurl/PlurlStreamHandler$PlurlSetter
instanceKlass java/net/ContentHandler
instanceKlass org/eclipse/equinox/plurl/impl/CallStack
instanceKlass org/eclipse/equinox/plurl/impl/PlurlImpl
instanceKlass org/eclipse/osgi/internal/log/ConfigAdminListener
instanceKlass  @bci org/eclipse/osgi/internal/serviceregistry/ServiceRegistry notifyFindHooksPrivileged (Lorg/eclipse/osgi/internal/framework/BundleContextImpl;Ljava/lang/String;Ljava/lang/String;ZLjava/util/Collection;)V 101 <adapter> ; # java/lang/invoke/LambdaForm$MH+0x0000024a1c108000
# instanceKlass java/lang/invoke/LambdaForm$DMH+0x0000024a1c100c00
instanceKlass  @bci org/eclipse/osgi/internal/serviceregistry/ServiceRegistry notifyFindHooksPrivileged (Lorg/eclipse/osgi/internal/framework/BundleContextImpl;Ljava/lang/String;Ljava/lang/String;ZLjava/util/Collection;)V 101 <appendix> form vmentry <vmtarget> ; # java/lang/invoke/LambdaForm$DMH+0x0000024a1c100800
instanceKlass  @bci org/eclipse/osgi/internal/serviceregistry/ServiceRegistry notifyFindHooksPrivileged (Lorg/eclipse/osgi/internal/framework/BundleContextImpl;Ljava/lang/String;Ljava/lang/String;ZLjava/util/Collection;)V 101 <appendix> member <vmtarget> ; # org/eclipse/osgi/internal/serviceregistry/ServiceRegistry$$Lambda+0x0000024a1c101c30
instanceKlass  @cpi org/eclipse/osgi/internal/serviceregistry/ServiceRegistry 1105 form vmentry <vmtarget> ; # java/lang/invoke/LambdaForm$DMH+0x0000024a1c100400
instanceKlass org/eclipse/osgi/internal/serviceregistry/ShrinkableCollection
instanceKlass org/eclipse/osgi/internal/framework/FilterImpl$Parser
instanceKlass org/eclipse/osgi/internal/framework/FilterImpl
instanceKlass org/osgi/util/tracker/AbstractTracked
instanceKlass org/osgi/util/tracker/ServiceTracker
instanceKlass org/eclipse/osgi/internal/log/EventAdminAdapter
instanceKlass org/eclipse/osgi/internal/serviceregistry/ServiceRegistry$2
instanceKlass org/eclipse/osgi/framework/eventmgr/CopyOnWriteIdentityMap$Snapshot$SnapshotIterator
instanceKlass org/eclipse/osgi/framework/eventmgr/ListenerQueue
instanceKlass  @bci org/eclipse/osgi/internal/serviceregistry/ServiceRegistry notifyEventListenerHooksPrivileged (Lorg/osgi/framework/ServiceEvent;Ljava/util/Map;)V 77 <appendix> member <vmtarget> ; # org/eclipse/osgi/internal/serviceregistry/ServiceRegistry$$Lambda+0x0000024a1c1069f8
instanceKlass  @bci org/eclipse/osgi/internal/serviceregistry/ServiceRegistry notifyEventHooksPrivileged (Lorg/osgi/framework/ServiceEvent;Ljava/util/Collection;)V 77 <appendix> member <vmtarget> ; # org/eclipse/osgi/internal/serviceregistry/ServiceRegistry$$Lambda+0x0000024a1c106410
instanceKlass org/eclipse/osgi/framework/eventmgr/CopyOnWriteIdentityMap$Snapshot
instanceKlass org/osgi/framework/PrototypeServiceFactory
instanceKlass org/eclipse/osgi/framework/util/CaseInsensitiveDictionaryMap$CaseInsensitiveKey
instanceKlass org/eclipse/osgi/internal/serviceregistry/ServiceReferenceImpl
instanceKlass org/eclipse/osgi/internal/serviceregistry/ServiceUse
instanceKlass  @bci org/eclipse/osgi/internal/serviceregistry/ServiceRegistry notifyListenerHooksPrivileged (Ljava/util/Collection;Z)V 106 <appendix> form vmentry <vmtarget> ; # java/lang/invoke/LambdaForm$DMH+0x0000024a1c100000
instanceKlass  @bci org/eclipse/osgi/internal/serviceregistry/ServiceRegistry notifyListenerHooksPrivileged (Ljava/util/Collection;Z)V 106 <appendix> member <vmtarget> ; # org/eclipse/osgi/internal/serviceregistry/ServiceRegistry$$Lambda+0x0000024a1c0bda80
instanceKlass  @cpi org/eclipse/osgi/internal/serviceregistry/ServiceRegistry 1128 form vmentry <vmtarget> ; # java/lang/invoke/LambdaForm$DMH+0x0000024a1c0bcc00
instanceKlass org/eclipse/osgi/internal/serviceregistry/HookContext
instanceKlass org/osgi/framework/UnfilteredServiceListener
instanceKlass org/eclipse/osgi/internal/serviceregistry/FilteredServiceListener
instanceKlass org/osgi/framework/hooks/service/ListenerHook$ListenerInfo
instanceKlass org/eclipse/osgi/framework/eventmgr/CopyOnWriteIdentityMap$Entry
instanceKlass org/eclipse/osgi/framework/eventmgr/CopyOnWriteIdentityMap
instanceKlass org/eclipse/osgi/internal/log/OrderedExecutor
instanceKlass org/eclipse/osgi/internal/framework/BundleContextImpl$2
instanceKlass org/osgi/service/startlevel/StartLevel
instanceKlass org/osgi/service/packageadmin/PackageAdmin
instanceKlass org/eclipse/equinox/plurl/PlurlContentHandlerFactory
instanceKlass java/net/ContentHandlerFactory
instanceKlass org/eclipse/equinox/plurl/PlurlStreamHandlerFactory
instanceKlass org/eclipse/equinox/plurl/PlurlFactory
instanceKlass org/eclipse/equinox/plurl/Plurl
instanceKlass org/eclipse/osgi/internal/framework/SystemBundleActivator
instanceKlass org/eclipse/osgi/internal/loader/classpath/TitleVersionVendor
instanceKlass org/eclipse/osgi/internal/loader/classpath/ManifestPackageAttributes
instanceKlass org/eclipse/osgi/internal/loader/classpath/ClasspathEntry$PDEData
instanceKlass org/eclipse/osgi/internal/loader/classpath/ClasspathEntry
instanceKlass org/eclipse/osgi/internal/loader/classpath/FragmentClasspath
instanceKlass org/eclipse/osgi/internal/loader/classpath/ClasspathManager
instanceKlass org/eclipse/osgi/internal/loader/ModuleClassLoader$ClassNameLock$1
instanceKlass org/eclipse/osgi/internal/loader/ModuleClassLoader$ClassNameLock
instanceKlass org/eclipse/osgi/internal/container/KeyBasedLockStore
instanceKlass org/eclipse/osgi/internal/loader/BundleLoaderSources
instanceKlass org/eclipse/osgi/internal/loader/BundleLoader$1
instanceKlass org/eclipse/osgi/internal/loader/sources/PackageSource
instanceKlass java/lang/ApplicationShutdownHooks$1
instanceKlass java/lang/ApplicationShutdownHooks
instanceKlass java/util/concurrent/ForkJoinPool$2
instanceKlass jdk/internal/access/JavaUtilConcurrentFJPAccess
instanceKlass java/util/concurrent/ForkJoinPool$DefaultForkJoinWorkerThreadFactory
instanceKlass java/util/concurrent/ForkJoinPool$WorkQueue
instanceKlass org/eclipse/osgi/internal/framework/StorageSaver$StorageSaverTask
instanceKlass java/util/concurrent/ForkJoinPool$ForkJoinWorkerThreadFactory
instanceKlass org/eclipse/osgi/internal/framework/StorageSaver
instanceKlass java/util/concurrent/Executors$RunnableAdapter
instanceKlass java/util/concurrent/FutureTask$WaitNode
instanceKlass java/util/concurrent/FutureTask
instanceKlass jdk/internal/vm/ThreadContainers
instanceKlass jdk/internal/vm/StackableScope
instanceKlass java/util/concurrent/RunnableScheduledFuture
instanceKlass java/util/concurrent/ScheduledFuture
instanceKlass java/util/concurrent/Delayed
instanceKlass java/util/concurrent/RunnableFuture
instanceKlass java/util/concurrent/Future
instanceKlass java/util/concurrent/ThreadPoolExecutor$AbortPolicy
instanceKlass java/util/concurrent/AbstractExecutorService
instanceKlass java/util/concurrent/ScheduledExecutorService
instanceKlass java/util/concurrent/ExecutorService
instanceKlass java/util/concurrent/Executors
instanceKlass java/util/HashMap$HashMapSpliterator
instanceKlass  @bci java/lang/SecurityManager nonExportedPkgs (Ljava/lang/module/ModuleDescriptor;)Ljava/util/Set; 92 <appendix> member <vmtarget> ; # java/lang/SecurityManager$$Lambda+0x0000024a1c0c6858
instanceKlass  @bci java/lang/SecurityManager nonExportedPkgs (Ljava/lang/module/ModuleDescriptor;)Ljava/util/Set; 76 <appendix> argL0 ; # java/lang/SecurityManager$$Lambda+0x0000024a1c0c6618
instanceKlass  @bci java/lang/SecurityManager nonExportedPkgs (Ljava/lang/module/ModuleDescriptor;)Ljava/util/Set; 66 <appendix> argL0 ; # java/lang/SecurityManager$$Lambda+0x0000024a1c0c63c8
instanceKlass  @bci java/lang/SecurityManager nonExportedPkgs (Ljava/lang/module/ModuleDescriptor;)Ljava/util/Set; 47 <appendix> member <vmtarget> ; # java/lang/SecurityManager$$Lambda+0x0000024a1c0c6190
instanceKlass  @bci java/lang/SecurityManager nonExportedPkgs (Ljava/lang/module/ModuleDescriptor;)Ljava/util/Set; 31 <appendix> argL0 ; # java/lang/SecurityManager$$Lambda+0x0000024a1c0c5f50
instanceKlass  @bci java/lang/SecurityManager nonExportedPkgs (Ljava/lang/module/ModuleDescriptor;)Ljava/util/Set; 21 <appendix> argL0 ; # java/lang/SecurityManager$$Lambda+0x0000024a1c0c5d00
instanceKlass  @cpi com/google/inject/internal/KotlinSupport$KotlinUnsupported 71 form vmentry <vmtarget> ; # java/lang/invoke/LambdaForm$DMH+0x0000024a1c0bc800
instanceKlass  @bci java/lang/SecurityManager addNonExportedPackages (Ljava/lang/ModuleLayer;)V 59 <appendix> argL0 ; # java/lang/SecurityManager$$Lambda+0x0000024a1c0c5ad0
instanceKlass  @cpi org/eclipse/core/internal/net/Policy 113 form vmentry <vmtarget> ; # java/lang/invoke/LambdaForm$DMH+0x0000024a1c0bc400
instanceKlass  @bci java/lang/SecurityManager addNonExportedPackages (Ljava/lang/ModuleLayer;)V 49 <appendix> argL0 ; # java/lang/SecurityManager$$Lambda+0x0000024a1c0c5890
instanceKlass  @bci java/lang/SecurityManager addNonExportedPackages (Ljava/lang/ModuleLayer;)V 39 <appendix> argL0 ; # java/lang/SecurityManager$$Lambda+0x0000024a1c0c5650
instanceKlass  @bci java/lang/SecurityManager addNonExportedPackages (Ljava/lang/ModuleLayer;)V 29 <appendix> member <vmtarget> ; # java/lang/SecurityManager$$Lambda+0x0000024a1c0c53f8
instanceKlass  @cpi java/lang/SecurityManager 518 form vmentry <vmtarget> ; # java/lang/invoke/LambdaForm$DMH+0x0000024a1c0bc000
instanceKlass  @bci java/lang/SecurityManager addNonExportedPackages (Ljava/lang/ModuleLayer;)V 17 <appendix> argL0 ; # java/lang/SecurityManager$$Lambda+0x0000024a1c0c51b8
instanceKlass org/eclipse/osgi/internal/framework/ContextFinder$1
instanceKlass org/osgi/framework/ServiceObjects
instanceKlass org/eclipse/osgi/internal/framework/BundleContextImpl
instanceKlass org/osgi/framework/hooks/weaving/WovenClassListener
instanceKlass org/osgi/framework/hooks/weaving/WeavingHook
instanceKlass org/osgi/framework/hooks/service/FindHook
instanceKlass org/osgi/framework/hooks/service/EventListenerHook
instanceKlass org/osgi/framework/hooks/service/EventHook
instanceKlass org/osgi/framework/hooks/bundle/FindHook
instanceKlass org/osgi/framework/hooks/bundle/EventHook
instanceKlass org/osgi/framework/hooks/bundle/CollisionHook
instanceKlass org/eclipse/osgi/internal/serviceregistry/ServiceRegistry$FrameworkHookHolder
instanceKlass org/osgi/framework/hooks/service/ListenerHook
instanceKlass org/eclipse/osgi/internal/serviceregistry/ServiceRegistrationImpl
instanceKlass org/osgi/framework/ServiceRegistration
instanceKlass org/eclipse/osgi/internal/serviceregistry/ServiceRegistry
instanceKlass org/eclipse/osgi/framework/eventmgr/EventManager
instanceKlass org/eclipse/osgi/internal/framework/EquinoxEventPublisher
# instanceKlass java/lang/invoke/LambdaForm$MH+0x0000024a1c0b5c00
# instanceKlass java/lang/invoke/LambdaForm$MH+0x0000024a1c0b5800
# instanceKlass java/lang/invoke/LambdaForm$MH+0x0000024a1c0b5400
instanceKlass org/eclipse/osgi/storage/bundlefile/BundleEntry
instanceKlass org/eclipse/osgi/container/ModuleDatabase$2
instanceKlass java/util/ArrayList$SubList$1
# instanceKlass java/lang/invoke/LambdaForm$MH+0x0000024a1c0b5000
# instanceKlass java/lang/invoke/LambdaForm$MH+0x0000024a1c0b4c00
# instanceKlass java/lang/invoke/LambdaForm$MH+0x0000024a1c0b4800
instanceKlass  @bci org/eclipse/jdt/internal/core/JrtPackageFragmentRoot$JrtModuleKey hashCode ()I 1 <appendix> argL1 form vmentry <vmtarget> ; # java/lang/invoke/LambdaForm$MH+0x0000024a1c0b4400
instanceKlass  @cpi org/eclipse/core/internal/jobs/JobManager 1509 form vmentry <vmtarget> ; # java/lang/invoke/LambdaForm$DMH+0x0000024a1c0b4000
instanceKlass java/lang/reflect/AnnotatedType
instanceKlass java/lang/reflect/TypeVariable
instanceKlass org/eclipse/osgi/container/ModuleWiring$LoaderInitializer
instanceKlass org/eclipse/osgi/container/ModuleWiring
instanceKlass org/eclipse/osgi/container/ModuleWire
instanceKlass org/osgi/framework/wiring/BundleWire
instanceKlass java/util/Collections$UnmodifiableMap$UnmodifiableEntrySet$UnmodifiableEntry
instanceKlass java/util/Collections$UnmodifiableMap$UnmodifiableEntrySet$1
instanceKlass org/eclipse/osgi/internal/container/Capabilities$NamespaceSet
instanceKlass org/eclipse/osgi/container/ModuleRequirement
instanceKlass org/osgi/framework/wiring/BundleRequirement
instanceKlass org/eclipse/osgi/container/ModuleRevision$2
instanceKlass org/eclipse/osgi/internal/container/NamespaceList$Builder$8
instanceKlass org/eclipse/osgi/container/ModuleCapability
instanceKlass org/osgi/framework/wiring/BundleCapability
instanceKlass org/osgi/resource/Capability
instanceKlass org/eclipse/osgi/internal/container/NamespaceList$3
instanceKlass org/eclipse/osgi/internal/container/NamespaceList$2
instanceKlass org/eclipse/osgi/internal/container/NamespaceList$1
instanceKlass org/eclipse/osgi/internal/container/NamespaceList
instanceKlass org/eclipse/osgi/container/ModuleRevision$1
instanceKlass org/osgi/framework/wiring/BundleWiring
instanceKlass org/osgi/resource/Wiring
instanceKlass org/eclipse/osgi/container/ModuleRevision
instanceKlass org/eclipse/osgi/container/ModuleRevisions
instanceKlass org/osgi/framework/wiring/BundleRevisions
instanceKlass org/lombokweb/asm/Opcodes
instanceKlass org/lombokweb/asm/Handler
instanceKlass lombok/patcher/MethodLogistics
instanceKlass org/lombokweb/asm/Label
instanceKlass org/lombokweb/asm/Type
instanceKlass org/lombokweb/asm/Frame
instanceKlass org/lombokweb/asm/Context
instanceKlass org/lombokweb/asm/Attribute
instanceKlass lombok/patcher/scripts/ExitFromMethodEarlyScript$1
instanceKlass org/lombokweb/asm/ByteVector
instanceKlass org/lombokweb/asm/Symbol
instanceKlass org/lombokweb/asm/SymbolTable
instanceKlass org/lombokweb/asm/FieldVisitor
instanceKlass org/lombokweb/asm/MethodVisitor
instanceKlass org/lombokweb/asm/AnnotationVisitor
instanceKlass org/lombokweb/asm/ModuleVisitor
instanceKlass org/lombokweb/asm/RecordComponentVisitor
instanceKlass org/lombokweb/asm/ClassReader
instanceKlass org/eclipse/osgi/internal/framework/EquinoxBundle
instanceKlass org/eclipse/osgi/internal/container/NamespaceList$Builder$2
instanceKlass org/eclipse/osgi/container/ModuleRevisionBuilder$GenericInfo$1
instanceKlass org/eclipse/osgi/container/ModuleRevisionBuilder$GenericInfo
instanceKlass org/eclipse/osgi/container/ModuleRevisionBuilder
instanceKlass org/osgi/resource/Wire
instanceKlass org/eclipse/osgi/container/ModuleDatabase$Persistence
instanceKlass org/eclipse/osgi/container/ModuleContainer$ContainerStartLevel
instanceKlass org/eclipse/osgi/container/ModuleContainer$ContainerWiring
instanceKlass org/eclipse/osgi/container/ModuleResolver
instanceKlass org/eclipse/osgi/container/ModuleContainer$ResolutionLock
instanceKlass org/eclipse/osgi/internal/container/LockSet
instanceKlass org/osgi/framework/startlevel/FrameworkStartLevel
instanceKlass org/osgi/framework/wiring/FrameworkWiring
instanceKlass org/osgi/resource/Requirement
instanceKlass org/eclipse/osgi/report/resolution/ResolutionReport
instanceKlass org/eclipse/osgi/container/ModuleContainer
instanceKlass org/eclipse/osgi/internal/container/Capabilities
instanceKlass org/eclipse/osgi/container/Module
instanceKlass org/osgi/framework/startlevel/BundleStartLevel
instanceKlass org/eclipse/osgi/container/ModuleDatabase
instanceKlass java/util/concurrent/LinkedBlockingQueue$Node
instanceKlass java/util/concurrent/RejectedExecutionHandler
instanceKlass org/eclipse/osgi/internal/framework/EquinoxContainerAdaptor$1
instanceKlass java/util/concurrent/LinkedTransferQueue$DualNode
instanceKlass java/util/concurrent/TransferQueue
instanceKlass java/util/concurrent/atomic/AtomicReference
instanceKlass org/eclipse/osgi/internal/container/AtomicLazyInitializer
instanceKlass org/eclipse/osgi/internal/framework/OSGiFrameworkHooks$BundleCollisionHook
instanceKlass org/osgi/framework/ServiceReference
instanceKlass org/osgi/framework/hooks/resolver/ResolverHook
instanceKlass org/eclipse/osgi/internal/framework/OSGiFrameworkHooks$CoreResolverHookFactory
instanceKlass org/osgi/framework/hooks/resolver/ResolverHookFactory
instanceKlass org/eclipse/osgi/container/ModuleCollisionHook
instanceKlass org/eclipse/osgi/internal/framework/OSGiFrameworkHooks
instanceKlass org/eclipse/osgi/container/ModuleContainerAdaptor$1
instanceKlass java/util/concurrent/Callable
instanceKlass org/eclipse/osgi/container/ModuleLoader
instanceKlass java/util/concurrent/BlockingQueue
instanceKlass java/util/concurrent/Executor
instanceKlass org/eclipse/osgi/internal/permadmin/SecurityRow
instanceKlass org/eclipse/osgi/internal/permadmin/PermissionAdminTable
instanceKlass org/osgi/service/permissionadmin/PermissionInfo
instanceKlass org/osgi/service/condpermadmin/ConditionalPermissionUpdate
instanceKlass org/osgi/service/condpermadmin/ConditionalPermissionInfo
instanceKlass org/eclipse/osgi/internal/permadmin/SecurityAdmin
instanceKlass org/osgi/service/condpermadmin/ConditionalPermissionAdmin
instanceKlass org/osgi/service/permissionadmin/PermissionAdmin
instanceKlass org/eclipse/osgi/storage/PermissionData
instanceKlass  @bci org/eclipse/osgi/storage/Storage connectPersistentBundles (Ljava/util/List;)V 2 <appendix> member <vmtarget> ; # org/eclipse/osgi/storage/Storage$$Lambda+0x0000024a1c0a0938
instanceKlass  @cpi jdk/internal/jimage/ImageReader$SharedImageReader 503 form vmentry <vmtarget> ; # java/lang/invoke/LambdaForm$DMH+0x0000024a1c0a4000
instanceKlass org/eclipse/osgi/storage/BundleInfo$Generation
instanceKlass org/eclipse/osgi/storage/BundleInfo
instanceKlass org/eclipse/osgi/framework/util/ObjectPool
instanceKlass jdk/internal/util/ByteArray
instanceKlass org/eclipse/osgi/storagemanager/StorageManager$Entry
instanceKlass org/eclipse/osgi/framework/internal/reliablefile/ReliableFile$CacheInfo
instanceKlass java/util/ComparableTimSort
instanceKlass java/lang/Shutdown$Lock
instanceKlass java/lang/Shutdown
instanceKlass java/io/DeleteOnExitHook$1
instanceKlass java/io/DeleteOnExitHook
instanceKlass  @bci org/eclipse/osgi/framework/internal/reliablefile/ReliableFile createTempFile (Ljava/lang/String;Ljava/lang/String;Ljava/io/File;)Ljava/io/File; 61 <appendix> argL0 ; # org/eclipse/osgi/framework/internal/reliablefile/ReliableFile$$Lambda+0x0000024a1c099000
instanceKlass org/eclipse/osgi/framework/internal/reliablefile/ReliableFile
instanceKlass sun/nio/ch/FileKey
instanceKlass sun/nio/ch/FileLockTable
instanceKlass sun/nio/ch/NativeThread
instanceKlass java/nio/channels/FileLock
instanceKlass sun/nio/ch/NativeThreadSet
instanceKlass sun/nio/ch/IOUtil
instanceKlass sun/nio/ch/NativeDispatcher
instanceKlass java/nio/file/attribute/FileAttribute
instanceKlass java/nio/channels/spi/AbstractInterruptibleChannel
instanceKlass java/nio/channels/InterruptibleChannel
instanceKlass java/nio/channels/ScatteringByteChannel
instanceKlass java/nio/channels/GatheringByteChannel
instanceKlass java/nio/channels/SeekableByteChannel
instanceKlass java/nio/channels/ByteChannel
instanceKlass java/nio/channels/WritableByteChannel
instanceKlass java/nio/channels/ReadableByteChannel
instanceKlass java/nio/channels/Channel
instanceKlass org/eclipse/osgi/internal/location/Locker_JavaNio
instanceKlass org/eclipse/osgi/storagemanager/StorageManager
instanceKlass org/eclipse/osgi/storage/FrameworkExtensionInstaller
instanceKlass org/eclipse/osgi/storage/bundlefile/MRUBundleFileList
instanceKlass org/eclipse/osgi/framework/eventmgr/EventDispatcher
instanceKlass org/eclipse/osgi/storage/bundlefile/BundleFile
instanceKlass org/osgi/framework/Filter
instanceKlass org/eclipse/osgi/storage/ContentProvider
instanceKlass org/eclipse/osgi/container/ModuleContainerAdaptor
instanceKlass org/eclipse/osgi/storage/Storage
instanceKlass  @bci org/eclipse/osgi/internal/cds/CDSHookConfigurator addHooks (Lorg/eclipse/osgi/internal/hookregistry/HookRegistry;)V 77 <appendix> argL0 ; # org/eclipse/osgi/internal/cds/CDSHookConfigurator$$Lambda+0x0000024a1c09def8
instanceKlass org/eclipse/osgi/signedcontent/SignedContent
# instanceKlass java/lang/invoke/LambdaForm$DMH+0x0000024a1c098400
instanceKlass java/lang/invoke/MethodHandle$1
instanceKlass org/eclipse/osgi/internal/hookregistry/StorageHookFactory$StorageHook
instanceKlass org/eclipse/osgi/internal/hookregistry/StorageHookFactory
instanceKlass org/osgi/framework/BundleActivator
instanceKlass org/eclipse/osgi/internal/cds/CDSHookConfigurator
instanceKlass org/eclipse/osgi/internal/signedcontent/SignedBundleHook
instanceKlass org/eclipse/osgi/signedcontent/SignedContentFactory
instanceKlass org/eclipse/osgi/internal/hookregistry/ActivatorHookFactory
instanceKlass org/osgi/framework/wiring/BundleRevision
instanceKlass org/osgi/resource/Resource
instanceKlass org/eclipse/osgi/internal/connect/ConnectHookConfigurator
instanceKlass org/eclipse/osgi/internal/hookregistry/HookConfigurator
instanceKlass java/net/URLClassLoader$3$1
instanceKlass java/net/URLClassLoader$3
instanceKlass org/eclipse/osgi/internal/framework/EquinoxContainer$ConnectModules
instanceKlass  @bci org/eclipse/osgi/internal/log/ExtendedLogServiceImpl applyLogLevels (Lorg/eclipse/osgi/internal/log/ExtendedLogServiceFactory$EquinoxLoggerContext;)V 20 <appendix> member <vmtarget> ; # org/eclipse/osgi/internal/log/ExtendedLogServiceImpl$$Lambda+0x0000024a1c097518
instanceKlass  @bci org/eclipse/osgi/internal/log/ExtendedLogServiceImpl applyLogLevels (Lorg/eclipse/osgi/internal/log/ExtendedLogServiceFactory$EquinoxLoggerContext;)V 5 <appendix> member <vmtarget> ; # org/eclipse/osgi/internal/log/ExtendedLogServiceImpl$$Lambda+0x0000024a1c0972e0
instanceKlass  @cpi org/eclipse/lsp4j/jsonrpc/services/ServiceEndpoints 160 form vmentry <vmtarget> ; # java/lang/invoke/LambdaForm$DMH+0x0000024a1c098000
instanceKlass org/eclipse/osgi/internal/log/ExtendedLogServiceFactory$EquinoxLoggerContext
instanceKlass org/eclipse/osgi/internal/log/EquinoxLogFactory$1
instanceKlass org/eclipse/osgi/framework/log/FrameworkLog
instanceKlass org/eclipse/osgi/internal/log/EquinoxLogFactory
instanceKlass org/osgi/service/log/FormatterLogger
instanceKlass org/eclipse/osgi/internal/log/LoggerImpl
instanceKlass org/eclipse/osgi/internal/log/ExtendedLogServiceImpl
instanceKlass org/eclipse/osgi/internal/log/ExtendedLogServiceFactory$EquinoxLoggerAdmin
instanceKlass org/osgi/service/log/admin/LoggerContext
instanceKlass org/eclipse/osgi/internal/log/LoggerContextTargetMap
instanceKlass org/eclipse/osgi/internal/log/LogServiceManager$MockSystemBundle
instanceKlass org/osgi/service/log/admin/LoggerAdmin
instanceKlass org/eclipse/osgi/internal/log/ExtendedLogServiceFactory
instanceKlass org/eclipse/osgi/framework/util/ArrayMap
instanceKlass java/util/concurrent/locks/ReentrantReadWriteLock$WriteLock
instanceKlass java/util/concurrent/locks/ReentrantReadWriteLock$ReadLock
instanceKlass java/util/concurrent/locks/ReentrantReadWriteLock
instanceKlass java/util/concurrent/locks/ReadWriteLock
instanceKlass org/eclipse/osgi/internal/log/ExtendedLogReaderServiceFactory$1
instanceKlass org/osgi/service/log/LogEntry
instanceKlass org/eclipse/osgi/internal/log/ExtendedLogReaderServiceFactory
instanceKlass org/osgi/framework/ServiceFactory
instanceKlass org/eclipse/equinox/log/ExtendedLogReaderService
instanceKlass org/osgi/service/log/LogReaderService
instanceKlass org/eclipse/equinox/log/ExtendedLogService
instanceKlass org/eclipse/equinox/log/Logger
instanceKlass org/osgi/service/log/Logger
instanceKlass org/osgi/service/log/LogService
instanceKlass org/osgi/service/log/LoggerFactory
instanceKlass org/eclipse/osgi/internal/log/LogServiceManager
instanceKlass org/osgi/framework/AllServiceListener
instanceKlass org/osgi/framework/ServiceListener
instanceKlass org/eclipse/osgi/internal/log/EquinoxLogWriter
instanceKlass org/eclipse/equinox/log/LogFilter
instanceKlass org/eclipse/equinox/log/SynchronousLogListener
instanceKlass org/osgi/service/log/LogListener
instanceKlass org/eclipse/osgi/internal/log/EquinoxLogServices
instanceKlass org/eclipse/osgi/util/ManifestElement
instanceKlass org/eclipse/osgi/internal/debug/Debug
instanceKlass org/eclipse/osgi/service/debug/DebugOptionsListener
instanceKlass org/eclipse/osgi/service/debug/DebugTrace
instanceKlass org/eclipse/osgi/internal/debug/FrameworkDebugOptions
instanceKlass org/osgi/util/tracker/ServiceTrackerCustomizer
instanceKlass java/nio/file/FileVisitor
instanceKlass org/eclipse/osgi/storage/StorageUtil
instanceKlass org/eclipse/osgi/internal/location/BasicLocation
instanceKlass org/eclipse/osgi/internal/location/EquinoxLocations
instanceKlass java/util/concurrent/atomic/AtomicBoolean
instanceKlass java/util/UUID
instanceKlass java/util/Random
instanceKlass java/util/random/RandomGenerator
instanceKlass org/eclipse/osgi/internal/container/InternalUtils
instanceKlass org/osgi/framework/Version
instanceKlass org/eclipse/osgi/internal/location/Locker
instanceKlass org/eclipse/osgi/internal/location/LocationHelper
instanceKlass org/eclipse/osgi/internal/framework/EquinoxConfiguration$ConfigValues
instanceKlass org/eclipse/osgi/internal/util/Tokenizer
instanceKlass java/nio/charset/CoderResult
instanceKlass sun/util/logging/PlatformLogger
instanceKlass sun/util/logging/PlatformLogger$ConfigurableBridge$LoggerConfiguration
instanceKlass jdk/internal/logger/BootstrapLogger$RedirectedLoggers
instanceKlass jdk/internal/logger/LazyLoggers$LazyLoggerAccessor
instanceKlass jdk/internal/logger/LazyLoggers$LoggerAccessor
instanceKlass jdk/internal/logger/AbstractLoggerWrapper
instanceKlass java/util/ServiceLoader$ProviderImpl
instanceKlass java/util/ServiceLoader$Provider
instanceKlass java/util/ServiceLoader$1
instanceKlass sun/util/logging/internal/LoggingProviderImpl$LogManagerAccess
instanceKlass java/util/concurrent/CopyOnWriteArrayList$COWIterator
instanceKlass jdk/internal/logger/BootstrapLogger$DetectBackend$1
instanceKlass jdk/internal/logger/BootstrapLogger$DetectBackend
instanceKlass jdk/internal/logger/BootstrapLogger
instanceKlass sun/util/logging/PlatformLogger$ConfigurableBridge
instanceKlass sun/util/logging/PlatformLogger$Bridge
instanceKlass jdk/internal/logger/DefaultLoggerFinder$1
instanceKlass java/lang/System$LoggerFinder
instanceKlass jdk/internal/logger/LazyLoggers$LazyLoggerFactories
instanceKlass jdk/internal/logger/LazyLoggers$1
instanceKlass jdk/internal/logger/LazyLoggers
instanceKlass jdk/internal/event/EventHelper$ThreadTrackHolder
instanceKlass java/net/URLClassLoader$2
instanceKlass org/eclipse/osgi/internal/framework/AliasMapper
instanceKlass org/eclipse/osgi/framework/util/KeyedElement
instanceKlass org/eclipse/osgi/internal/hookregistry/ClassLoaderHook
instanceKlass org/eclipse/osgi/internal/hookregistry/HookRegistry
instanceKlass org/eclipse/osgi/service/datalocation/Location
instanceKlass org/eclipse/osgi/service/debug/DebugOptions
instanceKlass org/eclipse/osgi/internal/framework/EquinoxConfiguration
instanceKlass org/eclipse/osgi/service/environment/EnvironmentInfo
# instanceKlass org/eclipse/osgi/internal/framework/EquinoxContainer$$InjectedInvoker+0x0000024a1c08c400
instanceKlass java/lang/invoke/MethodHandleImpl$BindCaller$InjectedInvokerHolder
instanceKlass java/lang/invoke/MethodHandleImpl$BindCaller
# instanceKlass java/lang/invoke/LambdaForm$MH+0x0000024a1c08c000
# instanceKlass java/lang/invoke/LambdaForm$MH+0x0000024a1c08ac00
instanceKlass java/lang/annotation/Target
instanceKlass java/lang/reflect/Proxy$ProxyBuilder$1
instanceKlass jdk/internal/org/objectweb/asm/Edge
instanceKlass  @bci java/lang/reflect/ProxyGenerator addProxyMethod (Ljava/lang/reflect/Method;Ljava/lang/Class;)V 23 <appendix> argL0 ; # java/lang/reflect/ProxyGenerator$$Lambda+0x0000024a1c032d28
instanceKlass  @bci java/lang/reflect/ProxyGenerator addProxyMethod (Ljava/lang/reflect/ProxyGenerator$ProxyMethod;)V 10 <appendix> argL0 ; # java/lang/reflect/ProxyGenerator$$Lambda+0x0000024a1c032ae8
instanceKlass java/lang/reflect/ProxyGenerator$ProxyMethod
instanceKlass  @bci java/lang/reflect/Proxy getLoader (Ljava/lang/Module;)Ljava/lang/ClassLoader; 6 <appendix> member <vmtarget> ; # java/lang/reflect/Proxy$$Lambda+0x0000024a1c032390
instanceKlass  @bci java/lang/module/ModuleDescriptor$Builder packages (Ljava/util/Set;)Ljava/lang/module/ModuleDescriptor$Builder; 17 <appendix> argL0 ; # java/lang/module/ModuleDescriptor$Builder$$Lambda+0x800000002
instanceKlass java/lang/module/ModuleDescriptor$Builder
instanceKlass  @bci java/lang/reflect/Proxy$ProxyBuilder getDynamicModule (Ljava/lang/ClassLoader;)Ljava/lang/Module; 4 <appendix> argL0 ; # java/lang/reflect/Proxy$ProxyBuilder$$Lambda+0x0000024a1c031f50
instanceKlass java/lang/PublicMethods
instanceKlass java/lang/reflect/Proxy$ProxyBuilder
instanceKlass  @bci java/lang/reflect/Proxy getProxyConstructor (Ljava/lang/Class;Ljava/lang/ClassLoader;[Ljava/lang/Class;)Ljava/lang/reflect/Constructor; 35 <appendix> argL0 ; # java/lang/reflect/Proxy$$Lambda+0x0000024a1c0316b8
instanceKlass java/lang/reflect/Proxy
instanceKlass sun/reflect/annotation/AnnotationInvocationHandler
instanceKlass java/lang/reflect/InvocationHandler
instanceKlass sun/reflect/annotation/AnnotationParser$1
instanceKlass sun/reflect/annotation/ExceptionProxy
instanceKlass java/lang/annotation/Inherited
instanceKlass java/lang/annotation/Retention
instanceKlass sun/reflect/annotation/AnnotationType$1
instanceKlass sun/reflect/annotation/AnnotationType
instanceKlass java/lang/reflect/GenericArrayType
instanceKlass sun/reflect/generics/visitor/Reifier
instanceKlass sun/reflect/generics/visitor/TypeTreeVisitor
instanceKlass sun/reflect/generics/factory/CoreReflectionFactory
instanceKlass sun/reflect/generics/factory/GenericsFactory
instanceKlass sun/reflect/generics/scope/AbstractScope
instanceKlass sun/reflect/generics/scope/Scope
instanceKlass sun/reflect/generics/tree/ClassTypeSignature
instanceKlass sun/reflect/generics/tree/SimpleClassTypeSignature
instanceKlass sun/reflect/generics/tree/FieldTypeSignature
instanceKlass sun/reflect/generics/tree/BaseType
instanceKlass sun/reflect/generics/tree/TypeSignature
instanceKlass sun/reflect/generics/tree/ReturnType
instanceKlass sun/reflect/generics/tree/TypeArgument
instanceKlass sun/reflect/generics/tree/TypeTree
instanceKlass sun/reflect/generics/tree/Tree
instanceKlass sun/reflect/generics/parser/SignatureParser
instanceKlass org/eclipse/osgi/framework/util/SecureAction$1
instanceKlass org/eclipse/osgi/framework/util/SecureAction
instanceKlass org/eclipse/osgi/internal/framework/EquinoxContainer
instanceKlass org/eclipse/osgi/launch/Equinox
# instanceKlass java/lang/invoke/LambdaForm$MH+0x0000024a1c08a800
# instanceKlass java/lang/invoke/LambdaForm$MH+0x0000024a1c08a400
# instanceKlass java/lang/invoke/LambdaForm$MH+0x0000024a1c08a000
instanceKlass org/eclipse/core/runtime/adaptor/EclipseStarter$InitialBundle
instanceKlass java/util/EventObject
instanceKlass org/osgi/framework/BundleContext
instanceKlass org/osgi/framework/BundleReference
instanceKlass org/eclipse/core/runtime/adaptor/EclipseStarter$StartupEventListener
instanceKlass org/osgi/framework/FrameworkListener
instanceKlass org/osgi/framework/SynchronousBundleListener
instanceKlass java/util/concurrent/Semaphore
instanceKlass org/osgi/framework/launch/Framework
instanceKlass org/osgi/framework/Bundle
instanceKlass org/osgi/framework/BundleListener
instanceKlass java/util/EventListener
instanceKlass org/eclipse/equinox/plurl/PlurlStreamHandler
instanceKlass org/eclipse/core/runtime/adaptor/EclipseStarter
instanceKlass  @bci java/io/FilePermissionCollection add (Ljava/security/Permission;)V 68 <appendix> argL0 ; # java/io/FilePermissionCollection$$Lambda+0x0000024a1c02b6c0
instanceKlass sun/security/util/SecurityProperties
instanceKlass sun/security/util/FilePermCompat
instanceKlass java/io/FilePermission$1
instanceKlass jdk/internal/access/JavaIOFilePermissionAccess
instanceKlass java/net/URLClassLoader$1
instanceKlass  @bci org/eclipse/equinox/launcher/Main basicRun ([Ljava/lang/String;)V 162 <appendix> argL0 ; # org/eclipse/equinox/launcher/Main$$Lambda+0x0000024a1c084b88
instanceKlass java/nio/file/FileStore
instanceKlass sun/nio/fs/WindowsSecurity
instanceKlass sun/nio/fs/AbstractAclFileAttributeView
instanceKlass java/nio/file/attribute/AclFileAttributeView
instanceKlass java/nio/file/attribute/FileOwnerAttributeView
instanceKlass sun/nio/fs/WindowsLinkSupport
instanceKlass sun/nio/fs/WindowsFileSystemProvider$1
instanceKlass org/eclipse/equinox/launcher/JNIBridge
instanceKlass  @bci java/util/stream/MatchOps makeRef (Ljava/util/function/Predicate;Ljava/util/stream/MatchOps$MatchKind;)Ljava/util/stream/TerminalOp; 20 <appendix> member <vmtarget> ; # java/util/stream/MatchOps$$Lambda+0x0000024a1c028e10
instanceKlass java/util/stream/MatchOps$BooleanTerminalSink
instanceKlass java/util/stream/MatchOps$MatchOp
instanceKlass java/util/stream/MatchOps
instanceKlass  @bci org/eclipse/equinox/launcher/Main extractFromJAR (Ljava/lang/String;Ljava/lang/String;)Ljava/lang/String; 146 <appendix> member <vmtarget> ; # org/eclipse/equinox/launcher/Main$$Lambda+0x0000024a1c0846e0
instanceKlass java/util/AbstractList$RandomAccessSpliterator
instanceKlass  @bci org/eclipse/equinox/launcher/Main getLibraryFromFragment (Ljava/lang/String;Ljava/lang/String;)Ljava/lang/String; 96 <appendix> argL0 ; # org/eclipse/equinox/launcher/Main$$Lambda+0x0000024a1c084490
instanceKlass  @bci org/eclipse/equinox/launcher/Main getLibraryFromFragment (Ljava/lang/String;Ljava/lang/String;)Ljava/lang/String; 86 <appendix> argL0 ; # org/eclipse/equinox/launcher/Main$$Lambda+0x0000024a1c084250
instanceKlass  @bci java/util/zip/ZipFile stream ()Ljava/util/stream/Stream; 25 <appendix> member <vmtarget> ; # java/util/zip/ZipFile$$Lambda+0x0000024a1c0280a8
instanceKlass java/util/Spliterators$AbstractSpliterator
instanceKlass  @bci java/util/stream/StreamSpliterators$WrappingSpliterator initPartialTraversalState ()V 37 <appendix> member <vmtarget> ; # java/util/stream/StreamSpliterators$WrappingSpliterator$$Lambda+0x0000024a1c027e80
instanceKlass java/util/function/BooleanSupplier
instanceKlass java/util/stream/Sink$ChainedInt
instanceKlass java/util/stream/Sink$OfInt
instanceKlass java/util/function/IntConsumer
instanceKlass  @bci java/util/stream/StreamSpliterators$WrappingSpliterator initPartialTraversalState ()V 24 <appendix> member <vmtarget> ; # java/util/stream/StreamSpliterators$WrappingSpliterator$$Lambda+0x0000024a1c026ea0
instanceKlass java/util/stream/StreamSpliterators
instanceKlass  @bci org/eclipse/equinox/launcher/Main getLibraryPath (Ljava/lang/String;Ljava/util/List;)Ljava/lang/String; 190 <appendix> argL0 ; # org/eclipse/equinox/launcher/Main$$Lambda+0x0000024a1c084000
instanceKlass  @bci org/eclipse/equinox/launcher/Main getLibraryPath (Ljava/lang/String;Ljava/util/List;)Ljava/lang/String; 180 <appendix> member <vmtarget> ; # org/eclipse/equinox/launcher/Main$$Lambda+0x0000024a1c01bcc0
instanceKlass java/util/stream/Stream$Builder
instanceKlass java/util/stream/Streams$AbstractStreamBuilderImpl
instanceKlass java/util/stream/Streams$2
instanceKlass java/util/stream/Streams
instanceKlass java/util/stream/StreamSpliterators$AbstractWrappingSpliterator
instanceKlass  @bci java/util/stream/AbstractPipeline spliterator ()Ljava/util/Spliterator; 103 <appendix> member <vmtarget> ; # java/util/stream/AbstractPipeline$$Lambda+0x0000024a1c025f20
instanceKlass java/util/stream/Streams$ConcatSpliterator
instanceKlass  @bci org/eclipse/equinox/launcher/Main getLibraryPath (Ljava/lang/String;Ljava/util/List;)Ljava/lang/String; 143 <appendix> argL0 ; # org/eclipse/equinox/launcher/Main$$Lambda+0x0000024a1c01ba80
instanceKlass  @bci org/eclipse/equinox/launcher/Main getLibraryPath (Ljava/lang/String;Ljava/util/List;)Ljava/lang/String; 133 <appendix> member <vmtarget> ; # org/eclipse/equinox/launcher/Main$$Lambda+0x0000024a1c01b858
instanceKlass  @cpi org/eclipse/equinox/launcher/Main 2078 form vmentry <vmtarget> ; # java/lang/invoke/LambdaForm$DMH+0x0000024a1c082c00
instanceKlass  @bci org/eclipse/equinox/launcher/Main getLibraryPath (Ljava/lang/String;Ljava/util/List;)Ljava/lang/String; 117 <appendix> member <vmtarget> ; # org/eclipse/equinox/launcher/Main$$Lambda+0x0000024a1c01b610
instanceKlass java/util/function/IntUnaryOperator
instanceKlass java/util/stream/Streams$RangeIntSpliterator
instanceKlass java/util/stream/IntStream
instanceKlass  @bci org/eclipse/m2e/core/internal/MavenPluginActivator getUserAgent ()Ljava/lang/String; 47 <appendix> form vmentry <vmtarget> ; # java/lang/invoke/LambdaForm$MH+0x0000024a1c082800
# instanceKlass java/lang/invoke/LambdaForm$MH+0x0000024a1c082400
instanceKlass  @bci org/eclipse/m2e/core/internal/MavenPluginActivator getUserAgent ()Ljava/lang/String; 47 <appendix> argL3 form vmentry <vmtarget> ; # java/lang/invoke/LambdaForm$MH+0x0000024a1c082000
# instanceKlass java/lang/invoke/LambdaForm$MH+0x0000024a1c081c00
# instanceKlass java/lang/invoke/LambdaForm$MH+0x0000024a1c081800
# instanceKlass java/lang/invoke/LambdaForm$MH+0x0000024a1c081400
# instanceKlass java/lang/invoke/LambdaForm$MH+0x0000024a1c081000
instanceKlass  @bci org/eclipse/m2e/core/internal/MavenPluginActivator getUserAgent ()Ljava/lang/String; 47 <appendix> argL1 form vmentry <vmtarget> ; # java/lang/invoke/LambdaForm$MH+0x0000024a1c080c00
# instanceKlass java/lang/invoke/LambdaForm$MH+0x0000024a1c080800
# instanceKlass java/lang/invoke/LambdaForm$MH+0x0000024a1c080400
# instanceKlass java/lang/invoke/LambdaForm$MH+0x0000024a1c080000
instanceKlass java/io/RandomAccessFile$1
instanceKlass  @bci org/eclipse/m2e/core/project/LocalProjectScanner readMavenProjectInfo (Ljava/io/File;Ljava/lang/String;Lorg/eclipse/m2e/core/project/MavenProjectInfo;)Lorg/eclipse/m2e/core/project/MavenProjectInfo; 55 <appendix> form vmentry <vmtarget> ; # java/lang/invoke/LambdaForm$MH+0x0000024a1c01fc00
instanceKlass java/lang/invoke/LambdaFormEditor$1
# instanceKlass java/lang/invoke/LambdaForm$MH+0x0000024a1c01f800
instanceKlass  @bci org/eclipse/m2e/core/project/LocalProjectScanner readMavenProjectInfo (Ljava/io/File;Ljava/lang/String;Lorg/eclipse/m2e/core/project/MavenProjectInfo;)Lorg/eclipse/m2e/core/project/MavenProjectInfo; 55 <appendix> argL3 form vmentry <vmtarget> ; # java/lang/invoke/LambdaForm$MH+0x0000024a1c01f400
# instanceKlass java/lang/invoke/LambdaForm$MH+0x0000024a1c01f000
# instanceKlass java/lang/invoke/LambdaForm$MH+0x0000024a1c01ec00
# instanceKlass java/lang/invoke/LambdaForm$MH+0x0000024a1c01e800
# instanceKlass java/lang/invoke/LambdaForm$MH+0x0000024a1c01e400
instanceKlass  @bci org/eclipse/m2e/core/project/LocalProjectScanner readMavenProjectInfo (Ljava/io/File;Ljava/lang/String;Lorg/eclipse/m2e/core/project/MavenProjectInfo;)Lorg/eclipse/m2e/core/project/MavenProjectInfo; 55 <appendix> argL1 form vmentry <vmtarget> ; # java/lang/invoke/LambdaForm$MH+0x0000024a1c01e000
# instanceKlass java/lang/invoke/LambdaForm$MH+0x0000024a1c01dc00
# instanceKlass java/lang/invoke/LambdaForm$MH+0x0000024a1c01d800
# instanceKlass java/lang/invoke/LambdaForm$MH+0x0000024a1c01d400
instanceKlass  @bci org/eclipse/equinox/launcher/Main searchFor (Ljava/lang/String;Ljava/lang/String;)Ljava/lang/String; 95 <appendix> member <vmtarget> ; # org/eclipse/equinox/launcher/Main$$Lambda+0x0000024a1c01b3c8
instanceKlass  @bci org/eclipse/equinox/launcher/Main findMax (Ljava/lang/String;Ljava/util/List;)Ljava/util/Optional; 34 <appendix> argL0 ; # org/eclipse/equinox/launcher/Main$$Lambda+0x0000024a1c01b188
instanceKlass java/util/stream/ReduceOps$2ReducingSink
instanceKlass  @bci java/util/function/BinaryOperator maxBy (Ljava/util/Comparator;)Ljava/util/function/BinaryOperator; 6 <appendix> member <vmtarget> ; # java/util/function/BinaryOperator$$Lambda+0x0000024a1c0231c8
instanceKlass  @bci java/util/Comparator comparing (Ljava/util/function/Function;Ljava/util/Comparator;)Ljava/util/Comparator; 12 <appendix> member <vmtarget> ; # java/util/Comparator$$Lambda+0x0000024a1c022f28
instanceKlass  @cpi java/util/Comparator 256 form vmentry <vmtarget> ; # java/lang/invoke/LambdaForm$DMH+0x0000024a1c01d000
instanceKlass  @bci java/util/Comparator comparing (Ljava/util/function/Function;)Ljava/util/Comparator; 6 <appendix> member <vmtarget> ; # java/util/Comparator$$Lambda+0x0000024a1c022c88
instanceKlass  @bci org/eclipse/equinox/launcher/Main$Identifier <clinit> ()V 34 <appendix> argL0 ; # org/eclipse/equinox/launcher/Main$Identifier$$Lambda+0x0000024a1c01af48
instanceKlass  @bci org/eclipse/equinox/launcher/Main$Identifier <clinit> ()V 18 <appendix> argL0 ; # org/eclipse/equinox/launcher/Main$Identifier$$Lambda+0x0000024a1c01ad28
instanceKlass  @bci java/util/Comparator thenComparing (Ljava/util/Comparator;)Ljava/util/Comparator; 7 <appendix> member <vmtarget> ; # java/util/Comparator$$Lambda+0x0000024a1c0229e8
instanceKlass  @cpi java/util/Comparator 251 form vmentry <vmtarget> ; # java/lang/invoke/LambdaForm$DMH+0x0000024a1c01cc00
instanceKlass  @bci org/eclipse/equinox/launcher/Main$Identifier <clinit> ()V 8 <appendix> argL0 ; # org/eclipse/equinox/launcher/Main$Identifier$$Lambda+0x0000024a1c01ab08
instanceKlass  @bci java/util/Comparator comparingInt (Ljava/util/function/ToIntFunction;)Ljava/util/Comparator; 6 <appendix> member <vmtarget> ; # java/util/Comparator$$Lambda+0x0000024a1c022748
instanceKlass  @bci java/lang/invoke/BootstrapMethodInvoker invoke (Ljava/lang/Class;Ljava/lang/invoke/MethodHandle;Ljava/lang/String;Ljava/lang/Object;Ljava/lang/Object;Ljava/lang/Class;)Ljava/lang/Object; 462 <adapter> ; # java/lang/invoke/LambdaForm$MH+0x0000024a1c01c800
instanceKlass  @cpi java/util/Comparator 259 form vmentry <vmtarget> ; # java/lang/invoke/LambdaForm$DMH+0x0000024a1c01c400
instanceKlass  @bci org/eclipse/equinox/launcher/Main$Identifier <clinit> ()V 0 <appendix> argL0 ; # org/eclipse/equinox/launcher/Main$Identifier$$Lambda+0x0000024a1c01a8e8
instanceKlass java/util/function/ToIntFunction
instanceKlass  @bci org/eclipse/equinox/launcher/Main findMax (Ljava/lang/String;Ljava/util/List;)Ljava/util/Optional; 18 <appendix> argL0 ; # org/eclipse/equinox/launcher/Main$$Lambda+0x0000024a1c01a6a8
instanceKlass  @cpi org/eclipse/jdt/ls/core/internal/managers/MavenProjectImporter 740 form vmentry <vmtarget> ; # java/lang/invoke/LambdaForm$DMH+0x0000024a1c01c000
instanceKlass  @bci org/eclipse/equinox/launcher/Main findMax (Ljava/lang/String;Ljava/util/List;)Ljava/util/Optional; 8 <appendix> member <vmtarget> ; # org/eclipse/equinox/launcher/Main$$Lambda+0x0000024a1c01a250
instanceKlass java/util/ArrayList$ArrayListSpliterator
instanceKlass  @bci org/eclipse/m2e/jdt/internal/BuildPathManager getContainerStateFile (Lorg/eclipse/core/resources/IProject;)Ljava/io/File; 14 <appendix> form vmentry <vmtarget> ; # java/lang/invoke/LambdaForm$MH+0x0000024a1c019c00
instanceKlass java/util/stream/AbstractSpinedBuffer
instanceKlass java/util/stream/Node$Builder
instanceKlass java/util/stream/Node$OfDouble
instanceKlass java/util/stream/Node$OfLong
instanceKlass java/util/stream/Node$OfInt
instanceKlass java/util/stream/Node$OfPrimitive
instanceKlass java/util/stream/Nodes$EmptyNode
instanceKlass java/util/stream/Node
instanceKlass java/util/stream/Nodes
instanceKlass  @bci java/util/stream/ReferencePipeline toArray ()[Ljava/lang/Object; 1 <appendix> argL0 ; # java/util/stream/ReferencePipeline$$Lambda+0x0000024a1c0218c8
instanceKlass java/util/ImmutableCollections$Access$1
instanceKlass jdk/internal/access/JavaUtilCollectionAccess
instanceKlass java/util/ImmutableCollections$Access
instanceKlass  @bci org/eclipse/equinox/launcher/Main getArrayFromList (Ljava/lang/String;)Ljava/util/List; 32 <appendix> argL0 ; # org/eclipse/equinox/launcher/Main$$Lambda+0x0000024a1c01a000
instanceKlass  @bci org/eclipse/equinox/launcher/Main getArrayFromList (Ljava/lang/String;)Ljava/util/List; 22 <appendix> argL0 ; # org/eclipse/equinox/launcher/Main$$Lambda+0x0000024a1c015d00
instanceKlass java/util/regex/Pattern$1MatcherIterator
instanceKlass sun/net/www/MimeEntry
instanceKlass java/util/Hashtable$Enumerator
instanceKlass java/util/Collections$SynchronizedCollection
instanceKlass java/util/Properties$EntrySet
instanceKlass sun/net/www/MimeTable$DefaultInstanceHolder$1
instanceKlass sun/net/www/MimeTable$DefaultInstanceHolder
instanceKlass sun/net/www/MimeTable$2
instanceKlass sun/net/www/MimeTable$1
instanceKlass sun/net/www/MimeTable
instanceKlass java/net/URLConnection$1
instanceKlass java/net/FileNameMap
instanceKlass  @bci org/eclipse/equinox/launcher/Main getInstallLocation ()Ljava/net/URL; 287 <appendix> form vmentry <vmtarget> ; # java/lang/invoke/LambdaForm$MH+0x0000024a1c019800
# instanceKlass java/lang/invoke/LambdaForm$MH+0x0000024a1c019400
instanceKlass  @bci org/eclipse/equinox/launcher/Main getInstallLocation ()Ljava/net/URL; 287 <appendix> argL3 form vmentry <vmtarget> ; # java/lang/invoke/LambdaForm$MH+0x0000024a1c019000
# instanceKlass java/lang/invoke/LambdaForm$MH+0x0000024a1c018c00
# instanceKlass java/lang/invoke/LambdaForm$MH+0x0000024a1c018800
# instanceKlass java/lang/invoke/LambdaForm$MH+0x0000024a1c018400
# instanceKlass java/lang/invoke/LambdaForm$MH+0x0000024a1c018000
instanceKlass  @bci org/eclipse/equinox/launcher/Main getInstallLocation ()Ljava/net/URL; 287 <appendix> argL1 form vmentry <vmtarget> ; # java/lang/invoke/LambdaForm$MH+0x0000024a1c017c00
instanceKlass  @bci org/eclipse/m2e/core/project/LocalProjectScanner readMavenProjectInfo (Ljava/io/File;Ljava/lang/String;Lorg/eclipse/m2e/core/project/MavenProjectInfo;)Lorg/eclipse/m2e/core/project/MavenProjectInfo; 55 <appendix> argL1 argL0 form vmentry <vmtarget> ; # java/lang/invoke/LambdaForm$MH+0x0000024a1c017800
# instanceKlass java/lang/invoke/LambdaForm$MH+0x0000024a1c017400
instanceKlass  @bci org/eclipse/jdt/ls/core/internal/managers/ProgressiveProjectReporter reportNewProjects ()V 146 <appendix> argL1 form vmentry <vmtarget> ; # java/lang/invoke/LambdaForm$MH+0x0000024a1c017000
# instanceKlass java/lang/invoke/LambdaForm$MH+0x0000024a1c016c00
# instanceKlass java/lang/invoke/LambdaForm$MH+0x0000024a1c016800
instanceKlass java/lang/Long$LongCache
# instanceKlass java/lang/invoke/LambdaForm$MH+0x0000024a1c016400
instanceKlass java/util/Collections$3
instanceKlass jdk/internal/loader/URLClassPath$1
instanceKlass java/lang/CompoundEnumeration
instanceKlass jdk/internal/loader/BuiltinClassLoader$1
instanceKlass java/util/Collections$EmptyEnumeration
instanceKlass java/util/ServiceLoader$3
instanceKlass java/util/ServiceLoader$2
instanceKlass java/util/ServiceLoader$LazyClassPathLookupIterator
instanceKlass java/util/Spliterators$1Adapter
instanceKlass java/util/Spliterators$ArraySpliterator
instanceKlass java/util/ServiceLoader$ModuleServicesLookupIterator
instanceKlass java/util/ServiceLoader
instanceKlass java/net/spi/URLStreamHandlerProvider
instanceKlass java/net/URL$1
instanceKlass java/net/URL$2
instanceKlass java/net/URL$ThreadTrackHolder
instanceKlass  @bci org/eclipse/equinox/launcher/Main basicRun ([Ljava/lang/String;)V 29 <appendix> argL0 ; # org/eclipse/equinox/launcher/Main$$Lambda+0x0000024a1c015ae0
instanceKlass java/util/function/IntFunction
instanceKlass  @bci org/eclipse/equinox/launcher/Main processCommandLine (Ljava/util/List;)Ljava/util/List; 832 <appendix> argL0 ; # org/eclipse/equinox/launcher/Main$$Lambda+0x0000024a1c0158b0
instanceKlass  @cpi com/google/inject/spi/BindingSourceRestriction 254 form vmentry <vmtarget> ; # java/lang/invoke/LambdaForm$DMH+0x0000024a1c016000
instanceKlass  @bci java/util/ArrayDeque copyElements (Ljava/util/Collection;)V 2 <appendix> member <vmtarget> ; # java/util/ArrayDeque$$Lambda+0x0000024a1c07ef20
instanceKlass java/lang/Thread$ThreadNumbering
instanceKlass java/nio/file/attribute/PosixFilePermissions
instanceKlass java/security/Policy
instanceKlass jdk/internal/misc/PreviewFeatures
instanceKlass jdk/internal/misc/MainMethodFinder
instanceKlass org/eclipse/equinox/launcher/Main
instanceKlass sun/security/util/ManifestEntryVerifier$SunProviderHolder
instanceKlass java/util/Base64$Encoder
instanceKlass java/util/Base64$Decoder
instanceKlass java/util/Base64
instanceKlass javax/crypto/SecretKey
instanceKlass sun/security/util/Length
instanceKlass sun/security/util/KeyUtil
instanceKlass java/security/interfaces/XECKey
instanceKlass java/security/interfaces/ECKey
instanceKlass sun/security/util/JarConstraintsParameters
instanceKlass sun/security/util/ConstraintsParameters
instanceKlass java/security/CodeSigner
instanceKlass java/security/Timestamp
instanceKlass sun/security/timestamp/TimestampToken
instanceKlass java/security/cert/CertPath
# instanceKlass java/lang/invoke/LambdaForm$MH+0x0000024a1c014c00
instanceKlass java/math/MutableBigInteger
instanceKlass sun/security/rsa/RSAPadding
instanceKlass sun/security/rsa/RSACore
instanceKlass java/security/interfaces/RSAPrivateCrtKey
instanceKlass sun/security/pkcs/PKCS8Key
instanceKlass sun/security/util/InternalPrivateKey
instanceKlass java/security/interfaces/RSAPrivateKey
instanceKlass java/security/PrivateKey
instanceKlass javax/security/auth/Destroyable
instanceKlass jdk/internal/icu/util/CodePointTrie$Data
instanceKlass jdk/internal/icu/util/CodePointMap
instanceKlass jdk/internal/icu/util/VersionInfo
instanceKlass  @bci jdk/internal/module/SystemModuleFinders$SystemModuleReader open (Ljava/lang/String;)Ljava/util/Optional; 6 <appendix> member <vmtarget> ; # jdk/internal/module/SystemModuleFinders$SystemModuleReader$$Lambda+0x0000024a1c076f30
instanceKlass jdk/internal/jimage/decompressor/ZipDecompressor
instanceKlass jdk/internal/jimage/decompressor/ResourceDecompressor
instanceKlass jdk/internal/jimage/decompressor/ResourceDecompressorFactory
instanceKlass jdk/internal/jimage/decompressor/ResourceDecompressorRepository
instanceKlass jdk/internal/jimage/decompressor/CompressedResourceHeader
instanceKlass  @bci jdk/internal/jimage/BasicImageReader getResourceBuffer (Ljdk/internal/jimage/ImageLocation;)Ljava/nio/ByteBuffer; 168 <appendix> member <vmtarget> ; # jdk/internal/jimage/BasicImageReader$$Lambda+0x0000024a1c075e70
instanceKlass jdk/internal/jimage/decompressor/ResourceDecompressor$StringsProvider
instanceKlass java/util/TimSort
instanceKlass java/util/Arrays$LegacyMergeSort
instanceKlass java/util/AbstractMap$SimpleEntry
instanceKlass jdk/internal/jimage/ImageBufferCache$2
instanceKlass jdk/internal/jimage/ImageBufferCache
instanceKlass jdk/internal/module/Checks
instanceKlass jdk/internal/icu/impl/ICUBinary$1
instanceKlass jdk/internal/icu/impl/ICUBinary
instanceKlass jdk/internal/icu/impl/NormalizerImpl$IsAcceptable
instanceKlass jdk/internal/icu/impl/ICUBinary$Authenticate
instanceKlass jdk/internal/icu/impl/NormalizerImpl
instanceKlass jdk/internal/icu/impl/Norm2AllModes$Norm2AllModesSingleton
instanceKlass jdk/internal/icu/impl/Norm2AllModes$NFKCSingleton
instanceKlass jdk/internal/icu/impl/Norm2AllModes
instanceKlass jdk/internal/icu/text/Normalizer2
instanceKlass jdk/internal/icu/text/NormalizerBase$ModeImpl
instanceKlass jdk/internal/icu/text/NormalizerBase$NFKDModeImpl
instanceKlass jdk/internal/icu/text/NormalizerBase$1
instanceKlass jdk/internal/icu/text/NormalizerBase$Mode
instanceKlass jdk/internal/icu/text/NormalizerBase
instanceKlass java/text/Normalizer
instanceKlass sun/security/x509/AVAKeyword
instanceKlass java/util/StringJoiner
instanceKlass sun/security/jca/ServiceId
instanceKlass java/security/Signature$1
instanceKlass jdk/internal/access/JavaSecuritySignatureAccess
instanceKlass java/security/SignatureSpi
instanceKlass sun/security/util/SignatureUtil
instanceKlass java/lang/invoke/VarHandle$AccessDescriptor
instanceKlass sun/security/provider/ByteArrayAccess$BE
instanceKlass sun/security/provider/ByteArrayAccess
instanceKlass sun/security/util/MessageDigestSpi2
instanceKlass java/security/MessageDigestSpi
instanceKlass sun/security/pkcs/SigningCertificateInfo$ESSCertId
instanceKlass sun/security/pkcs/SigningCertificateInfo
instanceKlass sun/security/pkcs/PKCS9Attribute
instanceKlass sun/security/pkcs/PKCS9Attributes
instanceKlass java/time/Instant
instanceKlass java/time/zone/ZoneOffsetTransition
instanceKlass java/time/LocalTime
instanceKlass java/time/temporal/ValueRange
instanceKlass java/time/Duration
instanceKlass java/time/temporal/TemporalAmount
instanceKlass java/time/temporal/TemporalUnit
instanceKlass java/time/temporal/TemporalField
instanceKlass java/time/LocalDate
instanceKlass java/time/chrono/ChronoLocalDate
instanceKlass java/time/ZonedDateTime
instanceKlass java/time/chrono/ChronoZonedDateTime
instanceKlass java/time/LocalDateTime
instanceKlass java/time/chrono/ChronoLocalDateTime
instanceKlass java/time/temporal/Temporal
instanceKlass java/time/zone/ZoneOffsetTransitionRule
instanceKlass java/time/zone/ZoneRules
instanceKlass  @bci java/time/ZoneOffset ofTotalSeconds (I)Ljava/time/ZoneOffset; 37 <appendix> argL0 ; # java/time/ZoneOffset$$Lambda+0x80000000c
instanceKlass java/time/temporal/TemporalAdjuster
instanceKlass java/time/temporal/TemporalAccessor
instanceKlass java/time/ZoneId
instanceKlass  @bci java/util/regex/CharPredicates ASCII_DIGIT ()Ljava/util/regex/Pattern$BmpCharPredicate; 0 <appendix> argL0 ; # java/util/regex/CharPredicates$$Lambda+0x800000025
instanceKlass  @bci java/util/regex/CharPredicates ASCII_SPACE ()Ljava/util/regex/Pattern$BmpCharPredicate; 0 <appendix> argL0 ; # java/util/regex/CharPredicates$$Lambda+0x800000026
instanceKlass java/util/regex/CharPredicates
instanceKlass sun/security/util/DisabledAlgorithmConstraints$Constraints$Holder
instanceKlass sun/security/util/DisabledAlgorithmConstraints$Constraint
instanceKlass java/util/StringTokenizer
instanceKlass java/security/spec/ECFieldF2m
instanceKlass java/security/spec/ECParameterSpec
instanceKlass java/security/spec/ECPoint
instanceKlass java/security/spec/EllipticCurve
instanceKlass java/security/spec/ECFieldFp
instanceKlass java/security/spec/ECField
instanceKlass sun/security/util/CurveDB
instanceKlass sun/security/util/DisabledAlgorithmConstraints$Constraints
instanceKlass java/util/TreeMap$PrivateEntryIterator
instanceKlass java/util/NavigableSet
instanceKlass java/util/SortedSet
instanceKlass sun/security/util/AbstractAlgorithmConstraints$1
instanceKlass sun/security/util/AlgorithmDecomposer
instanceKlass sun/security/util/DisabledAlgorithmConstraints$JarHolder
instanceKlass  @bci java/util/regex/Pattern DOT ()Ljava/util/regex/Pattern$CharPredicate; 0 <appendix> argL0 ; # java/util/regex/Pattern$$Lambda+0x0000024a1c068548
instanceKlass java/util/regex/ASCII
instanceKlass sun/security/util/AbstractAlgorithmConstraints
instanceKlass java/security/AlgorithmConstraints
instanceKlass sun/security/pkcs/SignerInfo
instanceKlass java/security/cert/PolicyQualifierInfo
instanceKlass sun/security/x509/CertificatePolicyId
instanceKlass sun/security/x509/PolicyInformation
instanceKlass sun/security/x509/DistributionPoint
instanceKlass sun/security/x509/DNSName
instanceKlass sun/security/x509/URIName
instanceKlass sun/security/x509/GeneralName
instanceKlass sun/security/x509/AccessDescription
instanceKlass sun/security/x509/GeneralNames
instanceKlass java/lang/invoke/VarForm
instanceKlass java/lang/invoke/VarHandleGuards
instanceKlass java/lang/invoke/VarHandles
instanceKlass java/lang/System$Logger
instanceKlass jdk/internal/event/EventHelper
instanceKlass sun/security/jca/JCAUtil
instanceKlass sun/security/util/MemoryCache$CacheEntry
instanceKlass sun/security/x509/KeyIdentifier
instanceKlass java/util/TreeMap$Entry
# instanceKlass java/lang/invoke/LambdaForm$MH+0x0000024a1c014800
instanceKlass sun/security/x509/OIDMap$OIDInfo
instanceKlass sun/security/x509/PKIXExtensions
instanceKlass sun/security/x509/OIDMap
instanceKlass sun/security/x509/Extension
instanceKlass java/security/cert/Extension
instanceKlass java/util/Collections$SynchronizedMap
instanceKlass java/util/NavigableMap
instanceKlass java/util/SortedMap
instanceKlass sun/security/x509/CertificateExtensions
instanceKlass sun/security/rsa/RSAUtil
instanceKlass java/security/interfaces/RSAPublicKey
instanceKlass java/security/interfaces/RSAKey
instanceKlass java/security/spec/PSSParameterSpec
instanceKlass java/security/spec/AlgorithmParameterSpec
instanceKlass java/security/spec/RSAPrivateKeySpec
instanceKlass java/security/spec/RSAPublicKeySpec
instanceKlass java/security/KeyFactorySpi
instanceKlass sun/security/rsa/SunRsaSignEntries
instanceKlass sun/security/jca/ProviderList$ServiceList$1
instanceKlass java/security/KeyFactory
instanceKlass  @bci java/security/spec/EncodedKeySpec <clinit> ()V 0 <appendix> argL0 ; # java/security/spec/EncodedKeySpec$$Lambda+0x0000024a1c05eb40
instanceKlass  @cpi org/eclipse/aether/internal/impl/synccontext/named/NamedLockFactoryAdapterFactoryImpl 350 form vmentry <vmtarget> ; # java/lang/invoke/LambdaForm$DMH+0x0000024a1c014400
instanceKlass jdk/internal/access/JavaSecuritySpecAccess
instanceKlass java/security/spec/EncodedKeySpec
instanceKlass java/security/spec/KeySpec
instanceKlass sun/security/util/BitArray
instanceKlass sun/security/x509/X509Key
instanceKlass java/security/PublicKey
instanceKlass java/security/Key
instanceKlass sun/security/x509/CertificateX509Key
instanceKlass java/util/Date
instanceKlass sun/util/calendar/CalendarUtils
instanceKlass sun/util/calendar/CalendarDate
instanceKlass sun/util/calendar/CalendarSystem$GregorianHolder
instanceKlass sun/util/calendar/CalendarSystem
instanceKlass sun/security/x509/CertificateValidity
instanceKlass sun/security/x509/AVA
instanceKlass sun/security/x509/RDN
instanceKlass javax/security/auth/x500/X500Principal
instanceKlass  @bci sun/security/x509/X500Name <clinit> ()V 153 <appendix> argL0 ; # sun/security/x509/X500Name$$Lambda+0x0000024a1c05c638
instanceKlass sun/security/x509/X500Name
instanceKlass sun/security/x509/GeneralNameInterface
instanceKlass sun/security/x509/CertificateAlgorithmId
instanceKlass sun/security/x509/SerialNumber
instanceKlass sun/security/x509/CertificateSerialNumber
instanceKlass sun/security/x509/CertificateVersion
instanceKlass sun/security/x509/X509CertInfo
instanceKlass sun/security/util/Cache$EqualByteArray
instanceKlass java/security/cert/X509Extension
instanceKlass java/lang/Byte$ByteCache
instanceKlass  @bci sun/security/util/DerInputStream seeOptionalContextSpecific (I)Z 2 <appendix> member <vmtarget> ; # sun/security/util/DerInputStream$$Lambda+0x0000024a1c059f68
instanceKlass  @cpi sun/security/util/DerInputStream 295 form vmentry <vmtarget> ; # java/lang/invoke/LambdaForm$DMH+0x0000024a1c014000
instanceKlass sun/security/jca/GetInstance$Instance
instanceKlass sun/security/util/Cache
instanceKlass jdk/internal/event/Event
instanceKlass sun/security/jca/GetInstance
instanceKlass java/security/cert/CertificateFactorySpi
instanceKlass java/security/cert/CertificateFactory
instanceKlass sun/security/x509/AlgorithmId
instanceKlass sun/security/util/ByteArrayTagOrder
instanceKlass sun/security/util/ByteArrayLexOrder
instanceKlass sun/security/util/DerValue
instanceKlass sun/security/util/ObjectIdentifier
instanceKlass sun/security/pkcs/ContentInfo
instanceKlass sun/security/util/DerEncoder
instanceKlass sun/security/util/DerInputStream
instanceKlass sun/security/pkcs/PKCS7
instanceKlass java/util/Collections$EmptyIterator
instanceKlass java/util/LinkedHashMap$LinkedHashIterator
instanceKlass sun/security/util/SecurityProviderConstants
instanceKlass java/security/Provider$UString
instanceKlass java/security/Provider$Service
instanceKlass sun/security/provider/NativePRNG$NonBlocking
instanceKlass sun/security/provider/NativePRNG$Blocking
instanceKlass sun/security/provider/NativePRNG
instanceKlass sun/security/provider/SunEntries$1
instanceKlass sun/security/provider/SunEntries
instanceKlass sun/security/util/SecurityConstants
instanceKlass java/security/Security$1
instanceKlass jdk/internal/access/JavaSecurityPropertiesAccess
instanceKlass java/util/concurrent/ConcurrentHashMap$MapEntry
instanceKlass java/io/FileInputStream$1
instanceKlass java/util/Properties$LineReader
instanceKlass  @bci java/security/Security <clinit> ()V 9 <appendix> argL0 ; # java/security/Security$$Lambda+0x80000000b
instanceKlass java/security/Security
instanceKlass sun/security/jca/ProviderList$2
instanceKlass jdk/internal/math/FloatingDecimal$ASCIIToBinaryBuffer
instanceKlass jdk/internal/math/FloatingDecimal$PreparedASCIIToBinaryBuffer
instanceKlass jdk/internal/math/FloatingDecimal$ASCIIToBinaryConverter
instanceKlass jdk/internal/math/FloatingDecimal$BinaryToASCIIBuffer
instanceKlass jdk/internal/math/FloatingDecimal$ExceptionalBinaryToASCIIBuffer
instanceKlass jdk/internal/math/FloatingDecimal$BinaryToASCIIConverter
instanceKlass jdk/internal/math/FloatingDecimal
instanceKlass javax/security/auth/login/Configuration$Parameters
instanceKlass java/security/Policy$Parameters
instanceKlass java/security/cert/CertStoreParameters
instanceKlass java/security/SecureRandomParameters
instanceKlass java/security/Provider$EngineDescription
instanceKlass java/security/Provider$ServiceKey
instanceKlass sun/security/jca/ProviderConfig
instanceKlass sun/security/jca/ProviderList
instanceKlass sun/security/jca/Providers
instanceKlass  @bci sun/security/util/ManifestDigester <init> ([B)V 350 <appendix> argL0 ; # sun/security/util/ManifestDigester$$Lambda+0x0000024a1c04d980
instanceKlass sun/security/util/ManifestDigester$Section
instanceKlass sun/security/util/ManifestDigester$Entry
instanceKlass sun/security/util/ManifestDigester$Position
instanceKlass sun/security/util/ManifestDigester
instanceKlass sun/security/util/ManifestEntryVerifier
instanceKlass jdk/internal/misc/ThreadTracker
instanceKlass java/util/jar/JarFile$ThreadTrackHolder
instanceKlass java/util/jar/JarVerifier
instanceKlass sun/nio/cs/ArrayDecoder
instanceKlass java/nio/charset/CharsetDecoder
instanceKlass sun/launcher/LauncherHelper
instanceKlass lombok/patcher/scripts/ScriptBuilder$SetSymbolDuringMethodCallBuilder
instanceKlass lombok/patcher/scripts/ScriptBuilder$ReplaceMethodCallBuilder
instanceKlass lombok/eclipse/agent/EclipsePatcher$4
instanceKlass lombok/eclipse/agent/EclipsePatcher$3
instanceKlass lombok/patcher/scripts/ScriptBuilder$WrapMethodCallBuilder
instanceKlass lombok/patcher/ScriptManager$WitnessAction
instanceKlass lombok/patcher/scripts/ScriptBuilder$WrapReturnValueBuilder
instanceKlass lombok/patcher/ClassRootFinder
instanceKlass lombok/patcher/scripts/ScriptBuilder$AddFieldBuilder
instanceKlass java/util/Collections$1
instanceKlass lombok/patcher/PatchScript$MethodPatcherFactory
instanceKlass org/lombokweb/asm/ClassVisitor
instanceKlass lombok/patcher/Hook
instanceKlass  @bci java/util/regex/Pattern negate (Ljava/util/regex/Pattern$CharPredicate;)Ljava/util/regex/Pattern$CharPredicate; 1 <appendix> member <vmtarget> ; # java/util/regex/Pattern$$Lambda+0x800000031
instanceKlass java/util/regex/Pattern$BitClass
instanceKlass lombok/patcher/MethodTarget
instanceKlass lombok/patcher/scripts/ScriptBuilder$ExitEarlyBuilder
instanceKlass lombok/patcher/scripts/ScriptBuilder
instanceKlass lombok/eclipse/agent/EclipseLoaderPatcher
instanceKlass lombok/eclipse/agent/EclipsePatcher$2
instanceKlass lombok/eclipse/agent/EclipsePatcher$1
# instanceKlass java/lang/invoke/LambdaForm$MH+0x0000024a1c00d800
# instanceKlass java/lang/invoke/LambdaForm$MH+0x0000024a1c00d400
# instanceKlass java/lang/invoke/LambdaForm$MH+0x0000024a1c00d000
# instanceKlass java/lang/invoke/LambdaForm$MH+0x0000024a1c00cc00
# instanceKlass java/lang/invoke/LambdaForm$BMH+0x0000024a1c00c800
# instanceKlass java/lang/invoke/LambdaForm$DMH+0x0000024a1c00c400
# instanceKlass java/lang/invoke/LambdaForm$DMH+0x0000024a1c00c000
instanceKlass java/lang/instrument/ClassDefinition
instanceKlass lombok/patcher/ScriptManager$OurClassFileTransformer
instanceKlass lombok/patcher/Filter$1
instanceKlass lombok/patcher/TransplantMapper$1
instanceKlass java/lang/instrument/ClassFileTransformer
instanceKlass lombok/patcher/ScriptManager
instanceKlass lombok/patcher/TransplantMapper
instanceKlass lombok/patcher/Filter
instanceKlass lombok/patcher/PatchScript
instanceKlass lombok/patcher/TargetMatcher
instanceKlass lombok/eclipse/agent/EclipsePatcher
instanceKlass lombok/core/AgentLauncher$AgentLaunchable
# instanceKlass java/lang/invoke/LambdaForm$MH+0x0000024a1c008c00
# instanceKlass java/lang/invoke/LambdaForm$MH+0x0000024a1c008800
# instanceKlass java/lang/invoke/LambdaForm$MH+0x0000024a1c008400
# instanceKlass java/lang/invoke/LambdaForm$MH+0x0000024a1c008000
# instanceKlass java/lang/invoke/LambdaForm$DMH+0x0000024a1c007c00
# instanceKlass java/lang/invoke/LambdaForm$DMH+0x0000024a1c007800
# instanceKlass java/lang/invoke/LambdaForm$DMH+0x0000024a1c007400
instanceKlass java/lang/ClassValue$Version
instanceKlass java/lang/ClassValue$Identity
instanceKlass java/lang/ClassValue
instanceKlass java/lang/invoke/MethodHandleImpl$ArrayAccessor
instanceKlass java/lang/invoke/MethodHandleImpl$LoopClauses
instanceKlass java/lang/invoke/MethodHandleImpl$CasesHolder
# instanceKlass java/lang/invoke/LambdaForm$MH+0x0000024a1c007000
instanceKlass  @cpi com/google/inject/spi/BindingSourceRestriction$PermitMapConstruction 106 form vmentry <vmtarget> ; # java/lang/invoke/LambdaForm$DMH+0x0000024a1c006c00
# instanceKlass java/lang/invoke/LambdaForm$MH+0x0000024a1c006800
# instanceKlass java/lang/invoke/LambdaForm$MH+0x0000024a1c006400
# instanceKlass java/lang/invoke/LambdaForm$MH+0x0000024a1c006000
# instanceKlass java/lang/invoke/LambdaForm$BMH+0x0000024a1c005c00
# instanceKlass java/lang/invoke/LambdaForm$DMH+0x0000024a1c005800
# instanceKlass java/lang/invoke/LambdaForm$MH+0x0000024a1c005400
# instanceKlass java/lang/invoke/LambdaForm$DMH+0x0000024a1c005000
instanceKlass java/lang/invoke/ClassSpecializer$Factory$1Var
instanceKlass java/lang/invoke/MethodHandles$1
# instanceKlass java/lang/invoke/LambdaForm$DMH+0x0000024a1c004c00
instanceKlass sun/invoke/util/ValueConversions$1
instanceKlass sun/invoke/util/ValueConversions$WrapperCache
# instanceKlass java/lang/invoke/LambdaForm$DMH+0x0000024a1c004800
instanceKlass jdk/internal/foreign/MemorySessionImpl
instanceKlass java/lang/foreign/MemorySegment$Scope
instanceKlass lombok/core/AgentLauncher$AgentInfo
instanceKlass lombok/core/AgentLauncher
instanceKlass java/util/IdentityHashMap$IdentityHashMapIterator
instanceKlass lombok/launch/ClassFileMetaData
instanceKlass sun/net/www/MessageHeader
instanceKlass sun/net/www/protocol/jar/JarFileFactory
instanceKlass sun/net/www/protocol/jar/URLJarFile$URLJarFileCloseController
instanceKlass java/net/URLConnection
instanceKlass java/util/zip/ZipFile$ZipEntryIterator
instanceKlass java/util/WeakHashMap$HashIterator
instanceKlass java/net/URLDecoder
instanceKlass java/util/regex/IntHashSet
instanceKlass java/util/regex/Matcher
instanceKlass java/util/regex/MatchResult
instanceKlass java/util/regex/Pattern$TreeInfo
instanceKlass  @bci java/util/regex/Pattern Single (I)Ljava/util/regex/Pattern$BmpCharPredicate; 1 <appendix> member <vmtarget> ; # java/util/regex/Pattern$$Lambda+0x800000029
instanceKlass java/util/regex/Pattern$BmpCharPredicate
instanceKlass java/util/regex/Pattern$CharPredicate
instanceKlass java/util/regex/Pattern$Node
instanceKlass java/util/regex/Pattern
instanceKlass jdk/internal/jimage/ImageLocation
instanceKlass jdk/internal/jimage/decompressor/Decompressor
instanceKlass jdk/internal/jimage/ImageStringsReader
instanceKlass jdk/internal/jimage/ImageStrings
instanceKlass jdk/internal/jimage/ImageHeader
instanceKlass jdk/internal/jimage/NativeImageBuffer$1
instanceKlass jdk/internal/jimage/NativeImageBuffer
instanceKlass jdk/internal/jimage/BasicImageReader$1
instanceKlass jdk/internal/jimage/BasicImageReader
instanceKlass jdk/internal/jimage/ImageReader
instanceKlass jdk/internal/jimage/ImageReaderFactory$1
instanceKlass java/net/URI$Parser
instanceKlass java/nio/file/FileSystems$DefaultFileSystemHolder$1
instanceKlass java/nio/file/FileSystems$DefaultFileSystemHolder
instanceKlass java/nio/file/FileSystems
instanceKlass java/nio/file/Paths
instanceKlass jdk/internal/jimage/ImageReaderFactory
instanceKlass jdk/internal/module/SystemModuleFinders$SystemImage
instanceKlass jdk/internal/module/SystemModuleFinders$SystemModuleReader
instanceKlass java/lang/module/ModuleReader
instanceKlass jdk/internal/loader/BuiltinClassLoader$5
instanceKlass jdk/internal/loader/BuiltinClassLoader$2
instanceKlass jdk/internal/module/Resources
instanceKlass java/util/Arrays$ArrayItr
instanceKlass lombok/launch/PackageShader
instanceKlass java/io/Reader
instanceKlass java/lang/Readable
instanceKlass lombok/launch/Main
instanceKlass  @bci jdk/internal/reflect/DirectMethodHandleAccessor invokeImpl (Ljava/lang/Object;[Ljava/lang/Object;Ljava/lang/Class;)Ljava/lang/Object; 136 <adapter> ; # java/lang/invoke/LambdaForm$MH+0x0000024a1c002c00
# instanceKlass java/lang/invoke/LambdaForm$MH+0x0000024a1c002800
# instanceKlass java/lang/invoke/LambdaForm$MH+0x0000024a1c002400
# instanceKlass java/lang/invoke/LambdaForm$MH+0x0000024a1c002000
instanceKlass  @bci org/eclipse/jdt/ls/core/internal/managers/BasicFileDetector isExcluded (Ljava/nio/file/Path;)Z 63 <appendix> form vmentry <vmtarget> ; # java/lang/invoke/LambdaForm$MH+0x0000024a1c001c00
# instanceKlass java/lang/invoke/LambdaForm$MH+0x0000024a1c001800
instanceKlass sun/instrument/InstrumentationImpl$1
instanceKlass lombok/launch/Agent
instanceKlass java/security/SecureClassLoader$DebugHolder
instanceKlass java/security/Permission
instanceKlass java/security/Guard
instanceKlass java/security/PermissionCollection
instanceKlass java/security/SecureClassLoader$1
instanceKlass java/util/zip/Checksum$1
instanceKlass java/util/zip/CRC32
instanceKlass java/util/zip/Checksum
instanceKlass sun/nio/ByteBuffered
instanceKlass java/lang/Package$VersionInfo
instanceKlass java/lang/NamedPackage
instanceKlass java/util/jar/Attributes$Name
instanceKlass java/util/jar/Attributes
instanceKlass jdk/internal/loader/Resource
instanceKlass sun/security/action/GetIntegerAction
instanceKlass sun/security/util/Debug
instanceKlass sun/security/util/SignatureFileVerifier
instanceKlass java/util/zip/ZipFile$InflaterCleanupAction
instanceKlass java/util/zip/Inflater$InflaterZStreamRef
instanceKlass java/util/zip/Inflater
instanceKlass java/util/zip/ZipEntry
instanceKlass java/util/zip/ZipFile$2
instanceKlass java/nio/Bits$1
instanceKlass jdk/internal/misc/VM$BufferPool
instanceKlass java/nio/Bits
instanceKlass sun/nio/ch/DirectBuffer
instanceKlass jdk/internal/perf/PerfCounter$CoreCounters
instanceKlass jdk/internal/perf/Perf
instanceKlass jdk/internal/perf/Perf$GetPerfAction
instanceKlass jdk/internal/perf/PerfCounter
instanceKlass sun/util/locale/LocaleObjectCache
instanceKlass sun/util/locale/BaseLocale$Key
instanceKlass sun/util/locale/LocaleUtils
instanceKlass sun/util/locale/BaseLocale
instanceKlass java/util/Locale
instanceKlass java/nio/file/attribute/FileTime
instanceKlass java/lang/StringCoding
instanceKlass java/util/zip/ZipUtils
instanceKlass java/util/zip/ZipFile$Source$End
instanceKlass java/io/RandomAccessFile$2
instanceKlass jdk/internal/access/JavaIORandomAccessFileAccess
instanceKlass java/io/RandomAccessFile
instanceKlass java/io/DataInput
instanceKlass java/io/DataOutput
instanceKlass sun/nio/fs/WindowsNativeDispatcher$CompletionStatus
instanceKlass sun/nio/fs/WindowsNativeDispatcher$AclInformation
instanceKlass sun/nio/fs/WindowsNativeDispatcher$Account
instanceKlass sun/nio/fs/WindowsNativeDispatcher$DiskFreeSpace
instanceKlass sun/nio/fs/WindowsNativeDispatcher$VolumeInformation
instanceKlass sun/nio/fs/WindowsNativeDispatcher$FirstStream
instanceKlass sun/nio/fs/WindowsNativeDispatcher$FirstFile
instanceKlass java/util/Enumeration
instanceKlass java/util/concurrent/ConcurrentHashMap$Traverser
instanceKlass sun/nio/fs/WindowsNativeDispatcher
instanceKlass sun/nio/fs/NativeBuffer$Deallocator
instanceKlass sun/nio/fs/NativeBuffer
instanceKlass java/lang/ThreadLocal$ThreadLocalMap
instanceKlass java/lang/ThreadLocal
instanceKlass sun/nio/fs/NativeBuffers
instanceKlass sun/nio/fs/WindowsFileAttributes
instanceKlass java/nio/file/attribute/DosFileAttributes
instanceKlass sun/nio/fs/AbstractBasicFileAttributeView
instanceKlass sun/nio/fs/DynamicFileAttributeView
instanceKlass sun/nio/fs/WindowsFileAttributeViews
instanceKlass sun/nio/fs/Util
instanceKlass java/nio/file/attribute/BasicFileAttributeView
instanceKlass java/nio/file/attribute/FileAttributeView
instanceKlass java/nio/file/attribute/AttributeView
instanceKlass java/nio/file/Files
instanceKlass java/nio/file/CopyOption
instanceKlass java/nio/file/attribute/BasicFileAttributes
instanceKlass sun/nio/fs/WindowsPath
instanceKlass java/util/zip/ZipFile$Source$Key
instanceKlass sun/nio/fs/WindowsPathParser$Result
instanceKlass java/util/concurrent/ForkJoinPool$ManagedBlocker
instanceKlass sun/nio/fs/WindowsPathParser
instanceKlass java/util/concurrent/locks/AbstractQueuedSynchronizer$Node
instanceKlass java/nio/file/FileSystem
instanceKlass java/nio/file/OpenOption
instanceKlass java/nio/file/spi/FileSystemProvider
instanceKlass sun/nio/fs/DefaultFileSystemProvider
instanceKlass java/util/zip/ZipFile$Source
instanceKlass java/lang/ref/Cleaner$Cleanable
instanceKlass jdk/internal/ref/CleanerImpl
instanceKlass java/lang/ref/Cleaner$1
instanceKlass java/lang/ref/Cleaner
instanceKlass jdk/internal/ref/CleanerFactory$1
instanceKlass java/util/concurrent/ThreadFactory
instanceKlass jdk/internal/ref/CleanerFactory
instanceKlass java/util/zip/ZipCoder
instanceKlass java/util/zip/ZipFile$CleanableResource
instanceKlass java/lang/Runtime$Version
instanceKlass java/util/jar/JavaUtilJarAccessImpl
instanceKlass jdk/internal/access/JavaUtilJarAccess
instanceKlass jdk/internal/loader/FileURLMapper
instanceKlass jdk/internal/loader/URLClassPath$JarLoader$1
instanceKlass java/util/zip/ZipFile$1
instanceKlass jdk/internal/access/JavaUtilZipFileAccess
instanceKlass java/util/zip/ZipFile
instanceKlass java/util/zip/ZipConstants
instanceKlass jdk/internal/loader/URLClassPath$Loader
instanceKlass jdk/internal/loader/URLClassPath$3
instanceKlass java/security/PrivilegedExceptionAction
instanceKlass sun/net/util/URLUtil
instanceKlass sun/instrument/TransformerManager$TransformerInfo
instanceKlass sun/instrument/TransformerManager
instanceKlass jdk/internal/loader/NativeLibraries$3
instanceKlass jdk/internal/loader/NativeLibrary
instanceKlass java/util/ArrayDeque$DeqIterator
instanceKlass jdk/internal/loader/NativeLibraries$NativeLibraryContext$1
instanceKlass jdk/internal/loader/NativeLibraries$NativeLibraryContext
instanceKlass jdk/internal/loader/NativeLibraries$2
instanceKlass jdk/internal/loader/NativeLibraries$1
instanceKlass jdk/internal/loader/NativeLibraries$LibraryPaths
instanceKlass  @bci sun/instrument/InstrumentationImpl <clinit> ()V 16 <appendix> argL0 ; # sun/instrument/InstrumentationImpl$$Lambda+0x0000024a1c042df0
instanceKlass sun/instrument/InstrumentationImpl
instanceKlass java/lang/instrument/Instrumentation
instanceKlass java/lang/invoke/StringConcatFactory
instanceKlass jdk/internal/module/ModuleBootstrap$SafeModuleFinder
instanceKlass  @bci java/lang/WeakPairMap computeIfAbsent (Ljava/lang/Object;Ljava/lang/Object;Ljava/util/function/BiFunction;)Ljava/lang/Object; 18 <appendix> member <vmtarget> ; # java/lang/WeakPairMap$$Lambda+0x0000024a1c042678
instanceKlass  @bci java/lang/Module implAddExportsOrOpens (Ljava/lang/String;Ljava/lang/Module;ZZ)V 145 <appendix> argL0 ; # java/lang/Module$$Lambda+0x0000024a1c041d20
instanceKlass  @bci jdk/internal/module/ModuleBootstrap decode (Ljava/lang/String;Ljava/lang/String;Z)Ljava/util/Map; 193 <appendix> argL0 ; # jdk/internal/module/ModuleBootstrap$$Lambda+0x0000024a1c041ae0
instanceKlass java/lang/ModuleLayer$Controller
instanceKlass java/util/concurrent/CopyOnWriteArrayList
instanceKlass jdk/internal/module/ServicesCatalog$ServiceProvider
instanceKlass jdk/internal/loader/AbstractClassLoaderValue$Memoizer
instanceKlass jdk/internal/module/ModuleLoaderMap$Modules
instanceKlass jdk/internal/module/ModuleLoaderMap$Mapper
instanceKlass jdk/internal/module/ModuleLoaderMap
instanceKlass java/lang/module/ResolvedModule
instanceKlass java/util/Collections$UnmodifiableCollection$1
instanceKlass java/util/SequencedMap
instanceKlass java/util/SequencedSet
instanceKlass java/lang/ModuleLayer
instanceKlass java/util/ImmutableCollections$ListItr
instanceKlass java/util/ListIterator
instanceKlass java/lang/module/ModuleFinder$1
instanceKlass java/nio/file/Path
instanceKlass java/nio/file/Watchable
instanceKlass java/lang/module/Resolver
instanceKlass java/lang/module/Configuration
instanceKlass java/util/stream/ForEachOps$ForEachOp
instanceKlass java/util/stream/ForEachOps
instanceKlass  @bci jdk/internal/module/ModuleBootstrap boot2 ()Ljava/lang/ModuleLayer; 791 <appendix> member <vmtarget> ; # jdk/internal/module/ModuleBootstrap$$Lambda+0x0000024a1c0410b0
instanceKlass  @cpi org/eclipse/jdt/ls/core/internal/managers/GradleBuildSupport 1422 form vmentry <vmtarget> ; # java/lang/invoke/LambdaForm$DMH+0x0000024a1c000c00
instanceKlass  @bci jdk/internal/module/ModuleBootstrap boot2 ()Ljava/lang/ModuleLayer; 779 <appendix> member <vmtarget> ; # jdk/internal/module/ModuleBootstrap$$Lambda+0x0000024a1c040e58
instanceKlass  @bci jdk/internal/module/ModuleBootstrap boot2 ()Ljava/lang/ModuleLayer; 767 <appendix> argL0 ; # jdk/internal/module/ModuleBootstrap$$Lambda+0x0000024a1c040c18
instanceKlass  @bci jdk/internal/module/ModuleBootstrap boot2 ()Ljava/lang/ModuleLayer; 757 <appendix> argL0 ; # jdk/internal/module/ModuleBootstrap$$Lambda+0x0000024a1c0409d8
instanceKlass  @bci java/util/stream/FindOps$FindSink$OfRef <clinit> ()V 43 <appendix> argL0 ; # java/util/stream/FindOps$FindSink$OfRef$$Lambda+0x800000048
instanceKlass  @bci java/util/stream/FindOps$FindSink$OfRef <clinit> ()V 38 <appendix> argL0 ; # java/util/stream/FindOps$FindSink$OfRef$$Lambda+0x80000004a
instanceKlass  @bci java/util/stream/FindOps$FindSink$OfRef <clinit> ()V 16 <appendix> argL0 ; # java/util/stream/FindOps$FindSink$OfRef$$Lambda+0x800000049
instanceKlass  @bci java/util/stream/FindOps$FindSink$OfRef <clinit> ()V 11 <appendix> argL0 ; # java/util/stream/FindOps$FindSink$OfRef$$Lambda+0x80000004b
instanceKlass java/util/stream/FindOps$FindOp
instanceKlass java/util/stream/FindOps$FindSink
instanceKlass java/util/stream/FindOps
instanceKlass  @bci jdk/internal/module/DefaultRoots exportsAPI (Ljava/lang/module/ModuleDescriptor;)Z 9 <appendix> argL0 ; # jdk/internal/module/DefaultRoots$$Lambda+0x800000051
instanceKlass java/util/stream/Sink$ChainedReference
instanceKlass java/util/stream/ReduceOps$AccumulatingSink
instanceKlass java/util/stream/TerminalSink
instanceKlass java/util/stream/Sink
instanceKlass java/util/function/Consumer
instanceKlass java/util/stream/ReduceOps$Box
instanceKlass java/util/stream/ReduceOps$ReduceOp
instanceKlass java/util/stream/TerminalOp
instanceKlass java/util/stream/ReduceOps
instanceKlass  @bci java/util/stream/Collectors castingIdentity ()Ljava/util/function/Function; 0 <appendix> argL0 ; # java/util/stream/Collectors$$Lambda+0x800000042
instanceKlass  @bci java/util/stream/Collectors toSet ()Ljava/util/stream/Collector; 14 <appendix> argL0 ; # java/util/stream/Collectors$$Lambda+0x800000040
instanceKlass java/util/function/BinaryOperator
instanceKlass  @bci java/util/stream/Collectors toSet ()Ljava/util/stream/Collector; 9 <appendix> argL0 ; # java/util/stream/Collectors$$Lambda+0x800000039
instanceKlass java/util/function/BiConsumer
instanceKlass  @bci java/util/stream/Collectors toSet ()Ljava/util/stream/Collector; 4 <appendix> argL0 ; # java/util/stream/Collectors$$Lambda+0x800000045
instanceKlass java/util/stream/Collector
instanceKlass java/util/Collections$UnmodifiableCollection
instanceKlass java/util/stream/Collectors
instanceKlass  @bci jdk/internal/module/DefaultRoots compute (Ljava/lang/module/ModuleFinder;Ljava/lang/module/ModuleFinder;)Ljava/util/Set; 42 <appendix> argL0 ; # jdk/internal/module/DefaultRoots$$Lambda+0x80000004e
instanceKlass  @bci jdk/internal/module/DefaultRoots compute (Ljava/lang/module/ModuleFinder;Ljava/lang/module/ModuleFinder;)Ljava/util/Set; 32 <appendix> member <vmtarget> ; # jdk/internal/module/DefaultRoots$$Lambda+0x800000052
instanceKlass  @bci jdk/internal/module/DefaultRoots compute (Ljava/lang/module/ModuleFinder;Ljava/lang/module/ModuleFinder;)Ljava/util/Set; 21 <appendix> argL0 ; # jdk/internal/module/DefaultRoots$$Lambda+0x80000004f
instanceKlass  @bci jdk/internal/misc/ExtendedMapMode <clinit> ()V 0 <appendix> form vmentry <vmtarget> ; # java/lang/invoke/LambdaForm$MH+0x0000024a1c000800
instanceKlass  @bci jdk/internal/module/DefaultRoots compute (Ljava/lang/module/ModuleFinder;Ljava/lang/module/ModuleFinder;)Ljava/util/Set; 11 <appendix> argL0 ; # jdk/internal/module/DefaultRoots$$Lambda+0x800000050
instanceKlass java/lang/invoke/LambdaProxyClassArchive
instanceKlass java/lang/invoke/InfoFromMemberName
instanceKlass java/lang/invoke/MethodHandleInfo
instanceKlass jdk/internal/org/objectweb/asm/ConstantDynamic
instanceKlass jdk/internal/org/objectweb/asm/Handle
instanceKlass sun/security/action/GetBooleanAction
instanceKlass java/lang/invoke/AbstractValidatingLambdaMetafactory
instanceKlass java/lang/invoke/BootstrapMethodInvoker
instanceKlass java/util/function/Predicate
instanceKlass java/lang/WeakPairMap$Pair$Lookup
instanceKlass java/lang/WeakPairMap$Pair
instanceKlass java/lang/WeakPairMap
instanceKlass java/lang/Module$ReflectionData
instanceKlass java/lang/invoke/LambdaMetafactory
# instanceKlass java/lang/invoke/LambdaForm$MH+0x0000024a1c000400
instanceKlass java/lang/invoke/MethodHandles$Lookup$ClassDefiner
instanceKlass java/lang/invoke/MethodHandles$Lookup$ClassFile
instanceKlass jdk/internal/org/objectweb/asm/Handler
instanceKlass jdk/internal/org/objectweb/asm/Attribute
instanceKlass jdk/internal/org/objectweb/asm/FieldVisitor
instanceKlass java/util/ArrayList$Itr
instanceKlass sun/invoke/empty/Empty
instanceKlass sun/invoke/util/VerifyType
instanceKlass java/lang/invoke/InvokerBytecodeGenerator$ClassData
instanceKlass jdk/internal/org/objectweb/asm/AnnotationVisitor
instanceKlass jdk/internal/org/objectweb/asm/Frame
instanceKlass jdk/internal/org/objectweb/asm/Label
instanceKlass jdk/internal/org/objectweb/asm/Type
instanceKlass jdk/internal/org/objectweb/asm/MethodVisitor
instanceKlass sun/invoke/util/BytecodeDescriptor
instanceKlass jdk/internal/org/objectweb/asm/ByteVector
instanceKlass jdk/internal/org/objectweb/asm/Symbol
instanceKlass jdk/internal/org/objectweb/asm/SymbolTable
instanceKlass jdk/internal/org/objectweb/asm/ClassVisitor
instanceKlass java/lang/invoke/LambdaFormBuffer
instanceKlass java/lang/invoke/LambdaFormEditor$TransformKey
instanceKlass java/lang/invoke/LambdaFormEditor
instanceKlass java/lang/invoke/Invokers$Holder
instanceKlass java/lang/invoke/DelegatingMethodHandle$Holder
instanceKlass java/lang/invoke/DirectMethodHandle$2
instanceKlass java/lang/invoke/ClassSpecializer$Factory
instanceKlass java/lang/invoke/ClassSpecializer$SpeciesData
instanceKlass java/lang/invoke/ClassSpecializer$1
instanceKlass java/lang/invoke/ClassSpecializer
instanceKlass java/lang/invoke/InvokerBytecodeGenerator$1
instanceKlass java/lang/invoke/InvokerBytecodeGenerator
instanceKlass java/lang/invoke/LambdaForm$Holder
instanceKlass java/lang/invoke/LambdaForm$Name
instanceKlass java/lang/reflect/Array
instanceKlass java/lang/invoke/Invokers
instanceKlass sun/invoke/util/ValueConversions
instanceKlass java/lang/invoke/DirectMethodHandle$Holder
instanceKlass java/lang/Void
instanceKlass sun/invoke/util/Wrapper$Format
instanceKlass java/lang/invoke/MethodHandleImpl$1
instanceKlass jdk/internal/access/JavaLangInvokeAccess
instanceKlass java/lang/invoke/LambdaForm$NamedFunction
instanceKlass java/lang/invoke/MethodHandleImpl
instanceKlass jdk/internal/reflect/MethodHandleAccessorFactory$LazyStaticHolder
instanceKlass java/lang/invoke/MethodTypeForm
instanceKlass jdk/internal/util/StrongReferenceKey
instanceKlass jdk/internal/util/ReferenceKey
instanceKlass jdk/internal/util/ReferencedKeyMap
instanceKlass java/lang/invoke/MethodType$1
instanceKlass sun/reflect/annotation/AnnotationParser
instanceKlass java/lang/Class$3
instanceKlass java/lang/PublicMethods$Key
instanceKlass java/lang/PublicMethods$MethodList
instanceKlass java/util/EnumMap$1
instanceKlass java/util/stream/StreamOpFlag$MaskBuilder
instanceKlass java/util/stream/Stream
instanceKlass java/util/stream/BaseStream
instanceKlass java/util/stream/PipelineHelper
instanceKlass java/util/stream/StreamSupport
instanceKlass java/util/Spliterators$IteratorSpliterator
instanceKlass java/util/Spliterator$OfDouble
instanceKlass java/util/Spliterator$OfLong
instanceKlass java/util/Spliterator$OfInt
instanceKlass java/util/Spliterator$OfPrimitive
instanceKlass java/util/Spliterator
instanceKlass java/util/Spliterators$EmptySpliterator
instanceKlass java/util/Spliterators
instanceKlass jdk/internal/module/DefaultRoots
instanceKlass jdk/internal/loader/BuiltinClassLoader$LoadedModule
instanceKlass jdk/internal/loader/AbstractClassLoaderValue
instanceKlass jdk/internal/module/ServicesCatalog
instanceKlass java/util/Deque
instanceKlass java/util/Queue
instanceKlass sun/net/util/IPAddressUtil$MASKS
instanceKlass sun/net/util/IPAddressUtil
instanceKlass java/net/URLStreamHandler
instanceKlass sun/net/www/ParseUtil
instanceKlass java/net/URL$3
instanceKlass jdk/internal/access/JavaNetURLAccess
instanceKlass java/net/URL$DefaultFactory
instanceKlass java/net/URLStreamHandlerFactory
instanceKlass jdk/internal/loader/URLClassPath
instanceKlass java/security/Principal
instanceKlass java/security/ProtectionDomain$Key
instanceKlass java/security/ProtectionDomain$JavaSecurityAccessImpl
instanceKlass jdk/internal/access/JavaSecurityAccess
instanceKlass java/lang/ClassLoader$ParallelLoaders
instanceKlass java/security/cert/Certificate
instanceKlass jdk/internal/loader/ArchivedClassLoaders
instanceKlass java/util/concurrent/ConcurrentHashMap$CollectionView
instanceKlass jdk/internal/loader/ClassLoaderHelper
instanceKlass jdk/internal/loader/NativeLibraries
instanceKlass java/lang/Module$EnableNativeAccess
instanceKlass jdk/internal/loader/BootLoader
instanceKlass java/util/Optional
instanceKlass jdk/internal/module/SystemModuleFinders$SystemModuleFinder
instanceKlass java/lang/module/ModuleFinder
instanceKlass jdk/internal/module/SystemModuleFinders$3
instanceKlass jdk/internal/module/ModuleHashes$HashSupplier
instanceKlass jdk/internal/module/SystemModuleFinders$2
instanceKlass java/util/function/Supplier
instanceKlass java/lang/module/ModuleReference
instanceKlass jdk/internal/module/ModuleResolution
instanceKlass java/util/Collections$UnmodifiableMap
instanceKlass jdk/internal/module/ModuleHashes$Builder
instanceKlass jdk/internal/module/ModuleHashes
instanceKlass jdk/internal/module/ModuleTarget
instanceKlass java/util/ImmutableCollections$Set12$1
instanceKlass java/lang/reflect/AccessFlag$18
instanceKlass java/lang/reflect/AccessFlag$17
instanceKlass java/lang/reflect/AccessFlag$16
instanceKlass java/lang/reflect/AccessFlag$15
instanceKlass java/lang/reflect/AccessFlag$14
instanceKlass java/lang/reflect/AccessFlag$13
instanceKlass java/lang/reflect/AccessFlag$12
instanceKlass java/lang/reflect/AccessFlag$11
instanceKlass java/lang/reflect/AccessFlag$10
instanceKlass java/lang/reflect/AccessFlag$9
instanceKlass java/lang/reflect/AccessFlag$8
instanceKlass java/lang/reflect/AccessFlag$7
instanceKlass java/lang/reflect/AccessFlag$6
instanceKlass java/lang/reflect/AccessFlag$5
instanceKlass java/lang/reflect/AccessFlag$4
instanceKlass java/lang/reflect/AccessFlag$3
instanceKlass java/lang/reflect/AccessFlag$2
instanceKlass java/lang/reflect/AccessFlag$1
instanceKlass java/lang/module/ModuleDescriptor$Version
instanceKlass java/lang/module/ModuleDescriptor$Provides
instanceKlass java/lang/module/ModuleDescriptor$Opens
instanceKlass java/util/ImmutableCollections$SetN$SetNIterator
instanceKlass java/lang/module/ModuleDescriptor$Exports
instanceKlass java/lang/module/ModuleDescriptor$Requires
instanceKlass jdk/internal/module/Builder
instanceKlass jdk/internal/module/SystemModules$all
instanceKlass jdk/internal/module/SystemModules
instanceKlass jdk/internal/module/SystemModulesMap
instanceKlass java/net/URI$1
instanceKlass jdk/internal/access/JavaNetUriAccess
instanceKlass java/net/URI
instanceKlass jdk/internal/module/SystemModuleFinders
instanceKlass jdk/internal/module/ArchivedModuleGraph
instanceKlass jdk/internal/module/ArchivedBootLayer
instanceKlass jdk/internal/module/ModuleBootstrap$Counters
instanceKlass jdk/internal/module/ModulePatcher
instanceKlass java/io/FileSystem
instanceKlass java/io/DefaultFileSystem
instanceKlass java/io/File
instanceKlass java/lang/module/ModuleDescriptor$1
instanceKlass jdk/internal/access/JavaLangModuleAccess
instanceKlass sun/invoke/util/VerifyAccess
instanceKlass java/util/KeyValueHolder
instanceKlass java/util/ImmutableCollections$MapN$MapNIterator
instanceKlass java/lang/StrictMath
instanceKlass java/lang/invoke/MethodHandles$Lookup
instanceKlass java/lang/invoke/MemberName$Factory
instanceKlass java/lang/invoke/MethodHandles
instanceKlass java/lang/module/ModuleDescriptor
instanceKlass jdk/internal/module/ModuleBootstrap
instanceKlass java/lang/Character$CharacterCache
instanceKlass java/util/HexFormat
instanceKlass jdk/internal/util/ClassFileDumper
instanceKlass sun/security/action/GetPropertyAction
instanceKlass java/lang/invoke/MethodHandleStatics
instanceKlass jdk/internal/misc/Blocker
instanceKlass java/util/concurrent/locks/AbstractQueuedSynchronizer$ConditionObject
instanceKlass java/util/concurrent/locks/Condition
instanceKlass java/util/Collections
instanceKlass java/lang/Thread$ThreadIdentifiers
instanceKlass sun/io/Win32ErrorMode
instanceKlass jdk/internal/misc/OSEnvironment
instanceKlass java/lang/Integer$IntegerCache
instanceKlass jdk/internal/misc/Signal$NativeHandler
instanceKlass java/util/Hashtable$Entry
instanceKlass jdk/internal/misc/Signal
instanceKlass java/lang/Terminator$1
instanceKlass jdk/internal/misc/Signal$Handler
instanceKlass java/lang/Terminator
instanceKlass java/nio/ByteOrder
instanceKlass java/nio/Buffer$2
instanceKlass jdk/internal/access/JavaNioAccess
instanceKlass java/nio/Buffer$1
instanceKlass jdk/internal/misc/ScopedMemoryAccess
instanceKlass java/nio/charset/CodingErrorAction
instanceKlass sun/nio/cs/SingleByte
instanceKlass java/lang/StringUTF16
instanceKlass sun/nio/cs/MS1252$Holder
instanceKlass sun/nio/cs/ArrayEncoder
instanceKlass java/nio/charset/CharsetEncoder
instanceKlass java/io/Writer
instanceKlass java/io/PrintStream$1
instanceKlass jdk/internal/access/JavaIOPrintStreamAccess
instanceKlass jdk/internal/misc/InternalLock
instanceKlass java/io/OutputStream
instanceKlass java/io/Flushable
instanceKlass java/io/FileDescriptor$1
instanceKlass jdk/internal/access/JavaIOFileDescriptorAccess
instanceKlass java/io/FileDescriptor
instanceKlass jdk/internal/util/StaticProperty
instanceKlass jdk/internal/reflect/MethodHandleAccessorFactory
instanceKlass java/lang/reflect/Modifier
instanceKlass java/lang/Class$1
instanceKlass java/lang/Class$Atomic
instanceKlass java/lang/Class$ReflectionData
instanceKlass java/nio/charset/StandardCharsets
instanceKlass sun/nio/cs/HistoricallyNamedCharset
instanceKlass java/nio/charset/spi/CharsetProvider
instanceKlass java/nio/charset/Charset
instanceKlass java/util/HashMap$HashIterator
instanceKlass java/util/concurrent/locks/LockSupport
instanceKlass java/util/concurrent/ConcurrentHashMap$Node
instanceKlass java/util/concurrent/ConcurrentHashMap$CounterCell
instanceKlass java/util/concurrent/locks/ReentrantLock
instanceKlass java/util/concurrent/locks/Lock
instanceKlass java/lang/CharacterData
instanceKlass java/util/Arrays
instanceKlass jdk/internal/util/Preconditions$3
instanceKlass jdk/internal/util/Preconditions$2
instanceKlass jdk/internal/util/Preconditions$4
instanceKlass java/util/function/BiFunction
instanceKlass jdk/internal/util/Preconditions$1
instanceKlass java/util/function/Function
instanceKlass jdk/internal/util/Preconditions
instanceKlass java/lang/Runtime
instanceKlass java/lang/VersionProps
instanceKlass java/lang/StringConcatHelper
instanceKlass java/util/HashMap$Node
instanceKlass java/util/Map$Entry
instanceKlass jdk/internal/util/ArraysSupport
instanceKlass jdk/internal/util/SystemProps$Raw
instanceKlass jdk/internal/util/SystemProps
instanceKlass java/lang/System$2
instanceKlass jdk/internal/access/JavaLangAccess
instanceKlass java/lang/ref/NativeReferenceQueue$Lock
instanceKlass java/lang/ref/ReferenceQueue
instanceKlass java/lang/ref/Reference$1
instanceKlass jdk/internal/access/JavaLangRefAccess
instanceKlass jdk/internal/reflect/ReflectionFactory
instanceKlass java/lang/Math
instanceKlass java/lang/StringLatin1
instanceKlass jdk/internal/reflect/Reflection
instanceKlass jdk/internal/reflect/ReflectionFactory$GetReflectionFactoryAction
instanceKlass java/security/PrivilegedAction
instanceKlass jdk/internal/access/SharedSecrets
instanceKlass java/lang/reflect/ReflectAccess
instanceKlass jdk/internal/access/JavaLangReflectAccess
instanceKlass java/util/ImmutableCollections
instanceKlass java/util/Objects
instanceKlass java/util/Set
instanceKlass jdk/internal/misc/CDS
instanceKlass java/lang/Module$ArchivedData
instanceKlass jdk/internal/misc/VM
instanceKlass java/lang/String$CaseInsensitiveComparator
instanceKlass java/util/Comparator
instanceKlass java/io/ObjectStreamField
instanceKlass jdk/internal/vm/FillerObject
instanceKlass jdk/internal/vm/vector/VectorSupport$VectorPayload
instanceKlass jdk/internal/vm/vector/VectorSupport
instanceKlass java/lang/reflect/RecordComponent
instanceKlass java/util/Iterator
instanceKlass java/lang/Number
instanceKlass java/lang/Character
instanceKlass java/lang/Boolean
instanceKlass java/util/concurrent/locks/AbstractOwnableSynchronizer
instanceKlass java/lang/LiveStackFrame
instanceKlass java/lang/StackFrameInfo
instanceKlass java/lang/StackWalker$StackFrame
instanceKlass java/lang/StackStreamFactory$AbstractStackWalker
instanceKlass java/lang/StackWalker
instanceKlass java/nio/Buffer
instanceKlass java/lang/StackTraceElement
instanceKlass java/util/RandomAccess
instanceKlass java/util/List
instanceKlass java/util/SequencedCollection
instanceKlass java/util/AbstractCollection
instanceKlass java/util/Collection
instanceKlass java/lang/Iterable
instanceKlass java/util/concurrent/ConcurrentMap
instanceKlass java/util/AbstractMap
instanceKlass java/security/CodeSource
instanceKlass jdk/internal/loader/ClassLoaders
instanceKlass java/util/jar/Manifest
instanceKlass java/lang/Enum
instanceKlass java/net/URL
instanceKlass java/io/InputStream
instanceKlass java/io/Closeable
instanceKlass java/lang/AutoCloseable
instanceKlass jdk/internal/module/Modules
instanceKlass jdk/internal/misc/Unsafe
instanceKlass jdk/internal/misc/UnsafeConstants
instanceKlass java/lang/AbstractStringBuilder
instanceKlass java/lang/Appendable
instanceKlass java/lang/AssertionStatusDirectives
instanceKlass jdk/internal/foreign/abi/ABIDescriptor
instanceKlass jdk/internal/foreign/abi/NativeEntryPoint
instanceKlass java/lang/invoke/CallSite
instanceKlass java/lang/invoke/MethodType
instanceKlass java/lang/invoke/TypeDescriptor$OfMethod
instanceKlass java/lang/invoke/LambdaForm
instanceKlass java/lang/invoke/MethodHandleNatives
instanceKlass java/lang/invoke/ResolvedMethodName
instanceKlass java/lang/invoke/MemberName
instanceKlass java/lang/invoke/VarHandle
instanceKlass java/lang/invoke/MethodHandle
instanceKlass jdk/internal/reflect/CallerSensitive
instanceKlass java/lang/annotation/Annotation
instanceKlass jdk/internal/reflect/FieldAccessor
instanceKlass jdk/internal/reflect/ConstantPool
instanceKlass jdk/internal/reflect/ConstructorAccessor
instanceKlass jdk/internal/reflect/MethodAccessor
instanceKlass jdk/internal/reflect/MagicAccessorImpl
instanceKlass jdk/internal/vm/StackChunk
instanceKlass jdk/internal/vm/Continuation
instanceKlass jdk/internal/vm/ContinuationScope
instanceKlass java/lang/reflect/Parameter
instanceKlass java/lang/reflect/Member
instanceKlass java/lang/reflect/AccessibleObject
instanceKlass java/lang/Module
instanceKlass java/util/Map
instanceKlass java/util/Dictionary
instanceKlass java/lang/ThreadGroup
instanceKlass java/lang/Thread$UncaughtExceptionHandler
instanceKlass java/lang/Thread$Constants
instanceKlass java/lang/Thread$FieldHolder
instanceKlass java/lang/Thread
instanceKlass java/lang/Runnable
instanceKlass java/lang/ref/Reference
instanceKlass java/lang/Record
instanceKlass java/security/AccessController
instanceKlass java/security/AccessControlContext
instanceKlass java/security/ProtectionDomain
instanceKlass java/lang/SecurityManager
instanceKlass java/lang/Throwable
instanceKlass java/lang/System
instanceKlass java/lang/ClassLoader
instanceKlass java/lang/Cloneable
instanceKlass java/lang/Class
instanceKlass java/lang/invoke/TypeDescriptor$OfField
instanceKlass java/lang/invoke/TypeDescriptor
instanceKlass java/lang/reflect/Type
instanceKlass java/lang/reflect/GenericDeclaration
instanceKlass java/lang/reflect/AnnotatedElement
instanceKlass java/lang/String
instanceKlass java/lang/constant/ConstantDesc
instanceKlass java/lang/constant/Constable
instanceKlass java/lang/CharSequence
instanceKlass java/lang/Comparable
instanceKlass java/io/Serializable
ciInstanceKlass java/lang/Object 1 1 124 7 1 10 12 1 1 10 7 12 1 1 1 10 7 12 1 1 1 10 12 1 1 8 1 10 12 1 1 10 7 12 1 1 1 10 12 1 10 12 1 1 10 7 12 1 1 1 10 12 1 10 12 1 7 1 10 7 12 1 1 1 10 12 1 1 10 12 1 100 1 8 1 10 12 1 3 8 1 7 1 5 0 1 1 1 1 1 1 1 1 1 1 1 1 1 1 1 1 7 1 1 1 1 1 1 1 1 1 1 7 1 1 1 1 1 1 1 1 1 1 3 1 1
ciMethod java/lang/Object equals (Ljava/lang/Object;)Z 528 0 13957 0 -1
ciMethod java/lang/Object hashCode ()I 256 0 128 0 -1
ciMethod java/lang/Object clone ()Ljava/lang/Object; 256 0 128 0 -1
ciInstanceKlass java/io/Serializable 1 0 7 100 1 100 1 1 1
ciInstanceKlass java/lang/System 1 1 834 10 7 12 1 1 1 9 7 12 1 1 1 10 12 1 10 12 1 1 10 12 1 1 10 12 1 9 12 1 1 10 7 12 1 1 1 11 100 12 1 1 1 10 100 12 1 1 1 10 12 1 1 10 12 1 1 100 1 8 1 10 12 1 10 7 12 1 1 1 10 7 12 1 1 1 18 12 1 1 10 7 12 1 1 1 7 1 10 12 1 1 10 7 12 1 1 1 10 12 1 10 7 12 1 1 1 9 100 12 1 1 1 10 7 12 1 1 1 11 7 12 1 1 1 10 12 1 1 10 7 12 1 1 1 7 1 10 10 12 1 1 8 1 10 12 1 8 1 10 12 1 9 12 1 1 8 1 10 7 12 1 1 1 10 12 1 1 100 1 8 1 10 9 12 1 1 8 1 10 12 1 1 10 100 12 1 1 1 8 1 10 12 1 7 1 10 12 1 8 1 10 12 1 10 12 1 1 100 1 10 12 10 12 1 9 12 1 1 9 12 1 1 10 7 12 1 1 1 10 7 12 1 1 1 10 12 1 1 10 12 1 10 12 1 10 7 12 1 1 1 10 12 1 100 1 100 1 8 1 10 12 1 10 12 1 1 7 1 10 12 1 100 1 8 1 10 10 12 1 100 1 8 1 10 8 1 10 7 12 1 1 8 1 10 12 100 1 8 1 10 10 12 1 1 10 7 12 1 1 1 100 1 18 12 1 100 1 9 100 12 1 1 1 10 12 1 100 1 10 12 1 1 10 12 1 1 10 7 12 1 1 1 10 12 1 1 10 12 1 10 12 1 10 12 1 1 10 12 1 7 1 10 12 1 9 7 12 1 1 1 10 7 12 1 1 1 10 12 1 10 12 1 10 7 12 1 1 1 7 1 8 1 10 9 12 1 9 12 1 10 12 1 10 7 12 1 1 10 12 1 10 12 1 1 8 1 10 12 1 1 8 1 11 12 1 10 12 11 12 1 1 11 7 12 1 1 1 11 7 12 1 1 11 12 1 1 7 1 11 12 1 10 12 1 8 1 10 12 1 1 8 1 8 1 8 1 8 1 11 12 1 10 12 1 10 12 1 10 12 1 8 1 10 12 1 1 8 1 9 12 1 8 1 10 7 12 1 1 8 1 7 1 9 7 12 1 1 1 10 12 1 7 1 9 12 10 9 12 7 1 10 12 9 12 1 1 8 1 10 12 1 1 8 1 10 7 12 1 1 10 12 1 10 12 1 1 11 7 12 1 1 10 12 10 7 12 1 1 1 9 12 1 1 7 1 8 1 10 12 1 1 10 7 12 1 1 1 7 1 10 12 1 1 10 12 1 8 1 8 1 10 8 1 8 1 8 1 8 1 10 10 7 12 1 1 10 12 1 10 12 1 1 10 12 1 1 10 12 1 10 100 12 1 1 1 10 7 1 8 1 10 10 10 12 1 1 10 12 1 1 8 1 10 12 1 8 1 8 1 10 12 1 10 7 12 1 1 1 10 12 1 1 7 1 10 10 12 1 10 12 1 9 12 1 1 3 1 3 1 1 1 1 1 1 1 1 1 1 1 1 100 1 1 100 1 1 1 1 1 1 1 1 1 1 1 100 1 7 1 1 1 1 1 1 1 1 1 1 1 1 1 1 1 1 1 1 1 1 1 1 1 1 1 1 1 1 1 1 1 1 1 1 1 1 1 1 1 1 1 1 1 1 1 1 1 1 1 1 1 1 1 1 1 1 1 1 100 1 1 1 1 1 1 1 1 1 1 1 1 1 1 1 1 1 1 1 1 1 1 1 1 1 1 1 1 1 1 1 1 1 100 1 1 16 15 10 12 1 1 16 15 10 12 16 1 15 10 100 12 1 1 1 1 1 1 1 1 1 100 1 100 1 1
staticfield java/lang/System in Ljava/io/InputStream; java/io/ByteArrayInputStream
staticfield java/lang/System out Ljava/io/PrintStream; java/io/PrintStream
staticfield java/lang/System err Ljava/io/PrintStream; java/io/PrintStream
ciInstanceKlass jdk/internal/access/SharedSecrets 1 1 468 10 7 12 1 1 1 9 7 12 1 1 1 8 1 10 7 12 1 1 1 7 1 9 12 1 1 8 1 9 12 1 1 100 1 10 12 1 1 9 12 1 1 100 1 9 12 1 1 9 12 1 1 8 1 9 12 1 1 7 1 9 12 1 1 9 12 1 1 9 12 1 1 7 1 9 12 1 1 7 1 9 12 1 1 100 1 9 12 1 1 100 1 9 12 1 1 7 1 9 12 1 1 100 1 9 12 1 1 100 1 9 12 1 1 100 1 9 12 1 1 9 12 1 1 100 1 100 1 9 12 1 1 7 1 9 12 1 1 100 1 9 12 1 1 7 1 9 12 1 1 9 12 1 1 9 12 1 1 9 12 1 1 100 1 9 12 1 1 100 1 9 12 1 1 9 12 1 1 100 1 9 12 1 1 100 1 9 12 1 1 100 1 9 12 1 1 100 1 9 12 1 1 100 1 9 12 1 1 100 1 9 12 1 1 8 1 10 7 12 1 1 1 10 7 12 1 1 1 100 1 1 1 1 1 1 1 1 1 1 1 1 1 100 1 1 1 1 1 100 1 1 1 1 1 100 1 1 100 1 1 1 1 1 1 1 1 1 1 1 1 1 100 1 1 1 1 1 1 100 1 1 1 1 1 1 1 1 1 1 1 1 1 1 1 100 1 1 1 1 1 100 1 1 1 1 1 1 100 1 1 1 1 1 1 100 1 1 1 1 1 100 1 1 1 1 1 1 100 1 1 1 1 1 100 1 1 1 1 1 100 1 1 1 1 1 1 100 1 1 1 1 1 1 100 1 1 1 1 1 1 100 1 1 1 1 1 1 100 1 1 1 100 1 1 1 1 1 1 1 1 1 1 1 1 1 1 1 1 1 1 1 100 1 1 1 1 1 100 1 1 1 1 1 100 1 1 1 1 1 100 1 1 1 1 1 1 1 1 100 1 1 1 1 1 1 100 1 1 1 1 1 100 1 1 1 1 1 1 100 1 1 1 1 1 1 100 1 1 1 1 1 1 100 1 1 1 1 1 1 1 1 1 1 100 1 1 1
instanceKlass com/sun/jna/Native$6
instanceKlass org/eclipse/osgi/internal/permadmin/EquinoxSecurityManager
instanceKlass org/eclipse/osgi/internal/loader/BundleLoader$ClassContext
instanceKlass org/eclipse/osgi/internal/framework/ContextFinder$Finder
ciInstanceKlass java/lang/SecurityManager 1 1 576 10 7 12 1 1 1 9 7 12 1 1 1 10 7 12 1 1 1 100 1 8 1 10 12 1 10 12 1 1 10 7 12 1 1 1 10 7 1 10 100 1 10 9 100 12 1 1 1 10 7 12 1 1 1 10 12 1 1 10 7 12 1 1 100 1 8 1 10 9 12 1 1 9 12 1 8 1 9 12 1 7 1 10 8 1 10 12 1 1 10 12 1 10 12 1 1 100 1 10 10 12 1 1 100 1 8 1 10 12 1 8 1 8 1 8 1 8 1 8 1 8 1 10 12 1 8 1 8 1 8 1 8 1 8 1 10 7 12 1 1 1 10 12 1 1 8 1 100 1 8 1 10 8 1 8 1 8 1 8 1 8 1 10 100 12 1 1 8 1 100 1 8 1 8 1 10 8 1 10 12 1 100 1 8 1 10 10 12 1 1 10 12 1 10 12 1 10 12 1 10 7 12 1 1 1 10 12 1 10 7 12 1 1 11 7 12 1 1 1 18 12 1 1 11 7 12 1 1 1 18 12 1 1 11 12 1 1 18 18 11 12 1 18 12 1 11 12 1 1 9 12 1 1 9 12 1 9 12 1 9 12 1 7 1 10 7 12 1 1 10 12 1 10 12 1 18 12 1 18 10 7 12 1 1 1 18 12 1 10 12 1 18 18 8 1 10 12 1 9 12 1 1 11 7 12 1 1 1 8 1 100 1 10 12 1 10 12 1 1 10 12 1 1 9 12 1 1 10 12 1 10 12 1 1 8 1 100 1 10 9 12 1 8 1 10 12 1 8 1 100 1 10 10 7 12 1 1 10 7 1 9 7 12 1 1 1 11 12 1 1 10 12 1 11 12 1 10 12 1 7 1 10 10 12 1 1 10 12 1 1 1 1 1 1 1 1 1 1 1 7 1 1 1 1 1 1 1 1 1 1 1 1 1 1 1 1 1 1 1 1 1 1 1 1 1 1 1 1 1 1 1 1 1 1 1 1 1 1 1 1 1 1 1 1 1 1 1 1 1 1 1 1 1 1 1 1 3 1 1 1 1 1 1 1 1 1 1 100 1 1 1 1 1 1 1 1 1 1 1 1 1 1 1 1 1 1 1 1 1 1 1 1 1 1 1 1 1 1 1 1 1 1 1 1 1 1 16 15 10 7 12 1 1 1 16 1 16 15 10 12 16 1 15 10 12 16 15 11 7 1 16 1 16 1 15 10 12 16 15 10 12 16 15 10 12 1 16 1 15 11 12 1 15 10 12 16 15 10 16 1 15 10 7 12 1 1 1 1 1 1 100 1 100 1 1
staticfield java/lang/SecurityManager packageAccessLock Ljava/lang/Object; java/lang/Object
staticfield java/lang/SecurityManager packageDefinitionLock Ljava/lang/Object; java/lang/Object
staticfield java/lang/SecurityManager nonExportedPkgs Ljava/util/Map; java/util/concurrent/ConcurrentHashMap
ciInstanceKlass java/security/AccessController 1 1 295 10 7 12 1 1 1 10 7 12 1 1 1 10 7 12 1 1 1 10 12 1 1 10 12 1 1 10 7 12 1 1 1 10 12 1 1 10 12 1 10 12 1 1 10 12 1 100 1 8 1 10 12 1 10 12 1 10 12 1 1 10 12 1 7 1 7 1 10 12 1 1 10 12 1 10 12 1 10 12 1 1 10 7 12 1 1 1 10 12 1 1 9 100 12 1 1 1 10 7 12 1 1 1 10 12 1 10 12 1 9 100 12 1 1 1 10 12 1 10 12 1 1 9 12 1 1 10 100 1 10 11 7 12 1 1 1 10 7 12 1 1 11 7 1 100 1 10 12 1 10 12 1 10 12 1 8 1 10 12 1 1 8 1 10 100 12 1 1 1 8 1 7 1 10 10 12 1 1 10 12 1 10 7 12 1 1 1 10 12 1 8 1 10 7 12 1 1 8 1 8 1 10 12 1 8 1 10 12 1 10 12 1 1 10 12 1 1 1 1 1 1 1 1 1 1 1 1 1 1 1 1 1 1 1 1 1 1 1 1 1 1 1 1 100 1 1 1 1 1 1 1 1 1 1 1 1 1 1 1 1 1 1 1 1 1 1 1 1 1 1 1 1 1 1 1 1 1 1 100 1 100 1 1 1 1 1 1 1 1 1 3 1 1 1
staticfield java/security/AccessController $assertionsDisabled Z 1
instanceKlass org/eclipse/osgi/internal/loader/ModuleClassLoader$GenerationProtectionDomain
ciInstanceKlass java/security/ProtectionDomain 1 1 348 10 7 12 1 1 1 9 7 12 1 1 1 7 1 10 9 12 1 1 9 12 1 1 9 12 1 1 10 7 12 1 1 7 1 9 12 1 9 12 1 1 7 1 9 12 1 1 9 12 1 10 100 12 1 1 10 100 12 1 1 1 10 12 1 1 10 12 1 9 12 1 9 100 12 1 1 10 12 1 1 10 100 1 10 12 1 1 8 1 7 1 8 1 10 12 1 10 11 10 7 12 1 1 1 10 12 1 1 8 1 11 8 1 10 12 1 8 1 8 1 10 12 1 1 10 12 1 10 12 1 1 10 12 1 8 1 10 12 1 8 1 8 1 10 7 12 1 1 1 9 100 12 1 1 1 10 12 1 1 9 100 12 1 1 1 10 7 12 1 1 1 100 1 18 12 1 1 10 7 12 1 1 1 10 7 1 10 12 1 10 12 1 1 11 100 12 1 1 11 12 1 100 1 11 7 12 1 1 1 10 12 1 10 11 12 1 1 11 12 1 1 10 12 1 10 7 12 1 1 10 100 12 1 1 11 12 1 10 12 10 12 1 8 1 8 1 10 7 12 1 1 1 7 1 10 10 7 12 1 1 1 1 1 1 1 1 1 1 7 1 1 7 1 1 1 1 1 1 1 1 1 1 1 1 1 1 1 1 1 1 1 1 1 1 1 1 1 1 1 1 1 1 1 1 1 1 1 1 1 1 1 1 1 1 1 1 7 1 1 1 1 1 1 100 1 1 16 15 10 12 16 15 10 100 12 1 1 1 1 1 1 1 100 1 100 1 1
staticfield java/security/ProtectionDomain filePermCompatInPD Z 0
ciInstanceKlass java/security/CodeSource 1 1 398 10 7 12 1 1 1 9 7 12 1 1 1 9 12 1 1 9 12 1 1 9 12 1 1 10 7 12 1 1 1 9 12 1 1 10 7 12 1 1 10 7 10 7 12 1 1 1 10 100 12 1 1 1 10 12 1 1 7 1 10 10 7 12 1 1 1 10 7 12 1 1 1 10 12 1 1 7 1 10 12 1 1 10 12 1 1 10 12 1 1 10 12 1 10 10 10 12 1 1 10 7 12 1 1 1 10 12 1 10 12 1 10 12 1 8 1 10 12 1 10 12 1 10 12 1 1 10 12 1 8 1 10 12 1 1 10 7 1 10 10 12 1 1 8 1 10 12 1 10 12 1 10 12 1 8 1 8 1 9 12 1 1 100 1 8 1 10 12 1 10 12 1 1 8 1 10 12 1 8 1 8 1 8 1 10 100 12 1 1 10 12 1 1 10 12 1 10 12 1 1 10 12 1 1 10 12 1 1 100 1 100 1 10 12 1 10 12 10 12 1 1 10 100 12 1 1 10 12 1 7 1 10 12 10 100 12 1 1 1 10 8 1 10 12 1 10 12 1 10 12 1 1 100 1 10 12 1 1 100 1 7 1 8 1 8 1 10 10 12 1 1 10 100 12 1 1 1 7 1 10 12 10 12 1 1 11 7 12 1 1 10 10 12 1 11 10 12 1 8 1 100 1 10 12 1 10 12 1 1 10 12 1 11 12 1 1 7 1 1 1 1 5 0 1 1 1 1 1 1 1 1 1 1 1 1 1 1 1 1 1 1 1 1 1 1 1 1 1 1 1 1 1 1 1 1 1 1 1 1 1 1 1 1 1 1 1 1 1 1 1 1 1 1 1 1 1 1 1 1 1 1 1 1 1 1 1 1 1 1 100 1 1 1 1 1 1 1
ciInstanceKlass java/lang/Boolean 1 1 152 10 7 12 1 1 1 9 7 12 1 1 1 10 12 1 1 10 12 1 8 1 10 7 12 1 1 9 12 1 1 9 12 1 10 12 1 1 10 12 1 1 10 12 1 1 10 7 12 1 1 1 100 1 100 1 10 12 1 1 9 100 12 1 1 9 12 10 100 12 1 1 1 10 12 1 1 8 1 10 7 12 1 1 1 9 12 1 1 7 1 7 1 7 1 1 1 1 1 1 5 0 1 1 1 1 1 1 1 1 1 1 3 1 1 1 1 1 1 1 1 1 1 1 1 1 1 1 1 1 1 7 1 1 1 1 1 1 1 1 1 1 100 1 1 1 1 1 1 1 1 1
staticfield java/lang/Boolean TRUE Ljava/lang/Boolean; java/lang/Boolean
staticfield java/lang/Boolean FALSE Ljava/lang/Boolean; java/lang/Boolean
staticfield java/lang/Boolean TYPE Ljava/lang/Class; java/lang/Class
ciInstanceKlass java/lang/Comparable 1 0 12 100 1 100 1 1 1 1 1 1 1 1
ciInstanceKlass java/lang/constant/Constable 1 0 11 100 1 100 1 1 1 1 1 1 1
ciInstanceKlass java/util/Map 1 1 263 11 7 12 1 1 1 11 12 1 1 10 7 12 1 1 11 12 1 1 11 7 12 1 1 1 11 7 12 1 1 1 11 12 1 1 7 1 11 12 1 11 12 1 100 1 100 1 10 12 1 1 11 7 12 1 1 1 11 100 12 1 1 1 11 12 1 11 12 1 10 12 1 1 11 12 1 11 7 12 1 9 7 12 1 1 1 7 1 10 12 7 1 7 1 10 12 1 7 1 10 7 1 11 12 1 11 12 1 1 11 12 1 1 7 1 11 12 1 1 1 1 1 1 1 1 1 1 1 1 1 1 1 1 1 1 1 1 1 1 1 1 1 1 1 1 1 1 1 1 1 1 1 1 1 1 1 1 1 1 1 1 1 1 1 1 1 1 1 1 1 1 1 1 1 1 1 1 1 1 1 1 1 1 1 1 1 1 1 1 1 1 1 1 1 1 1 1 1 1 1 1 1 1 1 1 1 1 1 1 1 1 1 1 1 1 1 1 1 1 1 1 1 1 1 1 1 1 1 1 1 1 1 1 1 1 1 1 1 1 1 1 1 1 100 1 1 1 1 1 1 1 1 1 1 1 1 1 1 1 1 1 1
ciInstanceKlass java/lang/Class 1 1 1687 10 7 12 1 1 1 9 7 12 1 1 1 9 12 1 1 10 12 1 1 8 1 10 12 1 8 1 8 1 10 12 1 1 10 7 12 1 1 1 10 12 1 7 1 10 10 12 1 10 12 1 1 10 12 1 1 10 12 1 1 10 7 12 1 1 10 12 1 10 12 1 10 12 1 8 1 10 12 1 8 1 10 12 1 8 1 8 1 10 12 1 1 10 7 12 1 1 1 18 12 1 1 11 7 12 1 1 1 8 1 8 1 8 1 10 7 12 1 1 1 11 12 1 1 8 1 10 12 1 10 11 100 12 1 1 1 11 7 12 1 1 1 11 8 1 18 8 1 10 12 1 10 7 12 1 1 10 12 1 1 10 7 12 1 1 1 10 12 1 1 10 12 1 1 10 7 12 1 1 1 10 12 9 100 12 1 1 1 10 7 12 1 1 1 10 12 1 10 7 12 1 1 1 10 12 1 1 18 12 1 1 10 7 12 1 1 1 10 7 12 1 10 12 1 1 10 7 1 7 1 10 12 1 1 9 12 1 1 7 1 8 1 10 12 1 10 12 1 1 10 12 1 1 10 7 12 1 1 1 7 1 10 12 1 7 1 7 1 10 10 12 1 1 10 12 1 1 100 1 10 7 12 1 1 1 10 12 1 1 10 12 1 1 9 12 1 1 10 12 1 10 12 1 1 9 12 1 1 9 12 1 1 10 12 1 1 10 7 1 10 12 1 10 12 1 10 12 1 1 10 9 12 1 10 12 1 8 1 10 12 1 1 10 12 1 1 10 12 1 10 12 1 1 10 12 1 1 10 12 1 1 9 7 12 1 1 1 10 7 12 1 1 10 12 10 12 1 10 12 1 10 12 1 10 12 1 9 100 12 1 1 1 9 12 1 10 12 1 10 100 12 1 1 1 10 12 1 1 10 100 12 1 1 10 12 1 10 12 1 1 10 100 12 1 1 1 10 12 1 10 12 1 1 10 12 1 10 12 1 10 12 1 1 10 7 1 10 10 10 12 1 1 10 12 1 1 10 12 10 10 12 1 1 7 1 8 1 10 10 12 1 1 10 12 1 100 1 11 12 1 10 100 12 1 1 10 12 1 10 12 1 10 100 12 1 1 10 10 12 1 1 8 1 10 12 1 10 12 1 1 8 1 10 12 1 9 12 1 10 12 1 10 12 1 10 12 1 10 12 7 1 9 12 1 10 12 1 9 12 1 10 12 1 10 12 1 10 12 1 10 10 12 1 10 12 1 10 7 12 1 1 10 12 1 10 12 1 10 12 1 1 10 12 1 10 12 1 10 12 1 100 1 10 12 1 10 12 1 1 10 12 1 1 10 12 1 1 10 12 1 1 10 12 1 1 10 12 1 1 7 1 10 10 12 1 1 10 12 1 1 10 12 1 1 10 10 12 1 10 12 1 1 10 12 1 1 10 12 1 1 10 12 1 1 7 1 10 10 12 11 7 12 1 1 10 12 1 10 12 1 10 7 12 1 1 1 10 12 1 1 10 10 12 1 1 7 1 10 10 12 1 1 10 7 12 1 1 1 100 1 7 1 10 12 1 1 10 12 1 10 10 12 1 1 10 12 1 10 12 1 10 12 1 10 100 12 1 1 1 11 7 12 1 1 10 12 1 10 12 1 9 12 1 10 12 1 1 10 12 1 9 100 12 1 1 1 9 12 1 10 100 12 1 1 1 10 12 1 10 12 1 10 100 12 1 1 1 10 12 1 10 12 10 12 1 1 100 1 10 8 1 10 12 1 11 11 12 1 1 11 7 12 1 1 11 12 1 8 1 10 12 1 10 12 1 1 9 12 1 9 12 1 1 10 7 12 1 1 9 12 1 10 12 1 1 10 10 12 1 10 7 12 1 1 1 10 7 12 1 1 10 7 12 1 1 9 12 1 1 10 12 1 9 12 1 10 12 1 10 12 1 1 9 12 1 1 9 12 1 10 12 1 10 12 1 1 9 12 1 100 1 10 10 12 1 1 7 1 10 12 1 1 100 11 7 1 9 12 1 1 9 12 1 7 1 10 12 1 9 12 1 1 9 12 1 10 12 1 10 12 1 1 9 12 1 7 1 10 10 12 1 1 10 10 12 1 10 12 10 10 12 1 9 12 1 10 12 1 1 10 7 12 1 1 1 10 12 1 1 10 12 1 8 10 7 8 1 18 8 1 8 1 10 12 1 9 12 1 9 12 1 1 10 12 1 7 1 7 1 10 12 1 9 12 1 1 7 1 10 10 12 1 10 7 1 9 12 1 8 1 10 12 1 7 1 10 12 1 10 12 1 1 100 1 7 1 9 12 1 100 1 8 1 10 10 7 12 1 1 1 10 12 11 7 12 1 1 1 10 12 1 10 12 1 1 10 8 1 8 1 10 12 1 1 9 7 12 1 1 11 12 7 1 11 7 12 1 1 9 12 1 10 100 12 1 1 1 10 7 12 1 1 10 12 1 1 9 12 1 9 10 12 1 1 10 12 1 1 10 12 1 1 10 12 1 1 10 12 1 1 11 12 1 7 1 11 12 1 10 7 12 1 1 1 10 12 1 11 12 1 10 7 12 1 1 1 10 12 1 10 7 12 1 1 1 11 12 1 11 12 1 1 10 12 1 10 12 1 1 9 12 1 1 9 7 12 1 1 10 12 1 10 7 12 1 1 1 10 12 1 1 10 12 1 10 12 1 10 12 1 10 7 12 1 1 1 10 12 1 8 1 10 12 1 10 12 1 10 12 1 100 1 10 12 10 100 12 1 1 1 11 100 12 1 1 1 10 12 1 1 10 12 1 18 12 1 1 11 12 1 1 18 11 12 1 18 12 1 11 12 1 10 12 1 1 10 12 1 10 12 1 10 12 1 10 12 1 10 12 10 12 1 8 1 10 12 1 7 1 9 12 1 1 7 1 7 1 7 1 7 1 1 1 3 1 3 1 3 1 1 1 1 1 1 1 5 0 1 1 1 1 1 1 1 1 1 1 1 1 1 1 1 1 1 1 1 1 1 1 1 1 100 1 1 1 1 1 1 1 100 1 1 1 1 1 7 1 1 1 1 1 1 1 1 1 1 1 1 1 1 1 1 1 1 1 1 1 1 1 1 1 1 1 1 1 1 1 1 1 1 1 1 1 1 1 1 1 1 100 1 1 1 1 1 1 1 1 1 1 1 1 1 1 1 1 1 1 1 1 1 1 1 1 1 1 1 1 1 1 1 100 1 1 1 1 1 1 1 1 1 1 1 1 1 1 1 1 1 1 1 1 3 1 1 1 1 1 1 1 1 1 1 1 1 1 1 1 1 1 1 1 1 1 1 1 1 1 1 1 1 1 1 1 1 1 1 1 7 1 7 1 1 1 1 1 1 1 7 1 1 1 1 1 1 1 1 1 1 1 1 1 1 1 1 1 1 1 1 1 1 1 1 1 1 1 1 1 1 1 1 1 1 1 1 1 1 1 1 1 1 1 1 1 1 1 1 1 1 1 1 1 1 1 1 1 1 1 1 1 1 1 1 1 1 1 1 1 1 1 1 1 1 1 1 1 1 1 1 1 1 1 1 1 1 1 1 1 1 1 1 1 1 1 1 1 1 1 1 1 1 1 1 1 1 1 1 1 1 1 1 1 1 1 1 1 1 1 1 1 1 1 1 16 15 10 12 16 15 11 12 16 1 16 15 16 15 10 12 16 16 15 10 12 16 15 16 1 15 10 12 16 15 10 7 12 1 1 1 1 1 1 1 1 1 1 1 1 1 7 1 1 100 1 100 1 1 100 1 100 1 1 100 1 100 1 1
staticfield java/lang/Class EMPTY_CLASS_ARRAY [Ljava/lang/Class; 0 [Ljava/lang/Class;
staticfield java/lang/Class serialPersistentFields [Ljava/io/ObjectStreamField; 0 [Ljava/io/ObjectStreamField;
ciInstanceKlass java/lang/reflect/AnnotatedElement 1 1 164 11 7 12 1 1 1 11 12 1 1 7 1 10 100 12 1 1 1 10 12 1 1 10 12 1 1 10 12 1 10 100 12 1 1 1 11 12 1 1 11 7 12 1 1 10 7 12 1 1 1 10 12 1 10 100 12 1 1 1 18 12 1 1 11 100 12 1 1 18 12 1 18 12 1 1 10 100 12 1 1 1 11 100 12 1 1 1 7 1 10 100 12 1 1 1 1 1 1 1 1 1 1 1 1 1 1 1 1 1 1 1 1 1 1 1 1 1 100 1 1 1 1 1 1 1 1 1 1 1 16 15 16 1 16 1 15 11 12 16 16 1 15 10 100 12 1 1 1 16 1 15 10 100 12 1 1 1 1 100 1 100 1 1
ciInstanceKlass java/lang/invoke/TypeDescriptor 1 0 17 100 1 100 1 1 1 1 1 1 100 1 100 1 1 1 1
ciInstanceKlass java/lang/reflect/GenericDeclaration 1 0 30 7 1 7 1 7 1 1 1 1 1 1 1 1 100 1 8 1 1 12 10 1 1 1 8 1 1 1 8 1
ciMethod java/lang/Class getTypeParameters ()[Ljava/lang/reflect/TypeVariable; 768 0 907 0 -1
ciInstanceKlass java/lang/reflect/Type 1 1 17 11 100 12 1 1 1 100 1 1 1 1 1 1 1 1 1
ciInstanceKlass java/lang/invoke/TypeDescriptor$OfField 1 0 21 100 1 100 1 100 1 1 1 1 1 1 1 1 1 1 1 1 1 1 1
ciInstanceKlass java/lang/StringBuilder 1 1 422 10 7 12 1 1 1 10 12 1 10 12 1 10 12 1 1 10 7 12 1 1 1 10 7 12 1 1 1 10 12 1 10 12 1 10 12 1 10 12 1 10 12 1 10 12 1 10 12 1 10 12 1 10 12 1 10 12 1 10 12 1 10 12 1 10 12 1 10 12 1 1 10 12 1 10 12 1 1 10 12 1 1 10 12 1 10 12 1 10 12 1 10 12 1 10 12 1 10 12 1 10 12 1 10 12 10 12 1 10 12 1 10 12 1 10 12 1 1 10 12 1 10 12 1 10 12 10 12 1 1 10 12 1 10 12 1 10 12 1 10 100 12 1 1 1 9 12 1 1 10 12 1 10 12 1 1 10 12 1 1 9 12 1 1 10 100 12 1 1 1 10 100 1 10 12 1 1 10 100 12 1 1 10 12 1 10 12 1 1 100 1 100 1 8 1 10 10 12 1 1 10 12 1 10 12 1 10 12 1 1 10 12 1 10 12 1 10 12 1 10 12 1 10 12 1 10 12 10 12 1 10 12 1 10 12 1 10 12 1 10 12 1 10 12 1 10 12 1 10 12 1 10 12 1 1 10 12 1 1 10 12 1 10 12 1 10 12 1 10 12 10 12 10 12 1 10 12 1 10 12 1 10 12 10 12 1 10 12 1 10 12 1 10 12 1 10 12 1 10 12 1 10 12 1 10 12 1 10 12 1 1 10 12 1 10 12 1 1 10 12 1 10 12 1 1 10 12 1 10 12 1 1 10 12 1 10 12 1 10 12 1 10 10 12 1 10 12 1 7 1 7 1 7 1 7 1 1 1 1 5 0 1 1 1 1 1 1 1 1 1 1 1 1 1 1 1 1 1 1 1 1 1 1 1 1 1 1 1 1 1 1 1 1 1 1 1 1 1 1 1 1 1 1 1 1 100 1 1 1 7 1 1 1 1 1 1 1 1 1 1 1
instanceKlass java/lang/StringBuilder
instanceKlass java/lang/StringBuffer
ciInstanceKlass java/lang/AbstractStringBuilder 1 1 607 7 1 10 7 12 1 1 1 9 7 12 1 1 1 9 12 1 9 12 1 1 9 12 1 1 10 7 12 1 1 1 10 12 1 1 7 1 3 3 10 12 1 10 12 1 1 11 7 1 100 1 7 1 10 8 1 10 12 1 10 12 1 10 12 1 1 10 12 1 10 12 1 9 12 1 10 12 1 9 12 1 1 10 12 1 1 10 7 12 1 1 1 10 10 12 1 10 12 1 10 12 1 1 10 12 1 1 10 7 12 1 1 1 10 7 12 1 1 1 7 1 8 1 10 10 12 1 1 100 1 10 12 10 12 1 1 10 10 12 1 1 10 12 1 1 10 12 1 1 10 12 1 1 10 10 7 12 1 1 1 10 12 1 100 1 10 10 7 12 1 1 1 9 12 1 1 9 12 1 10 12 1 1 10 10 12 1 1 10 12 10 12 1 10 12 1 1 10 12 1 1 10 12 1 1 10 12 1 10 12 1 1 10 12 1 1 10 12 1 10 12 1 1 8 1 10 12 1 1 10 12 1 10 12 1 10 12 1 10 12 1 10 12 1 10 12 1 10 7 12 1 1 10 12 1 10 12 1 10 7 12 1 1 1 100 1 100 1 10 12 1 10 100 12 1 1 10 12 1 10 12 1 1 10 12 1 10 12 1 1 10 12 1 10 12 1 1 10 12 1 1 10 10 7 12 1 1 1 10 12 1 10 12 1 10 12 1 1 10 12 1 10 12 1 10 12 1 10 12 1 10 12 1 10 12 1 10 12 1 10 12 1 1 10 12 1 10 12 1 10 12 10 12 1 1 18 12 1 1 100 1 10 100 12 1 1 1 18 10 12 1 1 10 12 1 1 10 12 1 10 12 1 1 11 12 1 1 10 12 1 10 12 1 10 12 10 10 10 12 1 10 5 0 10 10 12 1 1 100 1 8 1 10 10 12 1 1 10 100 12 1 1 1 10 12 1 10 12 1 1 100 1 10 12 100 1 10 100 1 10 7 1 1 1 1 1 1 1 1 1 1 1 100 1 1 1 1 1 1 1 1 1 1 1 1 1 1 1 1 1 1 1 1 1 1 1 1 1 1 1 1 1 1 1 1 1 1 1 1 1 1 1 1 1 1 1 1 1 1 1 1 1 1 1 1 1 1 1 1 1 1 1 1 1 1 1 1 1 1 1 1 1 1 1 1 1 1 1 1 1 1 1 1 1 1 1 1 1 1 1 1 1 1 1 1 1 1 1 1 1 1 1 1 100 1 1 1 1 1 1 1 1 1 1 1 1 1 1 1 1 1 100 1 1 1 1 1 1 7 1 1 16 1 15 10 12 16 15 10 12 15 10 100 12 1 1 1 1 1 1 1 100 1 100 1 1
staticfield java/lang/AbstractStringBuilder EMPTYVALUE [B 0
ciMethod java/lang/StringBuilder toString ()Ljava/lang/String; 14 0 48574 0 -1
ciInstanceKlass java/lang/Appendable 1 0 14 100 1 100 1 1 1 1 100 1 1 1 1 1
ciInstanceKlass java/lang/CharSequence 1 1 131 11 7 12 1 1 1 18 12 1 1 100 1 10 100 12 1 1 1 18 10 100 12 1 1 1 11 12 1 1 11 7 1 11 12 1 1 10 100 12 1 1 1 11 12 1 1 100 1 10 12 1 1 10 100 12 1 1 1 100 1 10 10 12 1 1 7 1 1 1 1 1 1 1 1 1 1 1 1 1 1 1 1 1 1 1 1 1 1 1 1 1 1 1 1 1 1 1 1 1 16 1 15 11 12 16 15 11 12 15 10 100 12 1 1 1 1 1 100 1 100 1 1 100 1 1 100 1 100 1 1
ciInstanceKlass java/lang/AutoCloseable 1 0 12 100 1 100 1 1 1 1 100 1 1 1
ciInstanceKlass java/io/Closeable 1 0 14 100 1 100 1 100 1 1 1 1 100 1 1 1
instanceKlass org/eclipse/core/commands/common/CommandException
instanceKlass org/apache/commons/codec/EncoderException
instanceKlass org/apache/commons/codec/DecoderException
instanceKlass org/apache/maven/model/resolution/InvalidRepositoryException
instanceKlass org/apache/maven/model/resolution/UnresolvableModelException
instanceKlass org/apache/maven/toolchain/building/ToolchainsBuildingException
instanceKlass org/apache/maven/repository/metadata/MetadataResolutionException
instanceKlass org/apache/maven/repository/ArtifactDoesNotExistException
instanceKlass org/apache/maven/repository/ArtifactTransferFailedException
instanceKlass org/codehaus/plexus/component/composition/CycleDetectedInComponentGraphException
instanceKlass org/codehaus/plexus/configuration/PlexusConfigurationException
instanceKlass org/apache/maven/repository/metadata/MetadataGraphTransformationException
instanceKlass org/apache/maven/repository/metadata/GraphConflictResolutionException
instanceKlass org/apache/maven/lifecycle/LifecycleNotFoundException
instanceKlass org/apache/maven/lifecycle/LifecyclePhaseNotFoundException
instanceKlass org/apache/maven/lifecycle/LifecycleExecutionException
instanceKlass org/apache/maven/configuration/BeanConfigurationException
instanceKlass org/apache/maven/model/building/ModelBuildingException
instanceKlass org/apache/maven/BuildFailureException
instanceKlass org/apache/maven/plugin/version/PluginVersionNotFoundException
instanceKlass org/apache/maven/plugin/InvalidPluginException
instanceKlass org/apache/maven/plugin/prefix/NoPluginFoundForPrefixException
instanceKlass org/apache/maven/repository/legacy/resolver/conflict/ConflictResolverNotFoundException
instanceKlass org/apache/maven/artifact/repository/metadata/RepositoryMetadataReadException
instanceKlass org/apache/maven/artifact/repository/metadata/RepositoryMetadataStoreException
instanceKlass org/apache/maven/lifecycle/internal/builder/BuilderNotFoundException
instanceKlass org/apache/maven/lifecycle/NoGoalSpecifiedException
instanceKlass org/apache/maven/lifecycle/MissingProjectException
instanceKlass org/apache/http/HttpException
instanceKlass org/apache/maven/toolchain/MisconfiguredToolchainException
instanceKlass org/apache/maven/artifact/repository/metadata/RepositoryMetadataResolutionException
instanceKlass org/apache/maven/MavenExecutionException
instanceKlass org/apache/maven/artifact/installer/ArtifactInstallationException
instanceKlass org/apache/maven/artifact/deployer/ArtifactDeploymentException
instanceKlass org/apache/maven/project/DependencyResolutionException
instanceKlass org/codehaus/plexus/personality/plexus/lifecycle/phase/InitializationException
instanceKlass org/apache/maven/project/interpolation/ModelInterpolationException
instanceKlass org/codehaus/plexus/component/repository/exception/ComponentLifecycleException
instanceKlass org/apache/maven/wagon/WagonException
instanceKlass org/apache/maven/repository/legacy/metadata/ArtifactMetadataRetrievalException
instanceKlass org/sonatype/plexus/components/sec/dispatcher/SecDispatcherException
instanceKlass org/sonatype/plexus/components/cipher/PlexusCipherException
instanceKlass com/google/common/collect/RegularImmutableMap$BucketOverflowException
instanceKlass com/google/inject/internal/ErrorsException
instanceKlass com/google/inject/internal/InternalProvisionException
instanceKlass org/codehaus/plexus/context/ContextException
instanceKlass org/codehaus/plexus/PlexusContainerException
instanceKlass org/codehaus/plexus/util/xml/pull/XmlPullParserException
instanceKlass org/apache/commons/cli/ParseException
instanceKlass org/codehaus/plexus/interpolation/InterpolationException
instanceKlass org/apache/maven/cli/MavenCli$ExitException
instanceKlass sun/nio/fs/WindowsException
instanceKlass org/eclipse/equinox/security/storage/StorageException
instanceKlass javax/xml/transform/TransformerException
instanceKlass org/eclipse/jface/text/templates/TemplateException
instanceKlass lombok/eclipse/agent/PatchDelegate$CantMakeDelegates
instanceKlass org/eclipse/jface/text/BadLocationException
instanceKlass org/eclipse/jdt/core/compiler/InvalidInputException
instanceKlass org/eclipse/jdt/internal/compiler/classfmt/ClassFormatException
instanceKlass org/apache/maven/artifact/versioning/InvalidVersionSpecificationException
instanceKlass java/text/ParseException
instanceKlass org/codehaus/plexus/component/configurator/expression/ExpressionEvaluationException
instanceKlass org/apache/maven/cli/internal/ExtensionResolutionException
instanceKlass org/codehaus/plexus/classworlds/ClassWorldException
instanceKlass org/apache/maven/plugin/version/PluginVersionResolutionException
instanceKlass org/codehaus/plexus/component/configurator/ComponentConfigurationException
instanceKlass org/apache/maven/plugin/InvalidPluginDescriptorException
instanceKlass org/apache/maven/plugin/MojoNotFoundException
instanceKlass org/apache/maven/plugin/PluginDescriptorParsingException
instanceKlass org/apache/maven/artifact/resolver/AbstractArtifactResolutionException
instanceKlass org/apache/maven/artifact/InvalidRepositoryException
instanceKlass org/apache/maven/settings/building/SettingsBuildingException
instanceKlass org/apache/maven/plugin/AbstractMojoExecutionException
instanceKlass org/apache/maven/plugin/PluginResolutionException
instanceKlass org/apache/maven/plugin/PluginConfigurationException
instanceKlass org/apache/maven/plugin/PluginManagerException
instanceKlass org/apache/maven/execution/MavenExecutionRequestPopulationException
instanceKlass org/apache/maven/project/ProjectBuildingException
instanceKlass org/eclipse/aether/RepositoryException
instanceKlass org/codehaus/plexus/component/repository/exception/ComponentLookupException
instanceKlass org/apache/maven/project/DuplicateProjectException
instanceKlass org/codehaus/plexus/util/dag/CycleDetectedException
instanceKlass ch/qos/logback/core/util/DynamicClassLoadingException
instanceKlass ch/qos/logback/core/util/IncompatibleClassException
instanceKlass ch/qos/logback/core/joran/spi/JoranException
instanceKlass java/util/concurrent/TimeoutException
instanceKlass org/osgi/service/application/ApplicationException
instanceKlass org/eclipse/core/runtime/CoreException
instanceKlass org/osgi/service/prefs/BackingStoreException
instanceKlass org/apache/felix/scr/impl/inject/methods/SuitableMethodNotAccessibleException
instanceKlass org/xml/sax/SAXException
instanceKlass java/util/concurrent/ExecutionException
instanceKlass java/lang/CloneNotSupportedException
instanceKlass javax/xml/parsers/ParserConfigurationException
instanceKlass org/osgi/service/resolver/ResolutionException
instanceKlass java/security/GeneralSecurityException
instanceKlass org/eclipse/osgi/container/ModuleContainer$ResolutionLockException
instanceKlass java/security/PrivilegedActionException
instanceKlass java/lang/InterruptedException
instanceKlass org/osgi/framework/InvalidSyntaxException
instanceKlass org/osgi/framework/BundleException
instanceKlass java/net/URISyntaxException
instanceKlass java/lang/instrument/UnmodifiableClassException
instanceKlass java/io/IOException
instanceKlass java/lang/ReflectiveOperationException
instanceKlass java/lang/RuntimeException
ciInstanceKlass java/lang/Exception 1 1 40 10 7 12 1 1 1 10 12 1 10 12 1 10 12 1 10 12 1 100 1 1 1 1 5 0 1 1 1 1 1 1 1 1 1 1 1 1 1 1
instanceKlass org/apache/maven/artifact/repository/metadata/RepositoryMetadataDeploymentException
instanceKlass org/apache/maven/artifact/repository/metadata/RepositoryMetadataInstallationException
instanceKlass lombok/eclipse/agent/PatchDelegate$DelegateRecursion
instanceKlass java/lang/Exception
instanceKlass java/lang/Error
ciInstanceKlass java/lang/Throwable 1 1 404 10 7 12 1 1 1 9 7 12 1 1 1 9 12 1 1 9 12 1 9 12 1 1 9 12 1 10 12 1 1 9 12 1 1 10 12 1 1 10 12 1 100 1 7 1 10 8 1 10 12 1 1 8 1 10 100 12 1 1 10 10 12 1 100 1 8 1 10 10 12 1 1 10 7 12 1 1 10 12 1 8 1 9 7 12 1 1 1 10 12 1 1 100 1 10 12 10 12 1 10 100 12 1 1 1 100 1 10 12 10 12 1 10 12 1 100 1 10 10 7 12 1 1 1 11 100 12 1 1 1 10 12 1 1 10 12 1 1 8 1 10 12 1 10 12 1 1 8 1 8 1 10 12 1 1 10 12 1 8 1 8 1 9 12 1 1 10 12 1 1 100 1 10 11 12 1 8 1 8 1 10 7 12 1 1 8 1 10 12 1 8 1 100 1 10 12 1 9 12 1 1 10 12 1 10 7 12 1 9 12 1 1 10 12 1 1 100 1 8 1 10 12 1 10 100 12 1 1 10 12 1 1 7 1 10 100 12 1 1 1 10 12 1 11 7 12 1 1 1 11 7 12 1 1 11 12 1 8 1 10 12 1 1 8 1 10 10 9 100 12 1 1 1 8 1 10 12 1 1 11 10 100 1 8 1 10 11 12 1 1 8 1 9 12 1 10 100 12 1 1 11 9 12 1 1 11 12 1 1 100 10 12 1 10 12 1 1 7 1 1 1 1 5 0 1 1 1 1 1 1 1 1 1 1 1 1 1 7 1 1 1 1 1 1 1 1 1 1 1 1 1 1 1 1 1 1 1 1 1 1 1 1 1 1 1 1 1 1 1 1 1 1 1 1 1 1 1 1 1 1 1 1 100 1 7 1 1 1 1 1 1 1 1 1 1 1 1 1 1 1 1 1 1
staticfield java/lang/Throwable UNASSIGNED_STACK [Ljava/lang/StackTraceElement; 0 [Ljava/lang/StackTraceElement;
staticfield java/lang/Throwable SUPPRESSED_SENTINEL Ljava/util/List; java/util/Collections$EmptyList
staticfield java/lang/Throwable EMPTY_THROWABLE_ARRAY [Ljava/lang/Throwable; 0 [Ljava/lang/Throwable;
staticfield java/lang/Throwable $assertionsDisabled Z 1
instanceKlass org/eclipse/core/internal/resources/SaveManager$MasterTable
instanceKlass org/eclipse/osgi/util/NLS$MessagesProperties
instanceKlass org/eclipse/core/internal/preferences/SortedProperties
instanceKlass java/security/Provider
ciInstanceKlass java/util/Properties 1 1 690 10 7 12 1 1 1 100 1 10 7 12 1 1 7 1 10 12 1 9 12 1 1 9 12 1 1 9 12 1 1 10 7 12 1 1 1 10 12 1 1 8 1 10 7 12 1 1 1 7 1 10 12 1 10 12 1 1 8 1 10 12 1 7 1 10 12 10 12 1 1 9 12 1 1 10 12 1 1 7 1 10 12 1 10 12 1 10 12 1 1 100 1 8 1 10 12 1 10 12 1 10 12 1 1 10 12 1 7 1 3 10 10 100 12 1 1 1 10 12 1 10 12 1 1 8 1 10 12 1 10 12 1 1 8 1 10 100 12 1 1 10 12 1 1 10 12 1 10 12 1 1 100 1 10 12 1 10 12 1 1 100 1 9 100 12 1 1 1 10 12 1 10 12 1 1 10 12 1 1 10 12 1 1 100 1 9 12 1 1 7 1 7 1 10 12 1 7 1 11 7 12 1 1 1 11 12 1 1 11 7 12 1 1 1 11 7 12 1 1 1 11 12 1 1 11 12 1 11 12 1 10 12 1 1 8 1 10 12 1 10 100 12 1 1 10 12 1 100 1 10 10 12 1 10 12 1 100 1 10 10 12 1 1 10 7 12 1 1 9 100 12 1 1 10 12 1 1 10 100 12 1 1 1 100 1 100 1 100 1 10 8 1 8 1 10 12 1 10 12 1 10 12 1 1 10 10 12 1 1 10 12 1 1 7 1 10 10 12 1 11 7 12 1 1 10 7 12 1 1 1 8 1 10 100 12 1 1 11 11 7 1 8 1 10 100 1 11 10 12 1 10 10 12 1 10 12 1 1 10 12 1 1 10 12 1 1 10 12 1 10 12 1 10 10 12 1 10 12 1 10 12 1 10 10 12 1 1 10 12 1 1 10 10 12 1 10 12 1 10 12 1 10 12 1 10 12 1 1 10 12 1 1 10 12 1 10 12 1 10 12 1 1 10 12 10 12 1 1 10 12 1 1 10 12 1 10 12 1 1 10 12 1 1 10 12 10 11 12 1 4 11 10 12 1 1 10 100 12 1 1 11 12 1 10 12 1 1 10 100 12 1 1 10 12 1 100 1 8 1 10 12 1 10 10 100 12 1 1 1 100 1 6 0 10 12 1 1 11 100 12 1 1 1 10 12 1 10 12 1 1 1 1 1 5 0 1 1 1 1 1 1 1 1 1 1 1 1 1 1 1 1 1 1 1 1 1 1 1 1 1 1 1 1 1 1 1 1 1 1 1 1 1 1 1 100 1 1 1 1 1 1 1 1 1 1 1 1 1 1 1 1 1 1 1 1 100 1 1 1 1 1 1 1 1 1 1 1 1 7 1 7 1 1 1 1 1 100 1 1 1 1 1 1 1 1 1 1 1 1 1 1 1 1 1 1 1 1 1 1 1 1 1 1 1 1 1 1 1 1 1 1 1 1 1 1 1 1 1 1 1 1 1 1 1 1 1 1 1 1 1 1 1 1 1 1 1 1 1 1 1 1 1 1 1 1 1 1 1 1 1 1 1 1 1 7 1 1 1 1 1 1 1 1 1 1 1 100 1 1
staticfield java/util/Properties UNSAFE Ljdk/internal/misc/Unsafe; jdk/internal/misc/Unsafe
instanceKlass org/apache/felix/scr/impl/helper/ReadOnlyDictionary
instanceKlass org/osgi/framework/FrameworkUtil$MapAsDictionary
instanceKlass org/eclipse/osgi/framework/util/CaseInsensitiveDictionaryMap$UnmodifiableDictionary
instanceKlass org/eclipse/osgi/framework/util/CaseInsensitiveDictionaryMap
instanceKlass org/eclipse/osgi/internal/framework/EquinoxBundle$SystemBundle$SystemBundleHeaders
instanceKlass org/eclipse/osgi/storage/BundleInfo$CachedManifest
instanceKlass java/util/Hashtable
ciInstanceKlass java/util/Dictionary 1 1 36 10 7 12 1 1 1 100 1 1 1 1 1 1 1 1 1 1 1 1 1 1 1 1 1 1 1 1 1 1 1 1 1 1 1 1
instanceKlass java/util/Properties
ciInstanceKlass java/util/Hashtable 1 1 516 7 1 10 7 12 1 1 1 9 7 12 1 1 1 100 1 7 1 10 8 1 10 12 1 1 10 12 1 10 12 1 1 10 12 1 10 7 12 1 1 1 8 1 10 12 1 9 12 1 1 7 1 9 12 1 1 4 10 7 12 1 1 1 9 12 1 4 10 12 1 11 7 12 1 1 1 10 12 1 1 10 12 1 1 9 12 1 10 12 1 1 100 1 10 9 12 1 1 10 7 12 1 1 1 9 12 1 1 10 12 1 10 12 1 3 9 12 1 9 12 1 3 10 12 1 10 12 1 10 12 1 1 11 12 1 1 11 7 12 1 1 1 11 7 12 1 1 1 11 12 1 7 1 11 12 1 11 12 1 10 12 1 1 10 12 1 1 10 12 1 9 12 1 1 9 12 9 12 1 1 10 100 1 7 1 10 12 1 10 8 1 10 10 12 1 8 1 10 8 1 10 7 12 1 1 1 7 1 10 12 1 10 12 1 100 1 10 12 1 10 12 1 1 7 1 10 100 1 10 10 12 1 1 11 12 1 1 11 12 1 7 1 10 10 10 100 12 1 1 11 100 12 1 1 1 100 1 10 11 100 12 1 1 11 100 12 1 10 12 1 10 12 1 1 10 100 12 1 1 10 12 1 1 10 12 1 1 10 12 1 1 10 100 12 1 1 1 8 10 100 12 1 1 100 1 8 1 10 4 4 10 12 1 1 10 12 1 8 1 4 10 12 10 100 12 1 1 1 100 1 11 100 12 1 1 1 10 100 12 1 1 1 10 12 1 10 12 1 1 10 7 1 7 1 1 1 1 1 1 5 0 1 1 1 1 1 3 1 3 1 3 1 1 1 1 1 1 1 1 1 1 1 1 1 1 1 1 1 1 1 1 1 1 1 1 1 100 1 1 1 1 1 1 1 1 1 1 1 1 1 1 1 1 1 1 1 1 1 1 1 1 1 1 1 1 1 7 1 1 1 1 1 1 1 1 1 1 1 1 1 1 7 1 1 1 1 1 1 1 1 1 1 1 1 1 1 1 1 1 1 1 1 1 1 1 1 1 1 1 1 1 1 1 1 1 1 1 1 1 1 1 1 1 1 1 1 100 1 1 1 7 1 1 1 1 1 7 1 1 1 1 1 1 1 1 1 1 1 1 1 1 1 1 1 1
ciInstanceKlass java/lang/String 1 1 1451 10 7 12 1 1 1 8 1 9 7 12 1 1 1 9 12 1 1 9 12 1 1 9 12 1 1 10 12 1 10 12 1 1 10 12 1 1 9 12 1 10 7 12 1 1 1 10 12 1 1 10 12 1 10 7 12 1 1 1 10 12 1 1 10 12 1 1 10 12 1 10 12 1 1 10 12 1 10 7 12 1 1 1 7 1 9 7 12 1 1 1 10 7 12 1 1 1 10 12 1 1 10 12 1 1 10 7 12 1 1 1 10 12 1 1 9 7 12 1 1 10 12 9 7 12 1 1 10 12 1 1 3 10 12 1 1 7 1 11 12 1 1 11 12 1 11 12 1 1 10 100 12 1 1 1 10 12 1 1 9 100 12 1 1 1 10 12 1 1 10 12 1 11 12 1 1 10 12 1 10 12 10 12 1 1 10 7 12 1 1 1 10 7 12 1 1 1 10 12 1 1 100 1 7 1 10 12 1 10 12 1 10 12 1 1 10 12 1 1 100 1 10 12 1 1 100 1 10 12 1 1 10 12 1 1 10 12 1 10 10 12 1 100 1 100 1 100 1 10 12 1 10 12 1 1 10 12 1 1 10 12 1 10 12 1 1 10 12 1 1 10 100 12 1 1 100 1 11 10 7 12 1 1 11 12 1 11 12 1 10 12 1 1 10 12 1 10 12 10 12 1 1 10 10 100 12 1 1 1 10 100 12 1 1 10 12 1 1 10 100 12 1 1 10 12 1 10 12 1 1 10 12 1 1 10 12 1 10 12 1 10 12 1 1 100 1 10 12 1 1 10 12 10 12 1 10 12 1 1 10 12 1 1 10 7 12 1 1 1 10 12 1 10 12 1 1 10 12 1 10 12 1 3 3 10 12 1 1 10 12 1 10 12 1 1 10 12 1 1 10 12 1 1 10 12 1 10 12 1 1 10 12 1 1 10 12 1 10 12 1 10 12 1 10 12 1 1 10 12 1 10 12 1 10 12 1 10 12 1 10 12 1 10 12 1 10 7 1 10 8 1 10 12 1 1 10 12 1 8 1 10 12 1 1 10 12 10 12 1 8 1 10 10 12 1 1 10 12 1 1 10 12 1 1 10 7 1 10 10 12 1 10 12 1 10 12 1 10 10 12 1 10 12 1 10 12 1 10 12 1 10 12 1 10 12 1 10 12 1 1 10 12 1 1 10 12 1 1 10 10 12 1 1 10 10 12 1 100 1 10 10 12 1 1 10 12 1 1 10 7 1 10 12 1 10 12 1 10 7 12 1 1 1 10 12 1 10 12 1 1 10 12 1 11 7 1 11 12 10 12 1 10 12 1 1 10 12 1 1 10 10 12 1 10 12 1 9 12 1 1 11 7 12 1 1 1 10 12 10 10 12 1 10 12 1 1 10 10 12 1 10 12 1 10 12 1 1 10 12 1 1 10 10 12 1 1 10 12 1 10 10 12 1 10 12 10 10 12 10 10 12 1 10 12 1 10 10 12 10 7 12 1 1 1 10 12 10 10 12 10 12 1 10 12 10 12 10 10 12 1 10 12 1 1 10 12 1 1 10 10 12 1 10 7 12 1 1 1 10 12 1 1 10 10 7 12 1 1 1 11 10 12 1 10 12 1 1 10 12 1 1 10 7 12 1 1 1 10 12 1 10 12 1 10 12 1 10 12 1 10 12 1 10 12 1 100 1 7 1 8 1 10 10 10 12 1 10 12 1 1 8 1 10 12 1 3 3 10 12 1 10 12 1 1 10 12 7 1 10 10 12 1 1 10 12 1 10 12 1 10 12 1 1 10 12 1 1 11 7 12 1 1 1 7 1 10 12 1 10 12 1 1 8 1 10 12 1 1 10 12 1 11 7 12 1 1 1 11 7 12 1 1 11 12 1 10 12 1 10 12 1 1 10 10 7 12 1 1 1 10 12 1 10 12 1 10 10 12 10 12 1 1 10 10 12 1 10 10 12 1 10 10 12 1 10 10 12 1 10 12 1 1 10 10 12 1 8 1 10 12 1 1 18 12 1 1 11 100 12 1 1 1 7 1 3 18 12 1 18 12 1 8 1 10 100 12 1 1 1 11 12 1 1 10 12 10 10 12 1 10 11 12 1 1 10 12 1 1 11 12 1 18 3 11 10 12 1 11 11 10 12 1 10 12 1 1 8 1 10 12 1 10 12 1 10 12 1 1 10 10 12 1 11 100 12 1 100 1 100 1 10 12 100 1 10 10 100 12 1 1 1 100 1 10 7 1 10 10 12 1 10 10 12 1 8 1 10 10 12 1 8 1 8 1 10 12 1 10 12 1 10 10 12 10 7 12 1 1 10 7 12 1 1 10 7 12 1 1 8 1 10 12 1 10 12 1 10 9 12 1 10 12 9 7 12 1 1 1 10 12 1 10 12 1 10 12 1 10 12 10 12 1 10 12 1 8 1 10 100 12 1 1 1 10 12 10 12 1 1 10 12 10 10 12 10 12 7 1 9 12 1 1 7 1 10 7 1 7 1 7 1 7 1 1 1 1 1 1 5 0 1 1 1 1 1 3 1 3 1 1 1 1 1 1 1 1 1 1 1 1 1 1 1 100 1 1 1 1 1 1 1 1 1 1 1 1 1 1 1 1 1 1 1 1 1 1 1 1 1 1 1 1 1 1 1 100 1 1 1 1 1 1 1 1 1 1 1 1 7 1 1 1 1 1 1 1 1 1 1 1 1 1 1 1 1 1 1 1 1 1 1 1 1 1 1 1 1 1 1 1 1 1 1 1 1 1 1 1 1 1 1 1 1 1 1 1 1 1 1 1 1 1 1 1 1 1 1 1 1 1 1 1 1 1 1 1 1 1 1 1 1 1 1 1 1 1 1 1 1 1 1 1 1 1 1 1 1 1 1 1 1 1 1 1 1 1 1 1 1 1 1 1 1 1 1 1 1 1 1 1 1 1 1 1 1 1 1 1 1 1 1 1 1 1 1 1 1 1 1 1 1 1 1 1 1 1 1 1 1 1 1 1 1 1 1 1 1 1 1 1 1 1 1 1 1 1 1 1 1 1 1 1 1 1 1 1 1 1 1 1 1 1 1 100 1 1 1 1 1 1 1 1 1 1 1 1 1 1 1 1 1 1 1 1 1 1 1 100 1 1 1 1 1 1 1 1 1 1 1 1 1 1 1 7 1 1 1 1 1 1 1 1 1 1 1 1 1 1 1 16 15 10 12 16 15 10 12 15 10 12 15 10 12 15 10 100 12 1 1 1 1 1 1 1 100 1 100 1 1 1
staticfield java/lang/String COMPACT_STRINGS Z 1
staticfield java/lang/String serialPersistentFields [Ljava/io/ObjectStreamField; 0 [Ljava/io/ObjectStreamField;
staticfield java/lang/String CASE_INSENSITIVE_ORDER Ljava/util/Comparator; java/lang/String$CaseInsensitiveComparator
ciMethod java/lang/String equals (Ljava/lang/Object;)Z 696 0 8024 0 -1
ciMethod java/lang/String length ()I 810 0 628038 0 -1
ciMethod java/lang/String charAt (I)C 576 0 1310925 0 -1
ciInstanceKlass java/lang/constant/ConstantDesc 1 0 37 100 1 100 1 1 1 1 100 1 1 1 1 100 1 100 1 100 1 100 1 100 1 100 1 100 1 100 1 100 1 1 100 1 100 1 1
ciInstanceKlass java/lang/InternalError 1 1 34 10 7 12 1 1 1 10 12 1 10 12 1 10 12 1 100 1 1 1 1 5 0 1 1 1 1 1 1 1 1 1 1 1
instanceKlass java/io/IOError
instanceKlass org/apache/maven/BuildAbort
instanceKlass javax/xml/parsers/FactoryConfigurationError
instanceKlass com/google/common/util/concurrent/ExecutionError
instanceKlass java/util/ServiceConfigurationError
instanceKlass java/lang/ThreadDeath
instanceKlass java/lang/AssertionError
instanceKlass java/lang/VirtualMachineError
instanceKlass java/lang/LinkageError
ciInstanceKlass java/lang/Error 1 1 40 10 7 12 1 1 1 10 12 1 10 12 1 10 12 1 10 12 1 100 1 1 1 1 5 0 1 1 1 1 1 1 1 1 1 1 1 1 1 1
instanceKlass java/lang/StackOverflowError
instanceKlass java/lang/OutOfMemoryError
instanceKlass java/lang/InternalError
ciInstanceKlass java/lang/VirtualMachineError 1 1 34 10 7 12 1 1 1 10 12 1 10 12 1 10 12 1 100 1 1 1 1 5 0 1 1 1 1 1 1 1 1 1 1 1
ciInstanceKlass java/util/Set 1 1 144 100 1 10 7 12 1 1 1 9 7 12 1 1 1 7 1 10 12 1 1 10 12 1 7 1 7 1 10 12 1 7 1 7 1 11 7 12 1 1 1 11 12 1 1 7 1 10 12 1 10 12 1 1 11 12 1 1 1 1 1 1 1 1 1 1 1 1 1 1 1 1 1 1 1 1 1 1 1 1 1 1 1 1 1 1 1 1 1 1 1 1 1 1 1 1 1 1 1 1 1 1 1 1 1 1 1 1 1 1 1 1 1 1 1 1 1 1 1 1 1 1 1 1 1 1 1 1 1 1 1 1 1 1 1 1 1 1 1 1 1 1 1 1
ciInstanceKlass java/util/Iterator 1 1 53 100 1 8 1 10 12 1 1 10 7 12 1 1 1 11 7 12 1 1 1 11 12 1 1 11 7 12 1 1 1 7 1 1 1 1 1 1 1 1 1 1 1 1 1 1 1 1 1 1 1 1 1
instanceKlass org/eclipse/jdt/ls/core/internal/ConnectionStreamFactory$NamedPipeInputStream
instanceKlass sun/nio/ch/ChannelInputStream
instanceKlass java/io/ObjectInputStream$PeekInputStream
instanceKlass java/io/ObjectInputStream$BlockDataInputStream
instanceKlass org/eclipse/core/internal/resources/ContentDescriptionManager$LazyFileInputStream
instanceKlass java/io/ObjectInputStream
instanceKlass org/eclipse/core/internal/localstore/SafeChunkyInputStream
instanceKlass org/eclipse/core/internal/registry/BufferedRandomInputStream
instanceKlass com/sun/org/apache/xerces/internal/impl/XMLEntityManager$RewindableInputStream
instanceKlass org/eclipse/osgi/storage/url/reference/ReferenceInputStream
instanceKlass java/util/jar/JarVerifier$VerifierStream
instanceKlass java/util/zip/ZipFile$ZipFileInputStream
instanceKlass java/io/FilterInputStream
instanceKlass java/io/FileInputStream
instanceKlass java/io/ByteArrayInputStream
ciInstanceKlass java/io/InputStream 1 1 195 7 1 10 7 12 1 1 1 100 1 10 10 7 12 1 1 1 10 7 12 1 1 1 10 12 1 100 1 3 10 12 1 1 100 1 8 1 10 12 1 10 7 12 1 1 1 3 7 1 8 1 10 10 7 12 1 1 1 7 1 10 11 7 12 1 1 1 10 12 1 1 11 12 1 1 11 7 12 1 1 1 11 12 1 1 7 1 10 7 12 1 1 1 5 0 10 12 1 10 12 1 1 100 1 10 8 1 10 8 1 8 1 10 12 1 1 10 100 12 1 1 1 7 1 5 0 10 12 1 100 1 7 1 1 1 1 3 1 3 1 1 1 1 1 1 1 1 1 1 1 1 1 1 1 1 1 1 1 1 1 1 1 1 1 1 1 1 1 1 1 1 1 1 1 1 1 1 1 1 1 1 1 1 1 1 1 1 1 1 1 1 1 1 1
ciInstanceKlass jdk/internal/misc/Unsafe 1 1 1287 10 7 12 1 1 1 9 7 12 1 1 1 9 12 1 1 10 12 1 1 10 7 12 1 1 1 10 12 1 1 10 12 1 1 10 12 1 1 10 12 1 1 10 12 1 1 10 12 1 1 10 12 1 1 10 12 1 1 10 12 1 1 10 12 1 1 10 12 1 1 10 12 1 1 10 12 1 1 10 12 1 10 12 1 100 1 10 10 12 1 1 10 12 1 1 5 0 10 12 1 1 10 12 1 1 10 7 12 1 1 1 10 12 1 1 10 12 1 10 12 1 10 12 1 1 10 12 1 1 10 12 1 10 12 1 7 1 7 1 10 8 1 10 12 1 1 10 12 1 8 1 10 12 1 1 10 12 1 10 12 1 10 12 1 1 10 12 1 10 12 1 1 10 12 1 1 10 12 1 10 12 1 10 12 1 10 12 1 1 10 12 1 10 12 1 10 12 1 1 10 12 1 5 0 5 0 5 0 10 12 1 10 12 1 10 12 1 10 12 1 10 12 1 10 12 1 10 12 1 10 12 1 10 12 1 1 10 12 1 10 12 1 7 1 8 1 10 100 1 10 10 12 1 1 10 12 1 1 10 12 1 10 12 1 1 10 12 1 1 10 12 1 10 12 1 1 10 12 1 9 7 12 1 1 9 12 1 100 1 10 10 12 1 1 8 1 10 8 1 8 1 10 12 1 1 9 7 12 1 1 1 9 7 1 9 7 1 9 7 1 9 9 7 1 9 7 1 9 7 1 10 12 1 1 10 12 1 1 10 12 1 1 10 12 1 1 5 0 5 0 9 12 1 1 10 12 1 10 12 1 10 12 1 1 10 12 1 1 10 12 1 8 1 3 10 12 1 1 10 12 1 1 10 12 1 10 12 1 1 10 12 1 1 10 12 1 10 12 1 10 12 1 10 12 1 10 12 1 10 12 1 1 10 12 1 1 10 12 1 10 12 1 10 12 1 10 12 1 10 12 1 10 12 1 1 10 12 1 1 10 12 1 10 12 1 10 12 1 10 12 1 10 12 1 10 12 1 1 10 12 1 1 10 12 1 1 10 12 1 1 10 12 1 10 12 1 10 12 1 10 12 1 10 12 1 10 12 1 10 12 1 1 10 12 1 1 10 12 1 10 12 1 10 12 1 10 12 1 10 12 1 10 12 1 10 12 1 1 10 12 1 1 10 12 1 10 12 1 10 12 1 10 12 1 10 12 1 10 12 1 10 12 1 10 12 1 1 10 12 1 10 12 1 10 12 1 10 12 1 10 12 1 1 10 12 1 10 12 1 10 12 1 10 12 1 10 12 1 10 12 1 10 12 1 10 12 1 1 10 12 1 10 12 1 10 12 1 10 12 1 10 12 1 10 12 1 1 10 12 1 10 12 1 10 12 1 1 10 12 1 10 12 1 10 12 1 10 12 1 10 12 1 10 12 1 10 12 1 10 12 1 10 12 1 10 12 1 10 12 1 10 12 1 10 12 1 10 12 1 10 12 1 10 12 1 10 12 1 10 12 1 10 12 1 10 12 1 10 12 1 10 12 1 10 12 1 100 1 10 100 1 10 9 12 1 5 0 10 12 1 1 5 0 10 12 1 5 0 10 12 1 10 12 1 10 12 1 1 10 12 1 1 10 12 1 10 12 1 10 12 1 10 12 1 1 10 12 1 10 12 1 10 12 1 10 12 1 10 12 1 1 10 12 1 10 12 1 10 12 1 10 12 1 1 10 12 1 10 12 1 10 12 1 1 10 12 1 10 12 1 10 12 1 10 12 1 1 10 12 1 10 10 12 1 1 10 12 1 10 12 1 1 10 12 1 10 12 5 0 5 0 5 0 10 12 1 1 10 12 1 10 12 1 10 12 10 100 12 1 1 8 1 100 1 11 12 1 1 8 1 11 12 1 1 10 100 12 1 1 10 12 1 10 12 1 10 12 1 10 12 1 10 12 1 1 10 12 1 10 12 1 10 12 1 10 12 1 10 12 1 10 12 1 10 7 1 10 12 1 9 12 1 7 1 9 12 1 7 1 9 12 1 7 1 9 12 1 7 1 9 12 1 7 1 9 12 1 7 1 9 12 1 7 1 9 12 1 7 1 9 12 1 10 12 1 9 12 1 9 12 1 9 12 1 9 12 1 9 12 1 9 12 1 9 12 1 9 12 1 9 12 1 9 12 1 1 1 3 1 1 1 1 1 1 1 1 1 1 1 1 1 1 1 1 1 1 1 1 1 1 1 1 1 1 1 1 1 1 1 1 1 1 1 1 1 1 1 1 1 1 1 1 1 1 1 1 1 1 1 1 1 1 1 1 1 1 1 1 1 1 1 1 1 1 1 1 1 1 1 1 1 1 1 1 1 1 1 1 1 1 1 1 1 1 1 1 1 100 1 1 1 1 1 1 1 1 1 1 1 1 1 1 1 1 1 1 1 1 1 1 1 1 1 1 1 1 1 1 1 1 1 1 1 1 1 1 1 1 1 1 1 1 1 1 1 1 1 1 1 1 1 1 1 1 1 1 1 1 1 1 1 1 1 1 1 1 1 1 1 1 1 1 1 1 1 1 1 1 1 1 1 1 1 1 1 1 1 1 1 1 1 1 1 1 1 1 1 1 1 1 1 1 1 1 1 1 1 1 1 1 1 1 1 1 1 1 1 1 1 1 1 1 1 1 1 1 1 1 1 1 1 1 1 1 1 1 1 1 1 1 1 1 1 1 1 1 1 1 1 1 1 1 1 1 1 1 1 1 1 1 1 1 1 1 1 1 1 1 1 1 1 1 1 1 1 1 1 1 1 1 1 1 1 1 1 1 1 1 1 1 1 1 1 1 1 1 1 1 1 1 1 1 1 1 3 1 1 1 1 1 1 1 1 1 1 1 1 1 1 1 1 1 1 1 1 1
staticfield jdk/internal/misc/Unsafe theUnsafe Ljdk/internal/misc/Unsafe; jdk/internal/misc/Unsafe
staticfield jdk/internal/misc/Unsafe ARRAY_BOOLEAN_BASE_OFFSET I 16
staticfield jdk/internal/misc/Unsafe ARRAY_BYTE_BASE_OFFSET I 16
staticfield jdk/internal/misc/Unsafe ARRAY_SHORT_BASE_OFFSET I 16
staticfield jdk/internal/misc/Unsafe ARRAY_CHAR_BASE_OFFSET I 16
staticfield jdk/internal/misc/Unsafe ARRAY_INT_BASE_OFFSET I 16
staticfield jdk/internal/misc/Unsafe ARRAY_LONG_BASE_OFFSET I 16
staticfield jdk/internal/misc/Unsafe ARRAY_FLOAT_BASE_OFFSET I 16
staticfield jdk/internal/misc/Unsafe ARRAY_DOUBLE_BASE_OFFSET I 16
staticfield jdk/internal/misc/Unsafe ARRAY_OBJECT_BASE_OFFSET I 16
staticfield jdk/internal/misc/Unsafe ARRAY_BOOLEAN_INDEX_SCALE I 1
staticfield jdk/internal/misc/Unsafe ARRAY_BYTE_INDEX_SCALE I 1
staticfield jdk/internal/misc/Unsafe ARRAY_SHORT_INDEX_SCALE I 2
staticfield jdk/internal/misc/Unsafe ARRAY_CHAR_INDEX_SCALE I 2
staticfield jdk/internal/misc/Unsafe ARRAY_INT_INDEX_SCALE I 4
staticfield jdk/internal/misc/Unsafe ARRAY_LONG_INDEX_SCALE I 8
staticfield jdk/internal/misc/Unsafe ARRAY_FLOAT_INDEX_SCALE I 4
staticfield jdk/internal/misc/Unsafe ARRAY_DOUBLE_INDEX_SCALE I 8
staticfield jdk/internal/misc/Unsafe ARRAY_OBJECT_INDEX_SCALE I 4
staticfield jdk/internal/misc/Unsafe ADDRESS_SIZE I 8
instanceKlass org/eclipse/sisu/space/CloningClassSpace$CloningClassLoader
instanceKlass org/apache/aries/spifly/MultiDelegationClassloader
instanceKlass org/apache/aries/spifly/Util$WrapperCL
instanceKlass lombok/launch/ShadowClassLoader
instanceKlass org/eclipse/osgi/internal/loader/ModuleClassLoader
instanceKlass org/eclipse/osgi/internal/framework/ContextFinder
instanceKlass org/eclipse/osgi/internal/framework/EquinoxContainer$1
instanceKlass lombok/launch/ShadowClassLoader
instanceKlass jdk/internal/reflect/DelegatingClassLoader
instanceKlass java/security/SecureClassLoader
ciInstanceKlass java/lang/ClassLoader 1 1 1108 9 7 12 1 1 1 10 7 12 1 1 1 9 12 1 1 10 7 12 1 1 1 7 1 10 12 1 1 10 12 1 1 9 12 1 1 10 12 1 1 100 1 10 12 1 10 12 1 1 10 7 12 1 1 1 100 1 8 1 10 12 1 10 7 12 1 1 1 10 7 12 1 10 7 1 10 7 1 7 1 7 1 10 12 1 10 12 1 9 12 1 1 10 10 7 12 1 1 1 9 12 1 1 9 12 1 9 12 1 1 9 12 1 9 12 1 1 9 12 1 1 7 1 10 12 1 9 12 1 1 10 12 1 1 10 7 12 1 1 1 9 12 1 9 12 1 1 9 12 1 10 12 1 1 9 12 10 12 1 1 7 1 10 8 1 10 12 1 1 10 12 1 10 7 1 7 1 10 12 1 1 10 7 12 1 1 1 8 1 10 12 1 10 12 1 10 12 1 1 10 12 1 1 10 12 1 1 10 12 1 1 10 12 1 1 10 12 1 7 1 10 12 1 10 7 12 1 1 1 10 12 1 1 10 12 1 10 12 1 10 12 1 10 12 1 10 12 1 1 10 10 12 1 10 12 1 10 100 12 1 1 10 12 1 1 10 12 1 1 10 12 1 100 1 10 12 1 7 1 10 12 1 10 7 12 1 1 1 10 10 12 1 1 10 12 1 1 7 1 8 1 10 8 1 10 12 1 10 12 1 100 1 8 1 10 12 1 1 10 12 1 1 10 10 12 1 1 10 12 1 1 10 12 1 1 10 7 1 10 12 1 1 10 12 1 1 10 12 1 1 10 12 1 1 10 12 1 1 10 12 1 1 10 12 1 10 7 12 1 1 1 10 12 1 10 12 1 10 12 1 1 10 12 1 10 12 1 10 12 1 10 12 1 1 10 12 1 10 12 1 1 8 1 9 12 1 10 12 1 1 8 1 8 1 10 7 12 1 1 100 1 10 10 12 10 12 1 10 12 1 10 12 1 10 12 1 1 10 7 12 1 1 10 12 1 10 7 1 7 1 10 12 1 1 10 12 1 10 7 1 10 12 1 100 1 18 12 1 10 100 12 1 1 1 10 7 12 1 1 1 10 7 12 1 1 10 12 1 10 12 1 100 1 10 12 1 8 1 10 10 12 1 1 10 12 1 10 12 1 1 7 1 10 12 1 10 12 1 1 10 7 12 1 1 10 12 1 8 1 100 1 10 10 12 1 9 12 1 10 7 12 1 1 10 12 1 7 1 8 1 10 12 1 10 8 1 8 1 10 12 1 1 10 12 1 1 10 12 1 1 10 7 12 1 1 7 1 100 1 10 12 1 1 7 1 7 1 10 7 12 1 1 10 12 1 10 12 1 1 10 12 1 10 12 1 1 10 12 1 1 9 100 12 1 1 1 10 12 1 1 10 12 1 10 12 1 10 12 1 1 10 12 1 8 1 7 1 18 12 1 1 10 12 1 1 10 12 1 10 12 1 10 12 1 8 1 10 12 1 10 12 1 18 12 1 11 100 12 1 1 1 100 1 10 12 1 1 10 12 1 10 11 12 1 1 10 18 10 12 1 1 11 7 12 1 18 12 1 11 12 1 1 10 12 10 12 1 1 10 12 1 1 100 1 8 1 10 10 12 1 8 1 8 1 10 100 12 1 1 10 12 1 100 1 10 10 12 1 8 1 8 1 8 1 10 12 1 10 12 1 1 10 12 1 10 7 12 1 1 1 11 7 12 1 1 100 1 10 11 10 12 1 10 12 1 10 12 1 1 9 7 12 1 1 9 12 1 1 9 12 9 12 1 9 12 1 9 12 1 8 10 12 1 1 10 7 12 1 1 1 10 12 1 1 10 12 1 1 10 12 1 10 10 12 1 11 12 1 1 10 100 12 1 1 1 100 1 10 12 1 10 12 1 10 12 1 1 1 1 1 1 1 1 1 1 1 1 1 1 1 1 1 1 1 1 1 1 1 1 1 1 1 1 100 1 1 1 1 1 1 1 1 1 1 1 1 1 1 1 1 1 1 1 1 1 100 1 1 1 1 1 1 1 1 1 1 100 1 1 1 1 1 1 1 1 1 1 1 1 1 1 1 1 1 1 1 1 1 1 1 1 1 1 1 1 1 1 1 1 1 1 1 1 1 1 1 1 1 100 1 1 1 1 1 1 1 1 1 1 1 1 1 1 1 1 1 1 1 7 1 1 1 1 1 1 1 1 1 1 1 1 1 1 1 1 1 1 1 1 1 1 1 1 1 1 1 1 1 1 1 1 1 1 1 1 1 1 1 1 1 1 1 1 1 1 1 1 1 1 100 1 1 1 1 1 1 1 1 1 1 1 1 1 1 1 1 1 1 1 1 1 1 1 1 1 1 1 1 1 1 1 1 1 1 1 1 1 1 1 1 1 1 1 1 1 1 16 1 15 10 12 16 1 16 15 10 12 16 1 16 1 15 10 12 16 15 10 12 16 15 10 12 16 15 10 100 12 1 1 1 1 1 100 1 100 1 1
staticfield java/lang/ClassLoader nocerts [Ljava/security/cert/Certificate; 0 [Ljava/security/cert/Certificate;
staticfield java/lang/ClassLoader $assertionsDisabled Z 1
ciInstanceKlass java/lang/reflect/Constructor 1 1 439 10 7 12 1 1 1 10 7 12 1 1 9 7 12 1 1 1 10 12 1 1 10 12 1 1 10 7 12 1 1 9 12 1 1 10 7 12 1 1 1 9 12 1 1 9 12 1 1 9 12 1 9 12 1 1 9 12 1 9 12 1 1 9 12 1 1 9 12 1 100 1 8 1 10 12 1 10 12 1 9 12 1 1 10 7 12 1 1 10 7 12 1 1 1 10 12 1 1 10 12 1 1 10 12 1 7 1 100 1 8 1 10 10 12 1 10 12 1 10 12 1 1 10 12 1 1 9 100 12 1 1 1 10 7 12 1 1 10 12 1 1 10 12 1 10 12 1 1 10 7 12 1 1 1 10 100 12 1 1 10 12 1 1 10 12 1 10 7 12 1 1 1 8 1 10 10 12 1 100 1 8 1 10 12 1 10 12 1 1 10 12 1 1 10 12 1 10 12 1 10 12 1 1 10 12 1 1 9 12 1 1 10 12 1 1 10 12 1 1 10 12 1 1 11 7 12 1 1 1 10 12 1 1 10 12 1 10 12 1 10 12 1 8 1 9 12 1 1 10 7 12 1 1 1 10 7 12 1 1 10 12 1 1 10 12 1 1 10 12 1 1 10 12 1 1 10 12 1 9 7 12 1 1 10 12 1 10 12 1 10 12 1 100 1 8 1 10 10 12 1 1 10 12 1 10 10 12 1 1 10 12 1 1 10 100 12 1 1 1 11 100 12 1 1 1 10 12 1 1 9 100 12 1 1 1 10 100 12 1 1 1 10 12 1 1 1 1 1 1 1 1 1 1 1 1 1 1 1 1 1 1 1 1 1 1 1 1 1 1 1 1 1 1 1 1 1 1 1 1 1 1 1 1 1 1 1 1 1 1 1 1 1 1 1 1 100 1 100 1 100 1 100 1 1 1 1 1 1 1 1 1 1 1 1 1 1 1 1 1 1 1 1 1 1 1 1 1 1 1 1 1 1 1 1 1 100 1 1
instanceKlass java/lang/reflect/Executable
instanceKlass java/lang/reflect/Field
ciInstanceKlass java/lang/reflect/AccessibleObject 1 1 400 10 7 12 1 1 1 9 100 12 1 1 1 10 7 12 1 1 1 10 7 12 1 1 10 7 12 1 1 1 10 7 12 1 1 1 10 12 1 1 10 12 1 1 9 12 1 1 7 1 10 7 12 1 1 1 11 12 1 7 1 10 12 1 7 1 100 1 10 12 1 10 12 1 1 10 12 1 1 10 12 1 1 10 12 1 1 7 1 10 7 12 1 1 1 10 12 1 1 11 10 7 12 1 1 1 10 12 1 1 10 12 1 10 12 1 10 12 1 1 10 12 1 8 1 7 1 7 1 10 10 12 1 1 8 1 10 12 1 10 12 1 8 1 8 1 8 1 8 1 8 1 8 1 8 1 8 1 8 1 7 1 10 12 1 10 12 1 9 12 1 1 10 12 1 1 10 12 1 10 7 1 100 1 8 1 10 8 1 10 12 1 8 1 10 12 1 10 12 1 1 10 100 1 8 1 10 11 7 12 1 1 1 10 12 1 1 10 12 1 1 10 12 1 1 9 12 1 1 100 1 10 12 1 7 1 10 12 1 10 12 1 1 10 100 1 10 12 1 10 12 10 12 1 10 12 1 10 12 1 1 10 12 1 9 12 1 10 7 12 1 1 8 1 10 7 12 1 1 1 8 1 10 7 12 1 1 1 9 12 1 7 1 10 7 1 10 10 7 12 1 1 1 7 1 10 10 7 12 1 1 1 7 1 9 12 1 1 1 1 1 1 1 1 1 1 1 1 1 1 1 1 1 1 1 1 1 1 1 1 1 1 1 1 1 1 1 1 1 1 1 1 1 1 1 1 1 1 1 1 1 1 1 1 1 1 1 1 1 1 1 1 1 1 1 1 1 1 1 1 1 1 1 1 1 1 1 1 1 1 1 1 1 1 1 1 1 1 1 1
staticfield java/lang/reflect/AccessibleObject reflectionFactory Ljdk/internal/reflect/ReflectionFactory; jdk/internal/reflect/ReflectionFactory
instanceKlass java/lang/reflect/Constructor
instanceKlass java/lang/reflect/Method
ciInstanceKlass java/lang/reflect/Executable 1 1 581 10 7 12 1 1 1 10 7 12 1 1 1 10 7 12 1 1 1 11 7 12 1 1 1 10 7 12 1 1 1 10 12 1 1 10 7 12 1 1 1 10 7 12 1 1 1 10 12 1 8 1 10 10 12 1 1 10 12 1 1 10 7 12 1 1 1 18 12 1 1 11 7 12 1 1 1 8 1 8 1 8 1 10 7 12 1 1 1 11 12 1 1 7 1 8 1 8 1 10 12 1 7 1 8 1 10 12 1 8 1 11 100 12 1 1 1 7 1 11 7 12 1 1 1 11 12 1 8 1 18 8 1 10 12 1 10 12 1 1 18 8 1 10 12 1 100 1 10 12 1 10 12 1 11 12 1 10 12 1 1 8 1 8 1 10 12 1 1 10 12 1 1 10 10 12 1 9 100 12 1 1 1 10 100 12 1 1 1 10 12 1 10 12 1 1 10 7 12 1 1 10 12 1 10 12 1 10 12 1 10 7 12 1 1 7 1 10 100 12 1 1 1 10 12 1 1 10 7 12 1 1 10 12 1 10 12 1 1 9 7 12 1 1 1 10 7 10 12 1 8 1 10 12 1 10 12 1 3 100 1 8 1 10 12 1 10 12 1 10 10 12 1 10 12 1 1 8 1 8 1 8 1 9 12 1 1 9 12 1 10 12 1 100 1 8 1 10 12 1 10 12 1 10 12 1 1 10 12 1 1 10 12 1 10 12 10 12 1 7 1 10 12 1 10 12 1 1 100 1 10 7 12 1 1 1 7 1 10 7 12 1 1 1 10 12 1 1 11 7 12 1 1 10 12 1 10 100 12 1 1 1 10 12 1 1 9 12 1 10 12 1 1 10 12 1 10 12 1 1 9 7 12 1 1 1 10 7 12 1 1 1 10 12 1 10 12 1 1 9 12 1 10 10 10 10 100 12 1 1 1 10 12 1 9 12 1 10 12 1 1 9 12 1 7 1 7 1 1 1 1 1 1 1 1 1 1 1 1 1 1 1 1 1 1 1 1 1 1 1 1 1 1 1 1 1 1 1 1 1 1 1 1 100 1 1 1 1 1 1 1 1 1 1 1 1 1 1 1 1 1 1 1 100 1 1 1 1 1 1 1 1 1 1 1 1 1 1 1 1 1 1 1 1 1 1 1 1 1 1 1 1 1 1 1 1 1 1 1 1 1 1 1 1 1 1 1 7 1 1 1 1 1 1 1 1 1 1 1 1 1 1 1 1 1 1 1 1 1 1 7 1 1 16 15 16 1 16 1 15 10 12 16 15 10 7 12 1 1 1 1 1 1 100 1 1 100 1 100 1 1
ciMethod java/lang/reflect/AccessibleObject getAnnotations ()[Ljava/lang/annotation/Annotation; 512 0 1497 0 0
ciMethod java/lang/reflect/Constructor getDeclaringClass ()Ljava/lang/Class; 258 0 129 0 -1
ciMethod java/lang/reflect/Executable getTypeAnnotationBytes0 ()[B 256 0 128 0 -1
ciMethod java/lang/reflect/Executable getAllGenericParameterTypes ()[Ljava/lang/reflect/Type; 512 0 1101 0 -1
ciMethod java/lang/reflect/Executable getAnnotatedParameterTypes ()[Ljava/lang/reflect/AnnotatedType; 512 0 873 0 0
ciMethod java/lang/reflect/Constructor getGenericParameterTypes ()[Ljava/lang/reflect/Type; 512 0 942 0 -1
ciMethod java/lang/reflect/Executable sharedGetParameterAnnotations ([Ljava/lang/Class;[B)[[Ljava/lang/annotation/Annotation; 512 0 873 0 -1
ciMethod java/lang/reflect/Executable parseParameterAnnotations ([B)[[Ljava/lang/annotation/Annotation; 6 0 12 0 -1
ciInstanceKlass java/lang/reflect/Member 1 1 37 100 1 10 12 1 1 100 1 100 1 1 1 1 3 1 3 1 1 1 1 1 1 1 1 1 1 1 1 1 1 1 1 1 1 1 1
instanceKlass com/sun/jna/internal/Cleaner$CleanerThread
instanceKlass org/eclipse/core/internal/jobs/InternalWorker
instanceKlass org/eclipse/core/internal/jobs/Worker
instanceKlass java/util/logging/LogManager$Cleaner
instanceKlass org/eclipse/osgi/framework/eventmgr/EventManager$EventThread
instanceKlass org/eclipse/equinox/launcher/Main$SplashHandler
instanceKlass jdk/internal/misc/InnocuousThread
instanceKlass java/util/concurrent/ForkJoinWorkerThread
instanceKlass java/lang/ref/Finalizer$FinalizerThread
instanceKlass java/lang/ref/Reference$ReferenceHandler
instanceKlass java/lang/BaseVirtualThread
ciInstanceKlass java/lang/Thread 1 1 870 10 7 12 1 1 1 9 12 1 1 10 7 12 1 1 10 12 1 10 100 12 1 1 100 1 8 1 10 12 1 1 9 12 1 9 12 1 1 9 12 1 1 7 1 10 12 1 1 10 12 1 10 7 12 1 1 1 10 12 9 12 1 1 10 12 1 7 1 10 12 1 100 1 8 1 10 9 7 12 1 1 1 10 12 1 1 10 12 1 1 10 12 1 1 10 12 1 10 12 1 1 3 8 1 7 1 5 0 10 7 12 1 1 1 9 12 1 10 12 1 1 10 7 12 1 1 1 10 7 12 1 1 1 10 12 1 1 10 12 1 1 9 12 1 1 10 7 1 8 1 10 7 1 10 12 1 9 12 1 1 10 7 12 1 1 1 10 10 12 1 1 9 100 12 1 1 1 10 12 1 1 10 12 1 1 10 7 12 1 1 10 12 1 10 12 1 10 7 12 1 1 9 12 1 10 7 12 1 1 1 10 12 1 1 9 12 1 1 9 12 1 1 10 7 12 1 1 1 9 12 1 1 10 100 12 1 1 10 100 12 1 1 1 10 12 1 10 12 1 10 7 12 1 1 9 12 1 8 1 9 7 12 1 1 9 12 1 1 5 0 100 1 10 100 1 10 100 1 10 7 1 10 8 1 10 12 1 1 10 7 12 1 10 12 1 10 12 1 100 1 8 1 10 10 12 1 10 12 1 1 10 100 12 1 1 1 10 100 12 1 1 1 10 12 1 7 1 9 12 1 1 100 1 10 10 12 1 9 12 1 1 10 12 1 1 10 12 1 1 10 12 1 10 12 1 9 12 1 1 10 10 12 1 1 10 12 1 1 11 7 12 1 1 10 7 12 1 1 9 12 1 9 12 1 1 9 12 1 1 10 100 12 1 1 10 12 1 1 9 100 12 1 1 1 10 100 12 1 1 10 12 1 10 12 1 100 1 10 10 12 9 12 1 1 10 12 1 11 100 12 1 1 10 12 1 10 12 1 10 12 1 9 12 1 10 10 12 1 10 12 1 1 9 12 1 9 12 10 12 1 8 1 10 12 1 10 12 1 10 12 1 10 12 1 10 12 1 1 10 12 1 10 12 1 1 10 12 1 10 12 1 10 12 1 10 12 1 10 12 1 1 9 7 12 1 1 1 8 1 10 9 12 1 10 12 1 7 1 8 1 10 10 12 1 8 1 10 12 1 1 9 12 10 12 8 1 10 10 12 1 10 12 1 8 1 10 12 1 10 8 1 10 100 12 1 1 10 12 1 1 100 1 8 1 10 9 12 1 9 12 1 1 10 12 1 1 10 10 12 1 10 12 1 100 10 7 12 1 1 1 9 12 1 10 12 1 1 10 12 1 1 10 100 12 1 1 1 11 7 12 1 1 1 9 100 12 1 1 1 10 100 12 1 1 1 7 1 10 12 1 100 1 10 12 1 10 12 1 1 10 12 1 1 8 1 9 12 1 10 12 1 10 12 1 1 11 7 12 1 1 1 10 12 1 1 1 1 3 1 3 1 3 1 3 1 1 1 1 1 1 1 1 1 1 1 1 1 1 1 1 1 1 1 1 1 7 1 1 1 1 1 1 1 1 1 1 1 1 1 1 1 1 1 1 1 1 1 1 7 1 1 1 1 1 1 1 1 1 1 1 1 1 1 1 1 7 1 7 1 1 1 1 1 1 1 1 1 1 1 1 1 1 1 1 1 1 1 1 1 1 1 1 1 1 1 1 1 1 1 1 1 1 1 1 1 1 1 1 1 1 1 1 1 1 1 1 1 1 1 1 1 1 1 1 1 1 1 1 1 1 1 1 1 1 1 1 1 1 1 1 1 1 1 1 100 100 1 1 1 1 1 1 1 1 1 1 1 1 1 1 1 1 1 1 1 1 1 1 1 1 1 1 100 1 100 1 100 1 100 1 100 1 1 100 1 1 1 1 1 1 1 1 1 1 1 1 1 1 1
staticfield java/lang/Thread NEW_THREAD_BINDINGS Ljava/lang/Object; java/lang/Class
staticfield java/lang/Thread EMPTY_STACK_TRACE [Ljava/lang/StackTraceElement; 0 [Ljava/lang/StackTraceElement;
ciInstanceKlass java/lang/Runnable 1 0 11 100 1 100 1 1 1 1 1 1 1
ciInstanceKlass java/lang/System$2 1 1 646 10 7 12 1 1 1 10 7 12 1 1 1 10 12 1 1 10 12 1 1 10 12 1 1 10 12 1 1 10 12 1 1 10 12 1 10 12 1 1 10 12 1 1 7 1 10 7 12 1 1 1 10 7 12 1 1 1 10 12 1 10 12 1 10 7 12 1 1 1 10 12 1 1 10 12 1 1 10 12 1 1 10 12 1 1 10 7 12 1 1 1 10 7 12 1 1 1 10 12 1 7 1 10 12 1 10 12 1 10 12 1 1 10 12 1 10 12 1 1 10 12 1 10 12 1 10 12 1 10 12 1 10 12 1 10 12 1 1 10 12 1 1 10 12 1 10 12 1 1 10 12 1 10 12 1 1 10 7 12 1 1 1 10 12 1 10 12 1 1 10 12 1 10 7 12 1 1 1 10 7 12 1 1 1 10 100 12 1 1 1 10 12 1 1 10 12 1 1 10 12 1 1 10 7 12 1 1 1 10 12 1 1 10 12 1 1 9 7 12 1 1 1 10 7 12 1 1 1 10 12 1 1 10 7 12 1 1 1 10 12 1 1 10 12 1 1 10 12 1 1 10 7 12 1 1 10 12 1 1 10 12 1 1 10 12 1 1 10 12 1 1 10 12 1 1 10 12 1 1 10 12 1 1 10 12 1 1 10 12 1 1 10 12 1 1 10 12 1 1 10 12 1 7 1 10 12 1 1 11 100 12 1 1 10 7 12 1 1 10 12 1 1 10 12 1 10 12 1 1 10 12 1 10 12 1 1 10 12 1 10 12 1 1 10 12 1 1 10 12 1 1 7 1 10 12 1 100 1 10 10 12 1 1 10 12 1 10 7 12 1 1 1 10 12 1 1 8 1 10 12 1 7 1 7 1 1 1 1 1 1 1 1 1 1 1 1 1 1 1 1 1 1 1 1 1 1 1 1 1 1 1 1 1 1 1 1 1 1 1 1 1 1 1 1 1 1 1 1 1 1 1 1 1 1 1 1 1 1 1 1 1 1 1 1 1 1 1 1 1 1 1 1 1 1 1 1 1 1 1 1 1 1 1 1 1 1 1 1 1 1 1 1 1 1 1 1 1 1 1 1 1 1 1 1 1 1 1 1 1 1 1 1 1 1 1 1 1 1 1 1 1 1 1 1 1 1 1 1 1 1 1 1 1 1 1 1 1 1 100 1 1 1 1 1 1 1 1 1 1 1 1 1 1 1 1 1 1 1 1 1 1 1 1 1 1 1 1 1 1 1 1 1 1 1 1 1 1 1 1 1 1 1 1 1 1 1 1 1 1 1 1 1 1 1 1 1 1 1 1 1 1 1 1 1 1 1 1 1 1 1 7 1 1 1 1 1 1 1 1 1 1 1 1 1 1 1 1 1 1 1 1 1 1 1 1 1 1 1 1 1 1 1 1 1 1 1 1 1 1 1 12 1 1 1 100 1 1 100 1 100 1 1 100 1 1
ciInstanceKlass jdk/internal/access/JavaLangAccess 1 0 215 100 1 100 1 1 1 1 1 1 1 1 1 1 1 1 1 1 1 1 1 1 1 1 1 1 1 1 1 1 1 1 1 1 1 1 1 1 1 100 1 1 1 1 1 1 1 1 1 1 1 1 1 1 1 1 1 1 1 1 1 1 1 1 1 1 1 1 1 1 1 1 1 1 1 1 1 1 1 1 1 1 1 1 1 1 1 1 1 1 1 1 1 1 1 1 1 1 1 1 1 100 1 1 1 1 1 1 1 1 1 1 1 1 1 1 1 1 1 1 1 1 1 1 1 1 1 1 1 1 1 1 1 1 1 1 1 1 1 1 1 1 1 1 1 1 1 1 1 1 1 1 1 1 1 1 1 1 1 1 1 1 1 1 100 1 1 1 1 1 1 1 1 1 1 1 1 1 1 1 1 1 1 1 1 1 1 1 1 1 1 1 1 1 1 1 1 1 1 1 1 1 1 1 1 100 1 100 1 1 100 1 100 1 1
ciInstanceKlass java/net/URL 1 1 771 10 7 12 1 1 1 10 12 1 10 7 12 1 1 9 12 1 1 9 12 1 10 7 12 1 1 1 10 12 1 1 10 12 1 1 9 12 1 1 10 7 12 1 1 1 8 1 10 12 1 1 7 1 10 10 12 1 1 8 1 10 12 1 1 9 12 1 7 1 8 1 10 12 1 10 12 1 8 1 9 12 1 10 12 1 1 9 12 1 10 12 1 10 12 1 9 12 1 9 12 1 8 1 9 12 1 10 12 1 1 8 1 9 12 1 1 10 12 1 1 10 7 12 1 1 1 8 1 10 12 1 7 1 10 12 1 10 12 1 10 12 1 10 12 1 1 10 12 1 1 8 1 10 12 1 1 10 12 1 8 1 9 12 1 8 1 10 12 1 10 7 12 1 1 1 7 1 10 12 1 10 12 1 1 10 7 12 1 1 1 100 1 8 1 10 10 12 1 8 1 10 12 1 1 10 12 1 10 12 1 10 12 1 10 12 1 10 12 1 10 12 1 8 1 10 12 1 8 1 10 10 100 1 10 10 12 1 8 1 10 7 12 1 1 1 10 12 1 9 100 12 1 1 1 10 7 12 1 1 1 9 12 1 1 10 12 1 10 100 12 1 1 1 100 1 100 1 10 12 1 10 12 1 10 12 1 10 12 1 10 12 1 10 12 10 10 12 1 10 12 1 10 12 1 1 8 1 9 100 12 1 1 1 10 100 12 1 1 1 10 12 1 1 9 100 12 1 1 1 10 12 1 1 100 1 10 12 1 10 12 1 10 10 12 1 1 10 12 1 1 10 12 1 10 12 1 10 12 1 10 7 12 1 1 1 10 12 1 1 10 12 1 9 12 1 1 9 12 1 1 7 1 8 1 10 10 12 1 9 12 1 1 10 7 12 1 1 8 1 10 7 12 1 1 8 1 10 12 1 1 10 12 1 8 1 8 1 10 7 12 1 1 1 7 1 10 7 12 1 1 1 10 12 1 10 12 1 7 1 10 9 7 12 1 1 1 10 7 12 1 1 10 12 1 1 10 12 1 8 1 7 1 10 10 7 12 1 1 1 10 12 1 8 9 100 12 1 1 1 10 12 1 1 10 12 1 10 12 1 1 10 7 12 1 1 11 7 12 1 1 10 12 1 10 12 1 9 12 1 10 12 1 1 10 100 12 1 1 10 100 12 1 1 1 8 10 100 12 1 1 100 1 10 8 8 10 12 1 8 8 8 100 1 10 12 1 9 12 1 1 10 12 1 10 12 1 1 10 12 1 10 12 10 12 1 1 10 12 1 1 10 10 10 12 1 10 12 1 10 12 1 10 12 1 10 12 1 10 10 12 1 100 1 8 1 10 10 10 12 1 1 10 12 1 10 12 1 1 8 1 7 1 10 10 7 1 10 12 1 9 7 12 1 1 1 9 12 1 1 7 1 10 10 7 12 1 1 1 7 1 1 1 1 1 5 0 1 1 1 1 1 1 1 1 1 1 1 1 1 1 1 1 1 1 1 1 1 1 1 1 1 1 1 1 1 1 1 1 1 1 1 1 1 1 1 1 1 1 1 1 1 1 1 1 7 1 1 1 1 1 1 1 1 1 1 1 1 1 1 1 1 1 1 1 1 1 1 1 1 1 1 1 1 1 1 1 1 1 1 1 1 1 100 1 1 1 1 1 1 1 1 1 1 1 1 1 1 1 1 1 100 1 1 1 1 1 1 1 1 1 1 1 1 1 1 1 1 1 1 1
staticfield java/net/URL defaultFactory Ljava/net/URLStreamHandlerFactory; java/net/URL$DefaultFactory
staticfield java/net/URL streamHandlerLock Ljava/lang/Object; java/lang/Object
staticfield java/net/URL serialPersistentFields [Ljava/io/ObjectStreamField; 7 [Ljava/io/ObjectStreamField;
ciMethod java/lang/System arraycopy (Ljava/lang/Object;ILjava/lang/Object;II)V 256 0 128 0 -1
ciMethod java/lang/System getSecurityManager ()Ljava/lang/SecurityManager; 202 0 73011 0 80
ciMethod java/lang/System allowSecurityManager ()Z 202 0 73044 0 0
ciInstanceKlass java/lang/Module 1 1 1070 10 7 12 1 1 1 9 7 12 1 1 1 10 7 12 1 1 1 9 12 1 9 12 1 1 9 12 1 1 10 12 1 1 10 12 1 10 12 1 1 10 7 12 1 1 1 7 1 10 7 12 1 1 1 10 12 1 1 11 7 12 1 1 1 10 12 1 1 10 7 12 1 1 1 10 12 1 1 10 7 12 1 1 1 9 100 12 1 1 1 10 7 12 1 1 1 10 12 1 8 1 10 7 12 1 1 1 10 7 12 1 1 1 10 7 12 1 1 1 10 12 1 10 12 1 9 12 1 1 10 100 12 1 1 100 1 7 1 10 8 1 10 12 1 1 10 12 1 10 12 10 12 1 10 7 12 1 1 8 1 8 1 10 8 1 8 1 9 12 1 1 8 1 10 100 12 1 1 1 10 12 1 9 12 1 1 11 12 1 9 7 12 1 1 10 7 12 1 1 1 10 7 12 1 1 1 10 12 1 1 8 1 10 12 1 1 10 12 1 10 12 1 1 9 7 12 1 1 1 10 12 1 1 10 12 1 1 9 12 1 10 12 1 10 12 1 9 12 1 1 11 7 12 1 1 10 12 1 1 9 12 1 9 12 1 10 12 1 10 12 1 100 1 8 1 10 10 12 1 1 10 12 1 8 1 10 12 1 1 8 1 8 1 10 12 1 1 10 12 1 10 12 1 1 18 12 1 1 10 12 1 1 11 12 1 9 12 1 11 12 10 100 12 1 1 100 1 8 1 10 11 12 1 1 10 7 12 1 1 1 10 12 1 10 12 1 1 11 12 1 1 11 7 12 1 1 11 12 1 1 9 12 1 11 12 1 10 12 1 1 10 12 1 1 9 12 1 10 12 10 7 12 1 1 10 7 1 18 12 1 1 11 100 12 1 1 1 18 12 1 11 12 1 1 10 100 12 1 1 1 11 12 1 1 10 7 12 1 1 7 1 11 12 1 7 1 7 1 10 12 1 10 7 12 1 1 1 10 11 7 12 1 8 1 10 10 12 1 1 10 7 12 1 1 10 12 1 10 12 1 7 1 10 12 1 10 11 12 1 1 10 12 10 12 1 1 9 12 1 1 100 1 10 10 12 1 1 11 7 1 10 12 1 1 11 12 1 10 10 12 1 11 10 12 1 1 10 12 1 1 10 12 1 1 10 7 12 1 1 10 12 1 10 12 1 1 10 10 12 1 1 10 12 1 18 12 1 11 12 1 18 12 1 10 12 1 10 12 1 10 12 7 1 10 12 1 10 12 1 10 12 1 9 12 1 7 1 10 10 10 10 12 1 10 12 1 10 12 1 10 12 1 1 10 12 1 1 10 12 1 9 12 1 18 12 1 1 10 7 12 1 1 1 100 1 8 1 10 12 1 1 10 12 1 1 10 7 12 1 1 7 1 10 12 1 1 7 1 8 1 10 12 1 1 100 1 11 12 1 1 10 100 12 1 1 1 18 12 1 1 11 100 12 1 1 1 100 1 10 12 1 10 12 1 1 7 1 7 1 10 12 8 1 10 12 1 1 10 12 1 1 10 7 12 1 1 10 12 1 1 10 12 1 10 12 10 12 1 1 7 1 10 10 12 1 1 10 7 12 1 1 1 100 1 10 12 1 1 10 7 12 1 1 8 1 18 12 1 1 100 1 100 1 9 12 1 1 9 12 1 9 12 1 11 100 12 1 1 1 100 1 11 12 1 1 100 1 10 12 1 8 1 10 12 1 10 12 10 12 1 8 1 10 10 100 12 1 1 7 1 10 10 12 1 10 7 12 1 1 9 12 1 9 12 1 9 12 1 9 12 1 10 12 11 12 1 10 12 1 7 1 1 1 1 1 1 1 1 1 1 1 1 1 1 1 1 1 1 1 100 1 1 1 1 1 1 1 1 1 1 1 1 1 1 1 1 1 1 1 1 1 1 1 1 1 1 1 1 1 1 1 1 1 1 1 1 1 1 1 1 1 1 1 1 1 1 1 1 1 1 1 1 1 1 1 1 1 1 1 1 1 1 1 1 1 1 1 1 1 1 1 1 1 1 1 1 1 1 1 1 1 1 1 1 1 1 1 1 1 1 1 1 1 1 1 100 100 1 1 1 1 1 1 1 1 1 1 1 1 1 1 1 1 1 1 1 1 1 1 1 1 1 1 1 100 1 7 1 1 1 1 1 1 1 1 1 1 1 1 1 1 1 1 1 1 1 1 100 1 1 1 1 1 1 1 1 1 1 1 1 1 1 1 1 1 1 1 1 1 1 1 16 15 10 12 16 16 15 10 12 16 16 15 10 16 1 15 10 12 16 1 15 10 12 16 1 16 15 10 12 16 16 1 15 10 12 16 15 10 7 12 1 1 1 15 10 100 12 1 1 1 1 1 1 1 1 1 1 1 100 1 100 1 1 100 1 100 1 1
staticfield java/lang/Module ALL_UNNAMED_MODULE Ljava/lang/Module; java/lang/Module
staticfield java/lang/Module ALL_UNNAMED_MODULE_SET Ljava/util/Set; java/util/ImmutableCollections$Set12
staticfield java/lang/Module EVERYONE_MODULE Ljava/lang/Module; java/lang/Module
staticfield java/lang/Module EVERYONE_SET Ljava/util/Set; java/util/ImmutableCollections$Set12
staticfield java/lang/Module $assertionsDisabled Z 1
ciInstanceKlass java/lang/Math 1 1 460 7 1 10 7 12 1 1 1 10 7 12 1 1 1 10 12 1 10 12 1 10 12 1 10 12 1 10 12 1 6 0 6 0 10 12 1 10 12 1 10 12 1 10 12 1 10 12 1 10 12 1 1 10 12 1 10 12 1 10 12 1 10 12 1 10 12 1 10 7 12 1 1 1 100 1 3 3 3 10 7 12 1 1 1 100 1 5 0 5 0 5 0 5 0 5 0 9 100 12 1 1 1 10 100 12 1 1 1 100 1 8 1 10 12 1 8 1 10 12 1 1 10 12 1 1 7 1 5 0 5 0 7 1 3 5 0 3 5 0 10 12 1 10 12 1 10 12 1 10 12 1 10 12 1 8 1 10 12 1 8 1 10 12 1 1 10 12 1 1 9 12 1 1 9 12 1 100 1 7 1 10 10 12 1 1 8 1 10 12 1 10 12 1 1 10 10 12 1 10 12 1 10 12 1 10 12 1 1 8 1 8 1 10 12 1 1 10 12 1 10 12 10 12 10 12 1 10 12 1 10 12 1 10 12 1 10 12 6 0 10 12 1 9 12 1 1 100 1 10 10 12 1 100 1 10 12 1 10 12 1 1 10 12 1 10 12 1 10 12 10 12 1 1 10 12 1 1 10 12 1 1 10 12 6 0 10 12 1 1 10 12 10 12 1 4 10 12 1 10 12 1 10 12 10 12 1 10 12 1 10 12 1 10 12 1 10 12 1 10 12 1 5 0 6 0 4 6 0 4 6 0 4 10 12 1 9 12 1 1 10 12 9 12 1 10 7 12 1 1 1 4 6 0 1 1 6 0 1 6 0 1 6 0 1 1 1 1 1 1 1 1 1 1 1 1 1 1 1 1 1 1 1 1 1 1 1 1 1 1 1 1 1 1 1 1 1 1 1 1 1 1 1 1 1 1 1 1 1 1 1 1 1 1 1 1 1 1 1 1 1 1 1 1 1 1 1 1 1 1 1 1 1 1 1 1 1 1 1 1 1 1 1 1 1 1 1 1 1 1 1 1 1 1 1 1 1 1 1 1
staticfield java/lang/Math negativeZeroFloatBits J -2147483648
staticfield java/lang/Math negativeZeroDoubleBits J -9223372036854775808
staticfield java/lang/Math $assertionsDisabled Z 1
ciInstanceKlass jdk/internal/util/ArraysSupport 1 1 378 7 1 7 1 8 1 10 12 1 1 10 12 1 1 10 7 12 1 1 9 7 12 1 1 1 9 12 1 1 10 7 12 1 1 1 9 12 1 1 10 7 12 1 1 1 9 12 1 10 12 9 12 1 10 12 1 1 10 12 7 1 10 12 1 1 10 12 1 100 1 10 12 1 1 10 12 100 1 10 12 1 100 1 10 12 1 100 1 7 1 10 8 1 10 12 1 1 10 12 1 10 12 1 1 10 9 12 1 1 11 100 12 1 1 1 9 12 1 9 12 1 10 12 1 1 9 12 1 9 12 1 9 12 1 9 12 1 9 12 1 9 12 1 9 12 1 10 12 1 1 10 7 12 1 1 1 9 12 1 9 12 1 10 12 1 1 10 12 1 9 12 1 10 12 1 10 7 12 1 1 1 9 12 1 9 12 1 10 12 1 10 12 1 10 7 12 1 1 1 3 10 12 1 7 1 8 1 8 1 8 1 10 10 100 12 1 1 1 11 7 12 1 1 1 10 12 1 10 7 12 1 1 1 10 12 1 1 10 12 1 1 9 12 1 10 12 1 9 12 1 9 12 1 9 12 1 9 12 1 9 12 1 9 12 1 9 12 1 7 1 10 7 12 1 1 1 1 1 3 1 3 1 3 1 3 1 3 1 3 1 3 1 3 1 1 1 1 1 1 1 1 1 1 1 1 1 1 1 1 1 1 1 1 1 1 1 1 1 1 1 1 1 1 1 1 1 1 1 1 1 1 1 1 1 1 1 1 1 1 1 1 1 1 1 1 1 1 1 1 1 1 1 1 1 1 1 1 1 1 1 1 1 1 1 1 1 1 1 1 1 1 1 100 1 1 1 1
staticfield jdk/internal/util/ArraysSupport U Ljdk/internal/misc/Unsafe; jdk/internal/misc/Unsafe
staticfield jdk/internal/util/ArraysSupport BIG_ENDIAN Z 0
staticfield jdk/internal/util/ArraysSupport LOG2_ARRAY_BOOLEAN_INDEX_SCALE I 0
staticfield jdk/internal/util/ArraysSupport LOG2_ARRAY_BYTE_INDEX_SCALE I 0
staticfield jdk/internal/util/ArraysSupport LOG2_ARRAY_CHAR_INDEX_SCALE I 1
staticfield jdk/internal/util/ArraysSupport LOG2_ARRAY_SHORT_INDEX_SCALE I 1
staticfield jdk/internal/util/ArraysSupport LOG2_ARRAY_INT_INDEX_SCALE I 2
staticfield jdk/internal/util/ArraysSupport LOG2_ARRAY_LONG_INDEX_SCALE I 3
staticfield jdk/internal/util/ArraysSupport LOG2_ARRAY_FLOAT_INDEX_SCALE I 2
staticfield jdk/internal/util/ArraysSupport LOG2_ARRAY_DOUBLE_INDEX_SCALE I 3
staticfield jdk/internal/util/ArraysSupport LOG2_BYTE_BIT_SIZE I 3
staticfield jdk/internal/util/ArraysSupport JLA Ljdk/internal/access/JavaLangAccess; java/lang/System$2
ciInstanceKlass java/lang/Character 1 1 604 7 1 7 1 100 1 9 12 1 1 8 1 9 12 1 1 7 1 9 12 1 1 10 7 12 1 1 1 10 100 12 1 1 1 10 100 12 1 1 1 10 7 12 1 1 1 9 7 12 1 1 1 10 12 1 10 12 1 1 10 12 1 1 10 7 12 1 1 10 12 1 1 3 3 3 3 3 10 12 1 1 10 12 1 3 11 7 12 1 1 1 11 12 1 1 10 12 1 1 10 12 1 1 100 1 10 10 12 1 3 10 12 1 1 10 12 1 10 12 1 1 100 1 8 1 10 12 1 1 10 12 1 10 12 1 10 12 1 10 100 12 1 1 1 10 12 1 10 12 1 10 12 1 1 10 12 1 10 7 12 1 1 10 10 12 1 10 10 12 1 10 12 1 1 10 12 1 10 10 12 1 10 12 1 10 12 1 10 12 1 10 12 1 10 12 1 10 12 1 10 12 10 10 12 10 10 12 1 10 10 12 1 10 10 12 1 10 10 12 1 10 12 1 10 12 1 10 12 1 10 12 1 10 12 1 10 12 1 10 10 12 1 10 10 12 1 10 10 12 1 1 10 10 12 1 10 5 0 10 12 1 10 12 1 10 10 12 1 10 10 12 1 1 10 10 12 1 10 10 12 1 9 12 1 1 100 1 10 10 12 1 10 12 1 1 3 10 100 12 1 1 1 10 12 1 10 100 12 1 1 7 1 10 10 12 1 1 10 12 1 1 10 12 1 1 8 1 10 12 1 9 100 12 1 1 1 10 12 1 10 10 12 1 10 12 1 1 10 12 1 10 10 12 1 1 10 10 12 1 1 7 1 8 1 10 12 1 1 10 7 12 1 1 1 8 1 10 12 1 1 9 12 1 1 7 1 7 1 7 1 1 1 1 3 1 3 1 3 1 3 1 1 1 1 1 3 1 1 3 1 3 1 3 1 3 1 3 1 3 1 3 1 3 1 3 1 3 1 3 1 3 1 3 1 3 1 3 1 3 1 3 1 3 1 3 1 3 1 3 1 3 1 3 1 3 1 3 1 3 1 3 1 3 1 1 1 1 1 1 1 1 1 1 1 1 1 1 1 1 1 1 1 3 1 1 1 1 1 1 1 3 1 1 3 1 1 1 1 1 3 1 1 5 0 1 1 1 1 1 1 1 1 1 1 1 1 1 1 1 1 1 1 1 1 1 1 1 1 1 1 1 1 1 1 1 1 1 1 1 1 1 1 1 1 1 1 1 1 1 1 1 1 1 1 1 1 1 1 1 1 1 1 1 1 1 1 1 1 1 1 1 1 1 1 1 1 1 1 1 1 1 1 1 1 1 1 1 1 1 1 1 1 1 1 100 1 100 1 1 1 1 1 1
staticfield java/lang/Character TYPE Ljava/lang/Class; java/lang/Class
staticfield java/lang/Character $assertionsDisabled Z 1
ciInstanceKlass java/util/Arrays 1 1 1029 10 7 12 1 1 1 10 7 12 1 1 1 10 7 12 1 1 1 10 12 1 10 12 1 10 12 1 10 12 1 10 12 1 10 12 1 10 100 12 1 1 1 100 1 7 1 10 8 1 10 12 1 1 10 12 1 8 1 8 1 10 12 1 1 10 12 1 100 1 10 12 1 9 100 12 1 1 1 10 7 12 1 1 100 1 10 12 1 1 10 7 12 1 1 10 7 12 1 1 1 100 1 10 12 1 10 12 1 1 7 1 9 7 12 1 1 1 10 12 1 1 10 7 12 1 1 10 12 1 10 12 1 1 10 12 1 10 12 1 1 7 1 11 12 1 1 10 12 1 10 7 12 1 1 1 10 12 10 12 1 10 12 1 10 12 10 12 1 11 7 12 1 1 1 10 7 12 1 1 1 100 1 10 12 1 10 100 1 10 12 1 10 100 1 10 12 1 10 100 1 10 12 1 10 10 12 1 1 10 12 1 10 12 1 10 12 1 10 12 1 10 12 1 10 7 12 1 1 1 10 12 1 10 7 12 1 1 1 10 12 1 10 12 1 10 7 12 1 1 1 10 12 1 10 12 1 10 12 1 10 12 1 10 12 1 10 12 1 10 12 1 10 12 1 10 12 1 10 12 1 10 12 1 10 12 1 10 12 1 10 12 1 10 12 1 10 12 1 1 10 12 1 1 10 7 12 1 1 1 10 7 1 10 100 1 10 7 1 10 100 1 10 100 1 10 100 1 10 100 1 10 100 1 10 12 1 8 1 10 12 1 1 10 12 1 1 10 12 1 1 10 12 1 1 10 12 1 1 10 12 1 1 10 12 1 1 10 12 1 1 10 12 1 1 7 1 10 12 10 12 1 1 10 12 1 10 12 1 1 10 12 1 1 9 7 12 1 1 1 10 12 1 9 7 1 10 12 1 9 7 1 10 12 1 9 7 1 10 12 1 9 7 1 10 12 1 9 7 1 10 12 1 9 10 12 1 10 12 1 10 12 1 9 12 1 100 1 10 10 12 1 1 10 12 1 10 12 1 10 12 1 10 12 1 10 12 1 10 12 1 10 12 1 10 12 1 10 12 1 8 1 8 1 10 12 1 10 12 1 8 1 10 12 1 10 12 1 10 12 1 10 7 12 1 1 1 3 10 100 1 10 10 12 1 1 11 100 12 1 1 10 12 1 1 10 12 1 10 12 1 10 12 1 10 12 1 10 12 1 10 12 1 10 12 1 10 12 1 11 12 1 8 1 10 11 12 1 11 7 12 1 1 1 11 100 12 1 1 1 11 12 1 1 18 12 1 1 11 12 1 1 11 100 12 1 1 1 18 12 1 11 100 12 1 1 1 18 12 1 11 100 12 1 1 1 18 12 1 100 1 10 7 12 1 1 1 10 12 1 10 12 1 10 12 1 10 12 1 10 12 1 10 12 1 10 12 1 10 12 1 1 10 12 1 10 7 12 1 1 10 12 1 10 12 1 10 12 1 1 10 12 1 10 12 1 10 12 1 1 10 12 1 10 12 1 10 12 1 1 10 12 1 10 12 1 10 12 1 10 12 1 10 12 10 12 1 10 12 10 12 10 12 1 10 12 10 12 1 10 12 1 10 12 1 1 1 1 3 1 3 1 1 1 1 1 1 1 1 1 1 1 1 1 1 1 1 1 1 1 1 1 1 1 1 1 1 1 1 1 1 1 1 1 1 1 1 1 1 1 1 1 1 1 1 1 1 1 1 1 1 1 1 1 1 1 1 1 1 1 1 1 1 1 1 1 1 1 1 1 1 1 1 1 1 1 1 1 1 1 1 1 1 1 1 1 1 1 1 1 1 1 1 1 1 1 1 1 1 1 1 1 1 1 1 1 1 1 1 1 1 1 1 1 1 1 1 1 1 1 1 1 1 1 1 1 1 1 1 1 1 1 1 1 1 1 1 1 1 1 1 1 1 1 1 1 1 1 1 1 1 1 1 1 1 1 1 1 1 1 1 1 1 1 1 1 1 1 1 1 1 1 1 1 1 1 1 1 1 1 1 1 1 1 1 1 1 1 1 1 1 1 1 1 1 1 1 1 1 1 1 1 1 1 1 1 1 1 1 1 1 1 1 1 1 1 1 1 1 1 1 1 1 1 1 1 1 1 1 1 1 1 1 1 1 1 1 1 1 1 1 1 1 1 1 1 1 1 1 1 1 1 1 1 1 100 1 1 16 15 10 12 15 10 12 15 10 12 15 10 12 15 10 100 12 1 1 1 1 1 100 1 100 1 1 1 1 100 1 1 1 1 1 1 100 1 1 100 1 1 100 1 1 1 100 1 100 1 1
staticfield java/util/Arrays $assertionsDisabled Z 1
ciInstanceKlass java/lang/OutOfMemoryError 1 1 26 10 100 12 1 1 1 10 12 1 100 1 1 1 1 5 0 1 1 1 1 1 1 1 1 1
ciInstanceKlass java/lang/Integer 1 1 453 7 1 7 1 7 1 7 1 10 12 1 1 9 12 1 1 9 12 1 1 10 100 12 1 1 1 10 12 1 1 10 100 12 1 1 1 10 10 12 1 1 10 7 12 1 1 1 10 12 1 10 12 1 1 10 7 12 1 1 1 10 12 1 1 10 12 1 1 10 12 1 10 12 1 10 12 1 1 10 10 12 1 9 12 1 1 9 12 1 7 1 8 1 10 12 1 7 1 10 12 1 8 1 10 12 1 1 10 12 1 8 1 10 12 1 8 1 10 12 1 1 3 10 12 1 1 3 10 12 1 1 10 12 1 1 10 7 12 1 1 1 11 7 1 10 12 1 1 11 10 12 1 1 8 1 10 12 1 1 8 1 7 1 10 12 1 1 10 12 1 1 5 0 8 1 10 12 1 10 12 1 10 12 1 10 12 1 1 7 1 9 12 1 1 9 12 1 1 10 12 1 10 7 1 9 12 1 10 12 1 10 12 1 10 12 1 1 10 7 12 1 1 1 100 1 100 1 10 12 1 1 10 12 1 1 8 1 8 1 10 12 1 1 8 1 8 1 8 1 8 1 8 1 8 1 10 12 1 10 12 1 5 0 3 3 3 3 10 12 1 10 12 1 3 10 12 1 10 100 12 1 1 1 10 12 1 1 10 12 1 1 8 1 10 7 12 1 1 1 9 12 1 1 7 1 7 1 7 1 1 1 1 3 1 1 1 3 1 3 1 1 5 0 1 1 1 1 1 1 1 1 1 100 1 1 1 1 1 1 1 1 1 1 1 1 1 1 1 1 1 1 1 1 1 1 1 1 1 1 1 1 1 1 1 1 1 1 1 1 1 1 1 1 3 1 1 1 1 1 1 1 1 1 1 1 1 1 1 1 1 7 1 1 1 1 1 1 1 1 1 1 1 1 1 1 1 1 1 1 1 1 1 1 1 1 1 1 1 1 1 1 1 1 1 1 1 1 1 1 1 1 1 1 1 1 1 1 7 1 1 1 1 1 1 1 1 1 100 1 100 1 1
staticfield java/lang/Integer TYPE Ljava/lang/Class; java/lang/Class
staticfield java/lang/Integer digits [C 36
staticfield java/lang/Integer DigitTens [B 100
staticfield java/lang/Integer DigitOnes [B 100
instanceKlass java/math/BigDecimal
instanceKlass com/google/gson/internal/LazilyParsedNumber
instanceKlass com/sun/jna/IntegerType
instanceKlass java/util/concurrent/atomic/Striped64
instanceKlass java/math/BigInteger
instanceKlass java/util/concurrent/atomic/AtomicLong
instanceKlass java/util/concurrent/atomic/AtomicInteger
instanceKlass java/lang/Long
instanceKlass java/lang/Integer
instanceKlass java/lang/Short
instanceKlass java/lang/Byte
instanceKlass java/lang/Double
instanceKlass java/lang/Float
ciInstanceKlass java/lang/Number 1 1 37 10 7 12 1 1 1 10 100 12 1 1 1 100 1 1 1 1 5 0 1 1 1 1 1 1 1 1 1 1 1 1 1 1 1 1 1
ciInstanceKlass java/lang/Thread$FieldHolder 1 1 48 10 7 12 1 1 1 9 7 12 1 1 1 9 12 1 1 9 12 1 1 9 12 1 1 9 12 1 1 1 1 1 1 1 1 1 1 100 1 100 1 1 1 1 100 1 1 1
ciInstanceKlass java/lang/Thread$Constants 0 0 59 7 1 10 7 12 1 1 1 100 1 10 10 7 12 1 1 1 7 1 8 1 10 12 1 9 7 12 1 1 1 7 1 7 1 10 12 1 10 12 1 9 12 1 1 1 1 1 1 1 1 1 1 1 1 1 1 1 1
ciInstanceKlass java/lang/ThreadGroup 1 1 411 10 7 12 1 1 1 9 7 12 1 1 1 8 1 9 12 1 1 7 1 9 12 1 1 9 12 1 1 10 7 12 1 1 1 10 12 1 1 10 12 1 10 12 1 10 12 1 10 12 1 1 10 12 1 1 10 12 1 10 12 1 1 10 12 1 10 12 1 10 100 12 1 1 1 10 12 1 1 18 12 1 1 11 7 12 1 1 1 10 7 12 1 1 1 10 7 12 1 10 12 1 1 10 12 1 1 10 12 1 1 10 100 12 1 1 1 10 12 1 11 12 1 1 11 7 12 1 1 11 12 1 1 10 12 1 1 10 12 1 10 12 1 11 12 1 11 12 1 1 100 1 10 10 12 1 100 1 10 18 12 1 1 11 7 12 1 1 1 11 12 1 1 9 12 1 1 10 12 1 1 8 1 10 7 12 1 1 1 10 100 12 1 1 1 10 12 1 1 11 12 10 12 1 1 10 12 1 1 11 7 1 9 12 1 7 1 10 8 1 10 12 1 1 10 12 1 1 8 1 10 12 1 10 7 12 1 1 1 10 12 1 1 10 7 1 8 1 10 8 1 10 12 1 10 12 1 8 1 9 12 1 1 9 12 1 10 100 12 1 1 1 100 9 12 1 1 7 1 9 12 1 10 12 10 12 1 1 100 10 12 9 12 1 10 12 1 100 1 10 11 12 1 1 7 1 10 10 12 1 10 12 1 1 1 1 1 1 1 1 1 1 1 1 1 1 1 1 1 1 3 1 1 1 1 1 1 1 1 1 1 1 1 100 1 1 1 1 1 1 1 1 1 1 1 1 1 1 1 1 1 1 1 1 1 1 1 1 1 1 1 1 1 1 1 1 1 1 1 1 1 1 1 1 1 1 1 16 15 10 12 16 16 15 10 12 16 15 10 100 12 1 1 1 1 1 100 1 100 1 1
staticfield java/lang/ThreadGroup $assertionsDisabled Z 1
ciInstanceKlass java/lang/Thread$UncaughtExceptionHandler 1 0 16 100 1 100 1 1 1 1 1 1 1 1 100 1 1 1
ciInstanceKlass java/security/AccessControlContext 1 1 374 9 7 12 1 1 1 9 12 1 1 10 100 12 1 1 1 8 1 10 100 12 1 1 1 10 7 12 1 1 1 9 12 1 9 12 1 1 9 12 1 1 10 7 12 1 1 7 1 10 12 1 11 7 12 1 1 1 11 12 1 11 12 1 11 12 1 1 7 1 11 12 1 1 10 12 1 10 7 12 1 1 1 9 100 12 1 1 1 10 7 12 1 1 1 11 100 12 1 1 1 10 7 1 100 1 8 1 10 12 1 10 12 1 1 7 1 10 7 12 1 1 1 9 12 1 9 12 1 9 12 1 9 12 1 1 9 12 1 1 9 12 1 9 12 1 10 7 12 1 1 1 9 12 1 10 12 1 1 10 12 1 1 8 1 10 12 1 1 10 12 1 1 10 7 12 1 1 1 7 1 10 10 12 1 1 10 7 12 1 1 1 10 8 1 10 7 12 1 1 8 1 10 7 12 1 1 8 1 8 1 10 12 1 8 1 10 12 1 8 1 10 12 1 10 12 1 10 12 1 1 8 1 8 1 100 1 10 12 1 10 12 1 1 100 1 10 12 1 8 1 10 12 1 10 12 1 10 8 1 10 12 1 1 10 12 1 1 10 12 1 1 10 12 1 1 10 12 1 10 12 1 11 10 12 1 10 12 1 1 10 10 10 12 1 1 1 1 1 1 1 1 1 1 1 1 1 1 1 1 1 1 1 1 1 1 1 1 100 1 1 1 1 1 1 1 1 1 1 1 1 1 1 1 1 1 1 1 1 1 1 1 1 1 1 1 1 1 1 1 1 1 1 1 1 1 1 1 1 1 1 1 1 1 1 1 1 1 1 1 1 3 1 1
instanceKlass java/lang/ThreadBuilders$BoundVirtualThread
instanceKlass java/lang/VirtualThread
ciInstanceKlass java/lang/BaseVirtualThread 0 0 36 10 100 12 1 1 1 100 1 1 1 1 1 1 1 1 1 1 1 1 1 1 1 1 1 1 1 1 100 1 100 1 1 100 1 1
ciInstanceKlass java/lang/VirtualThread 0 0 907 9 7 12 1 1 1 10 7 12 1 1 1 10 100 12 1 1 1 10 7 12 1 1 1 9 12 1 1 9 12 1 1 100 1 10 12 1 9 12 1 1 18 12 1 1 9 12 1 1 10 12 1 1 100 1 10 12 1 10 12 1 1 10 12 1 1 10 12 1 1 10 12 1 10 7 12 1 10 12 1 10 12 1 10 12 1 10 12 1 11 100 12 1 1 1 100 1 10 12 1 1 10 100 12 1 1 1 10 100 12 1 1 1 10 12 1 100 1 10 10 12 1 10 12 1 1 9 12 1 1 10 12 1 1 9 12 1 1 10 12 1 9 12 1 1 9 12 1 100 1 10 10 12 1 10 100 12 1 1 10 9 10 10 12 1 1 10 12 1 1 10 100 12 1 1 10 100 1 10 9 10 10 12 1 7 1 10 12 1 1 10 12 1 10 12 1 10 12 1 1 9 12 1 10 12 1 10 12 1 9 12 1 1 10 12 1 10 12 1 9 12 1 1 10 12 1 10 12 1 10 12 1 11 100 12 1 1 10 12 1 1 10 12 1 1 10 12 1 1 9 12 1 10 100 1 10 12 1 1 10 12 1 1 10 12 1 10 12 1 10 12 1 10 12 9 12 1 1 10 100 12 1 1 10 12 1 10 12 1 1 10 100 12 1 1 10 12 1 100 1 8 1 10 12 1 10 12 1 1 10 12 1 10 12 1 10 100 12 1 1 10 12 1 10 12 1 1 10 12 1 10 12 1 1 10 7 12 1 1 10 12 1 1 10 12 1 1 100 1 10 10 12 1 7 1 9 12 1 1 10 7 12 1 1 10 9 12 1 1 18 9 100 12 1 1 1 11 100 12 1 1 1 11 100 1 11 12 10 12 1 10 12 1 1 10 12 1 100 1 10 10 12 1 10 12 1 1 10 12 1 1 10 12 1 10 12 1 10 12 1 9 12 1 1 11 100 12 1 1 10 12 9 100 12 1 1 1 9 12 1 10 12 1 1 9 12 1 9 12 1 9 12 1 7 1 10 10 12 1 1 10 12 1 10 12 7 1 7 1 10 8 1 10 12 1 1 10 12 1 10 12 1 10 10 12 1 8 1 10 10 12 1 10 12 1 10 7 12 1 1 8 1 8 1 10 9 100 12 1 1 1 10 12 1 1 10 12 1 10 10 10 12 9 12 1 10 12 1 1 9 12 1 10 12 1 1 9 12 1 10 12 1 1 18 12 1 1 18 12 1 10 7 12 1 1 1 8 1 10 100 12 1 1 1 10 7 12 1 1 1 18 12 1 10 100 12 1 1 1 100 1 10 12 1 8 1 10 12 1 8 1 10 12 1 1 8 1 8 1 10 100 12 1 1 8 1 10 12 1 8 1 8 1 10 100 12 1 1 1 10 12 1 10 12 1 1 10 12 1 18 12 1 1 18 12 1 1 5 0 9 12 1 10 12 1 18 12 1 100 1 10 12 10 7 12 1 1 10 12 1 1 7 1 8 1 10 10 12 1 10 12 1 1 10 12 1 9 12 1 8 10 12 1 1 8 8 9 12 1 8 10 12 1 1 3 1 3 1 3 1 3 1 3 1 3 1 3 1 3 1 3 1 3 1 3 1 3 3 1 3 1 1 1 1 1 1 1 1 1 1 1 1 1 1 7 1 1 1 1 1 1 1 1 1 1 1 1 1 1 7 1 1 1 1 1 1 1 1 1 1 1 7 1 1 1 1 1 1 1 1 1 1 1 1 1 1 1 1 1 1 1 1 1 1 1 1 1 1 1 1 1 1 1 1 1 1 1 1 1 1 1 100 1 1 1 1 1 1 1 1 1 1 1 1 1 1 1 1 1 1 1 1 1 1 1 1 1 1 1 1 1 1 1 1 1 1 1 100 1 1 1 1 1 1 1 1 1 1 1 1 1 1 100 1 1 16 15 10 12 15 16 15 10 12 16 15 10 12 16 16 15 10 12 16 15 10 12 16 15 10 12 16 15 10 12 16 1 15 10 100 12 1 1 1 1 1 1 1 7 1 1 100 1 100 1 1
ciInstanceKlass java/lang/ThreadBuilders$BoundVirtualThread 0 0 132 10 7 12 1 1 1 9 7 12 1 1 1 10 7 12 1 1 1 9 12 1 1 10 12 1 1 10 12 1 1 9 12 1 1 10 7 12 1 1 1 10 12 1 1 7 1 8 1 10 12 1 10 12 1 1 10 12 1 1 10 12 1 1 10 7 12 1 1 1 8 1 10 12 1 8 1 10 12 1 1 10 100 12 1 1 9 100 12 1 1 1 10 12 1 1 10 10 12 1 1 1 1 1 1 1 1 1 1 1 1 1 1 1 1 1 1 1 1 1 1 1 1 1 1 1 1 100 1 1 1 1
ciInstanceKlass jdk/internal/vm/ContinuationScope 0 0 50 10 100 12 1 1 1 10 100 12 1 1 1 100 1 9 100 12 1 1 1 10 12 1 1 10 100 12 1 1 1 10 12 1 1 10 12 1 1 1 1 1 1 1 1 1 1 1 1 1
ciInstanceKlass jdk/internal/vm/StackChunk 0 0 32 10 100 12 1 1 1 9 100 12 1 1 1 9 12 1 1 9 12 1 1 1 1 1 1 1 1 1 1 1 1 1
ciInstanceKlass java/lang/Float 1 1 279 7 1 7 1 10 7 12 1 1 1 10 100 12 1 1 1 4 7 1 10 12 1 1 10 12 1 1 8 1 8 1 10 7 12 1 1 1 10 12 1 1 10 12 1 1 10 100 1 4 10 7 12 1 1 9 12 1 1 10 12 1 1 10 12 1 10 10 12 1 1 10 12 1 10 12 1 3 3 100 1 4 4 4 3 10 12 1 1 9 12 1 1 100 1 10 3 3 4 4 10 12 1 3 3 3 10 12 1 1 10 12 1 1 10 12 1 10 100 12 1 1 1 10 12 1 1 10 12 1 1 10 7 12 1 1 1 8 1 10 12 1 1 9 12 1 1 7 1 7 1 7 1 1 1 1 4 1 4 1 1 1 4 1 1 3 1 3 1 3 1 3 1 3 1 1 1 1 5 0 1 1 1 1 1 1 1 1 1 1 7 1 1 1 1 1 1 1 1 1 1 1 1 1 3 1 1 1 1 1 1 1 1 1 1 1 1 1 1 1 1 1 1 1 1 1 1 1 1 1 1 1 1 1 1 1 1 1 1 1 1 1 1 1 1 1 1 1 1 1 1 1 1 1 1 1 1 1 1 1 1 1 1 1 1 1 7 1 1 1 1 1 1 1 100 1 100 1 1
staticfield java/lang/Float TYPE Ljava/lang/Class; java/lang/Class
staticfield java/lang/Float $assertionsDisabled Z 1
ciInstanceKlass java/lang/Double 1 1 290 7 1 7 1 10 100 12 1 1 1 10 12 1 1 10 7 1 10 12 1 1 10 7 12 1 1 1 6 0 8 1 10 12 1 1 8 1 10 12 1 1 8 1 6 0 10 12 1 1 100 1 5 0 5 0 8 1 8 1 10 7 12 1 1 1 10 7 12 1 1 1 8 1 10 12 1 1 8 1 8 1 8 1 10 12 1 1 10 12 1 10 12 1 1 10 12 1 10 12 1 10 12 1 1 10 12 1 10 7 1 6 0 10 7 12 1 1 9 12 1 1 10 12 1 10 12 1 10 12 1 10 12 1 10 12 1 5 0 10 12 1 1 10 12 1 10 12 1 10 100 12 1 1 1 10 12 1 1 10 12 1 1 8 1 10 7 12 1 1 1 9 12 1 1 7 1 7 1 7 1 1 1 6 0 1 6 0 1 6 0 1 1 1 6 0 1 1 3 1 3 1 3 1 3 1 3 1 1 1 1 5 0 1 1 1 1 1 1 1 1 1 1 1 1 1 1 1 1 7 1 1 1 1 1 1 1 1 1 1 1 1 3 1 1 1 1 1 1 1 1 1 1 1 1 1 1 1 1 1 1 1 1 1 1 1 1 1 1 1 1 1 1 1 1 1 1 7 1 1 1 1 1 1 1 100 1 100 1 1
staticfield java/lang/Double TYPE Ljava/lang/Class; java/lang/Class
ciInstanceKlass java/lang/Byte 1 1 213 7 1 100 1 10 7 12 1 1 1 9 12 1 1 8 1 9 12 1 1 7 1 10 12 1 1 10 12 1 1 10 100 12 1 1 1 10 100 12 1 1 1 9 7 12 1 1 1 10 12 1 1 7 1 7 1 10 12 1 1 8 1 10 12 1 1 8 1 10 12 1 10 12 1 10 12 1 10 12 1 1 10 12 1 10 12 1 10 12 1 1 10 8 1 8 1 10 7 1 9 12 1 1 10 12 1 1 10 12 1 1 10 12 1 1 10 12 1 5 0 10 12 1 1 8 1 10 7 12 1 1 1 9 12 1 1 7 1 7 1 1 1 3 1 3 1 1 1 1 3 1 3 1 1 5 0 1 1 1 1 1 1 1 1 1 1 1 1 1 1 1 1 1 1 1 1 1 1 1 1 1 1 1 1 1 1 1 1 1 1 1 1 1 1 1 1 1 1 1 1 1 1 1 1 1 1 1 1 1 1 1 1
staticfield java/lang/Byte TYPE Ljava/lang/Class; java/lang/Class
ciInstanceKlass java/lang/Short 1 1 222 7 1 7 1 100 1 10 7 12 1 1 1 10 12 1 1 7 1 7 1 10 12 1 1 8 1 10 12 1 1 8 1 10 12 1 10 12 1 10 12 1 10 12 1 1 10 12 1 1 10 12 1 9 12 1 1 8 1 9 12 1 1 7 1 10 12 1 1 10 12 1 10 100 12 1 1 1 10 100 12 1 1 1 9 7 12 1 1 1 10 12 1 10 12 1 1 10 8 1 8 1 10 7 1 9 12 1 1 10 12 1 1 10 12 1 1 10 12 1 1 10 12 1 3 3 5 0 10 12 1 1 8 1 10 7 12 1 1 1 9 12 1 1 7 1 7 1 1 1 3 1 3 1 1 1 1 3 1 3 1 1 5 0 1 1 1 1 1 1 1 1 1 1 1 1 1 1 1 1 1 1 1 1 1 1 1 1 1 1 1 3 1 1 1 1 1 1 1 1 1 1 1 1 1 1 1 1 1 1 1 1 1 1 1 1 1 1 1 1 1 1
staticfield java/lang/Short TYPE Ljava/lang/Class; java/lang/Class
ciInstanceKlass java/lang/Integer$IntegerCache 1 1 100 10 7 12 1 1 1 7 1 10 7 12 1 1 1 9 7 12 1 1 1 8 1 10 7 12 1 1 1 10 12 1 1 10 100 12 1 1 1 3 10 12 1 100 1 9 12 1 1 10 7 12 1 1 1 9 12 1 1 10 12 1 1 100 1 10 10 12 1 9 12 1 1 1 3 1 1 1 1 1 1 1 1 1 1 1 1 1 1 1 1 1 7 1 100 1 1 1 1 1
staticfield java/lang/Integer$IntegerCache high I 127
staticfield java/lang/Integer$IntegerCache cache [Ljava/lang/Integer; 256 [Ljava/lang/Integer;
staticfield java/lang/Integer$IntegerCache $assertionsDisabled Z 1
ciInstanceKlass java/lang/Long 1 1 524 7 1 7 1 7 1 7 1 10 12 1 1 9 12 1 1 9 7 12 1 1 1 10 100 12 1 1 1 10 12 1 1 10 100 12 1 1 1 10 10 12 10 12 1 10 12 1 10 12 1 5 0 5 0 7 1 10 12 1 1 10 12 1 1 10 12 1 10 12 1 10 12 1 10 12 1 1 10 100 12 1 1 10 12 1 10 12 1 1 10 12 1 1 10 12 1 1 10 12 1 1 10 7 12 1 1 1 10 12 1 1 10 12 1 10 12 1 10 12 1 10 12 1 1 10 10 12 1 5 0 5 0 9 12 1 1 9 12 1 5 0 7 1 8 1 10 12 1 8 1 10 12 1 8 1 8 1 10 12 1 1 5 0 10 12 1 1 5 0 10 12 1 1 10 12 1 1 10 100 12 1 1 1 11 7 1 10 12 1 1 11 10 12 1 1 8 1 10 12 1 1 8 1 7 1 10 12 1 1 10 12 1 8 1 8 1 11 12 1 1 10 12 1 10 12 1 10 12 1 5 0 5 0 9 7 12 1 1 1 10 12 1 10 12 1 1 8 1 8 1 10 12 1 1 8 1 8 1 8 1 8 1 8 1 8 1 10 12 1 10 7 1 9 12 1 1 10 12 1 10 12 1 1 10 12 1 1 10 7 12 1 1 1 100 1 100 1 10 12 1 1 10 12 1 1 5 0 10 12 1 10 12 1 5 0 5 0 5 0 10 12 1 1 10 12 1 5 0 5 0 10 12 1 10 12 1 10 100 12 1 1 1 10 12 1 1 10 12 1 1 8 1 10 7 12 1 1 1 9 12 1 1 7 1 7 1 7 1 1 1 1 5 0 1 1 1 1 3 1 3 1 5 0 1 1 1 1 1 1 1 1 1 100 1 1 1 1 1 1 1 1 1 1 1 1 1 1 1 1 1 1 1 1 1 1 1 1 1 1 1 1 1 1 1 1 1 1 1 1 1 1 1 1 1 1 1 1 1 1 1 1 1 1 1 1 1 1 1 3 1 1 1 1 1 1 1 1 1 1 1 1 1 1 1 7 1 1 1 1 1 1 1 1 1 1 1 1 1 1 1 1 1 1 1 1 1 1 1 1 1 1 1 1 1 1 1 1 1 1 1 1 1 1 1 1 1 1 1 7 1 1 1 1 1 1 1 1 1 100 1 100 1 1
staticfield java/lang/Long TYPE Ljava/lang/Class; java/lang/Class
ciMethod java/lang/Long hashCode (J)I 526 0 1531 0 -1
ciInstanceKlass jdk/internal/vm/vector/VectorSupport 0 0 573 100 1 10 100 12 1 1 1 9 12 1 1 10 12 1 1 100 1 10 12 1 11 100 12 1 1 1 11 100 12 1 1 1 11 100 12 1 1 11 100 12 1 1 11 100 12 1 1 1 11 100 12 1 1 11 100 12 1 1 11 100 12 1 1 11 100 12 1 1 11 100 12 1 1 11 100 12 1 1 11 100 12 1 1 1 11 100 12 1 1 11 100 12 1 1 1 11 100 12 1 1 1 11 100 12 1 1 11 100 12 1 1 1 11 100 12 1 1 100 1 10 12 1 1 11 100 12 1 1 11 100 12 1 1 11 100 12 1 1 11 100 12 1 1 11 100 12 1 1 11 100 12 1 1 9 12 1 1 10 100 12 1 1 11 100 12 1 1 10 12 1 1 10 100 12 1 1 1 10 12 1 10 12 1 1 10 12 1 1 1 1 1 3 1 3 1 3 1 3 1 3 1 3 1 3 1 3 1 3 1 3 1 3 1 3 1 3 1 3 1 3 1 3 1 3 1 3 1 3 1 3 1 3 1 3 1 3 1 3 1 3 1 3 1 3 1 3 1 3 1 3 1 3 1 3 1 3 1 3 1 3 1 3 1 3 1 3 1 3 1 3 1 3 1 3 1 3 1 3 1 3 1 3 1 3 1 3 1 3 1 3 1 3 1 3 1 3 1 1 1 1 1 1 1 1 1 1 1 1 1 1 1 1 1 1 1 1 1 1 1 1 1 1 1 1 1 1 1 1 1 1 1 1 1 1 1 1 1 1 1 1 1 1 1 1 1 1 1 1 1 1 1 1 1 1 1 1 1 1 1 1 1 1 1 1 1 1 1 1 1 1 1 1 1 1 1 1 1 1 1 1 1 1 1 1 1 1 1 1 1 1 1 1 1 1 1 1 1 1 1 1 1 1 1 1 1 1 1 1 1 1 1 1 1 1 1 1 1 1 1 1 1 1 1 1 1 1 1 1 1 1 1 1 1 1 1 1 1 1 1 1 1 1 1 1 1 1 1 1 1 1 1 1 1 1 1 1 1 1 1 1 1 1 1 1 1 1 1 1 1 1 1 1 1 1 1 1 1 1 1 1 1 1 1 1 1 1 1 1 1 1 1 1 1 1 1 1 1 1 1 1 1 1 1 1 1 1 1 1 1 1 1 1 1 1 1 1 1 1 1 1 1 1 1 1 1 1 1 1 1 1 1 100 1 100 1 100 1 100 1 100 1 1 1 1 1 1 1 1 1 1 1 1 1 1 1 1 1 1 1 1 1 1 1 1 1 1 1 1 1 1 1
instanceKlass jdk/internal/vm/vector/VectorSupport$VectorShuffle
instanceKlass jdk/internal/vm/vector/VectorSupport$VectorMask
instanceKlass jdk/internal/vm/vector/VectorSupport$Vector
ciInstanceKlass jdk/internal/vm/vector/VectorSupport$VectorPayload 0 0 32 10 100 12 1 1 1 9 100 12 1 1 1 10 100 12 1 1 1 1 1 1 1 1 1 1 1 1 1 1 1 1
ciInstanceKlass jdk/internal/vm/vector/VectorSupport$Vector 0 0 28 10 100 12 1 1 1 100 1 1 1 1 1 1 1 1 1 1 1 1 1 1 1 100 1 1 1 1
ciInstanceKlass jdk/internal/vm/vector/VectorSupport$VectorMask 0 0 28 10 100 12 1 1 1 100 1 1 1 1 1 1 1 1 1 1 1 1 1 1 1 100 1 1 1 1
ciInstanceKlass jdk/internal/vm/vector/VectorSupport$VectorShuffle 0 0 28 10 100 12 1 1 1 100 1 1 1 1 1 1 1 1 1 1 1 1 1 1 1 100 1 1 1 1
ciInstanceKlass jdk/internal/vm/FillerObject 0 0 16 10 100 12 1 1 1 100 1 1 1 1 1 1 1 1
instanceKlass java/lang/ref/PhantomReference
instanceKlass java/lang/ref/FinalReference
instanceKlass java/lang/ref/WeakReference
instanceKlass java/lang/ref/SoftReference
ciInstanceKlass java/lang/ref/Reference 1 1 190 9 7 12 1 1 1 9 7 12 1 1 10 12 1 1 10 12 1 1 9 12 1 1 10 12 1 1 9 12 1 1 9 12 1 1 7 1 10 12 1 10 7 12 1 1 10 12 1 10 12 1 1 10 12 1 7 1 8 1 10 12 1 1 7 1 10 12 1 1 10 12 1 1 10 12 1 9 12 1 10 12 1 1 10 12 1 10 12 1 9 12 1 7 1 100 1 10 12 9 12 1 9 12 1 100 1 10 10 12 1 10 10 7 12 1 1 7 1 10 10 7 12 1 1 1 1 1 1 1 1 1 1 1 1 1 1 1 1 1 1 1 7 1 1 1 100 1 1 1 1 1 1 1 1 1 1 1 1 1 1 1 1 1 1 1 1 1 1 1 1 1 1 1 1 1 1 1 1 1 1 1 7 1 7 1 7 1 1 1
staticfield java/lang/ref/Reference processPendingLock Ljava/lang/Object; java/lang/Object
staticfield java/lang/ref/Reference $assertionsDisabled Z 1
ciMethod java/lang/ref/Reference get ()Ljava/lang/Object; 0 0 1 0 -1
instanceKlass org/eclipse/sisu/inject/MildElements$Soft
instanceKlass java/io/ClassCache$CacheRef
instanceKlass org/eclipse/sisu/inject/MildKeys$Soft
instanceKlass org/eclipse/core/internal/registry/ReferenceMap$SoftRef
instanceKlass sun/util/locale/provider/LocaleResources$ResourceReference
instanceKlass sun/util/resources/Bundles$BundleReference
instanceKlass java/util/ResourceBundle$BundleReference
instanceKlass sun/security/util/MemoryCache$SoftCacheEntry
instanceKlass sun/util/locale/LocaleObjectCache$CacheEntry
instanceKlass java/lang/invoke/LambdaFormEditor$Transform
ciInstanceKlass java/lang/ref/SoftReference 1 1 47 10 7 12 1 1 1 9 7 12 1 1 1 9 12 1 10 12 1 10 12 1 1 1 1 1 1 1 1 1 1 1 1 1 1 1 1 1 1 1 1 100 1 1 1 1 1
ciMethod java/lang/ref/SoftReference get ()Ljava/lang/Object; 512 0 11521 0 128
ciMethod java/lang/ref/SoftReference <init> (Ljava/lang/Object;)V 506 0 2933 0 -1
instanceKlass org/eclipse/sisu/inject/MildElements$Weak
instanceKlass com/google/common/collect/MapMakerInternalMap$AbstractWeakKeyEntry
instanceKlass com/google/common/cache/LocalCache$WeakEntry
instanceKlass org/eclipse/jdt/internal/core/util/WeakHashSetOfCharArray$HashableWeakReference
instanceKlass org/eclipse/jdt/internal/core/util/WeakHashSet$HashableWeakReference
instanceKlass org/eclipse/sisu/inject/MildKeys$Weak
instanceKlass com/sun/jna/CallbackReference
instanceKlass java/util/ResourceBundle$KeyElementReference
instanceKlass java/util/logging/LogManager$LoggerWeakRef
instanceKlass java/util/logging/Level$KnownLevel
instanceKlass org/eclipse/osgi/internal/container/KeyBasedLockStore$LockWeakRef
instanceKlass sun/nio/ch/FileLockTable$FileLockReference
instanceKlass java/lang/ClassValue$Entry
instanceKlass java/lang/ThreadLocal$ThreadLocalMap$Entry
instanceKlass java/lang/WeakPairMap$WeakRefPeer
instanceKlass jdk/internal/util/WeakReferenceKey
instanceKlass java/util/WeakHashMap$Entry
ciInstanceKlass java/lang/ref/WeakReference 1 1 31 10 7 12 1 1 1 10 12 1 100 1 1 1 1 1 1 1 1 1 1 1 1 1 1 1 1 1 1 1 1
instanceKlass java/lang/ref/Finalizer
ciInstanceKlass java/lang/ref/FinalReference 1 1 50 10 7 12 1 1 1 10 7 12 1 1 1 10 12 1 1 7 1 8 1 10 12 1 1 1 1 1 1 1 1 1 1 1 1 1 1 1 1 1 1 1 1 1 1 1 1 1 7 1
instanceKlass com/sun/jna/internal/Cleaner$CleanerRef
instanceKlass jdk/internal/ref/PhantomCleanable
instanceKlass jdk/internal/ref/Cleaner
ciInstanceKlass java/lang/ref/PhantomReference 1 1 39 10 100 12 1 1 1 10 7 12 1 1 1 1 1 1 1 1 1 1 1 1 1 1 1 1 1 1 1 1 1 1 1 1 1 1 1 1 1
ciInstanceKlass java/lang/ref/Finalizer 1 1 155 9 7 12 1 1 1 10 7 12 1 1 1 9 12 1 1 9 12 1 1 9 12 1 9 12 1 9 12 1 1 10 12 1 7 1 8 1 10 12 1 10 12 1 1 9 12 1 100 1 10 12 1 7 1 11 100 12 1 1 10 12 1 7 1 10 12 1 100 1 10 12 1 10 7 12 1 1 1 10 100 12 1 1 1 100 1 10 10 12 1 7 1 10 12 1 7 1 10 12 1 1 10 12 1 1 10 12 1 10 7 12 1 1 1 7 1 10 7 1 10 10 12 1 1 1 1 1 1 1 1 1 1 1 1 1 1 1 1 1 1 1 1 1 1 1 1 1 1 1 1 1 1 1 1
staticfield java/lang/ref/Finalizer lock Ljava/lang/Object; java/lang/Object
staticfield java/lang/ref/Finalizer ENABLED Z 1
staticfield java/lang/ref/Finalizer $assertionsDisabled Z 1
instanceKlass org/eclipse/jdt/internal/compiler/parser/TerminalToken
instanceKlass org/eclipse/jdt/ls/core/internal/EventType
instanceKlass java/nio/file/FileVisitResult
instanceKlass java/nio/file/FileTreeWalker$EventType
instanceKlass java/nio/file/FileVisitOption
instanceKlass org/eclipse/lsp4j/jsonrpc/messages/ResponseErrorCode
instanceKlass org/eclipse/lsp4j/WorkDoneProgressKind
instanceKlass org/eclipse/jdt/ls/core/internal/semantictokens/TokenModifier
instanceKlass org/eclipse/jdt/ls/core/internal/semantictokens/TokenType
instanceKlass org/eclipse/lsp4j/TextDocumentSyncKind
instanceKlass org/eclipse/sisu/inject/QualifyingStrategy
instanceKlass com/google/inject/internal/InjectorImpl$JitLimitation
instanceKlass org/eclipse/sisu/bean/DeclaredMembers$View
instanceKlass com/google/inject/internal/Initializer$InjectableReferenceState
instanceKlass com/google/common/collect/MapMakerInternalMap$Strength
instanceKlass org/apache/maven/settings/building/SettingsProblem$Severity
instanceKlass org/eclipse/aether/metadata/Metadata$Nature
instanceKlass org/apache/maven/model/building/ModelProblem$Version
instanceKlass org/apache/maven/building/Problem$Severity
instanceKlass org/apache/maven/plugin/internal/DefaultPluginValidationManager$ValidationReportLevel
instanceKlass org/apache/maven/plugin/PluginValidationManager$IssueLocality
instanceKlass org/apache/maven/classrealm/ClassRealmRequest$RealmType
instanceKlass org/apache/maven/artifact/ArtifactScopeEnum
instanceKlass org/apache/maven/execution/ExecutionEvent$Type
instanceKlass com/google/inject/spi/InjectionPoint$Position
instanceKlass com/google/common/util/concurrent/AbstractFutureState$VarHandleAtomicHelperMaker
instanceKlass java/lang/annotation/ElementType
instanceKlass com/google/inject/internal/InternalFlags$ColorizeOption
instanceKlass com/google/inject/internal/InternalFlags$BytecodeGenOption
instanceKlass com/google/inject/internal/InternalFlags$NullableProvidesOption
instanceKlass com/google/inject/internal/InternalFlags$CustomClassLoadingOption
instanceKlass com/google/inject/internal/InternalFlags$IncludeStackTraceOption
instanceKlass com/google/inject/Key$NullAnnotationStrategy
instanceKlass sun/reflect/annotation/TypeAnnotation$TypeAnnotationTarget
instanceKlass com/google/common/base/CaseFormat
instanceKlass com/google/inject/Stage
instanceKlass org/eclipse/sisu/space/BeanScanning
instanceKlass org/eclipse/lsp4j/DiagnosticTag
instanceKlass org/eclipse/lsp4j/PrepareSupportDefaultBehavior
instanceKlass org/eclipse/lsp4j/CompletionItemKind
instanceKlass org/eclipse/lsp4j/CompletionItemTag
instanceKlass org/eclipse/lsp4j/InsertTextMode
instanceKlass org/eclipse/lsp4j/SymbolTag
instanceKlass org/eclipse/lsp4j/SymbolKind
instanceKlass org/eclipse/jdt/ls/core/internal/BuildWorkspaceStatus
instanceKlass org/eclipse/jdt/ls/core/internal/javafx/FXVersion
instanceKlass org/eclipse/m2e/jdt/JreSystemVersion
instanceKlass org/eclipse/jdt/ls/core/internal/ServiceStatus
instanceKlass com/google/gson/ReflectionAccessFilter$FilterResult
instanceKlass com/google/gson/stream/JsonToken
instanceKlass com/google/gson/Strictness
instanceKlass com/google/gson/ToNumberPolicy
instanceKlass com/google/gson/FieldNamingPolicy
instanceKlass com/google/gson/LongSerializationPolicy
instanceKlass ch/qos/logback/core/spi/FilterReply
instanceKlass org/eclipse/buildship/core/internal/util/gradle/PublishedGradleVersions$LookupStrategy
instanceKlass org/eclipse/buildship/core/internal/CoreTraceScopes
instanceKlass org/eclipse/jdt/ls/core/internal/DiagnosticsState$ErrorLevel
instanceKlass javax/xml/catalog/CatalogFeatures$State
instanceKlass com/sun/org/apache/xalan/internal/utils/XMLSecurityPropertyManager$Property
instanceKlass com/sun/org/apache/xalan/internal/utils/FeaturePropertyBase$State
instanceKlass jdk/xml/internal/JdkProperty$ImplPropMap
instanceKlass jdk/xml/internal/JdkXmlFeatures$XmlFeature
instanceKlass org/eclipse/jdt/ls/core/internal/preferences/CodeGenerationTemplate
instanceKlass org/eclipse/jdt/ls/core/internal/preferences/Preferences$SearchScope
instanceKlass org/eclipse/jdt/ls/core/internal/handlers/ProjectEncodingMode
instanceKlass org/eclipse/jdt/ls/core/internal/handlers/InlayHintsParameterMode
instanceKlass org/eclipse/jdt/ls/core/internal/handlers/CompletionGuessMethodArgumentsMode
instanceKlass org/eclipse/jdt/ls/core/internal/handlers/CompletionMatchCaseMode
instanceKlass org/eclipse/jdt/ls/core/internal/preferences/Preferences$FeatureStatus
instanceKlass lombok/eclipse/agent/PatchDelegate$DelegateReceiver
instanceKlass org/apache/maven/model/building/ModelProblem$Severity
instanceKlass com/google/common/cache/LocalCache$EntryFactory
instanceKlass com/google/common/cache/CacheBuilder$NullListener
instanceKlass com/google/common/cache/CacheBuilder$OneWeigher
instanceKlass com/google/common/cache/LocalCache$Strength
instanceKlass org/eclipse/m2e/core/internal/preferences/ProblemSeverity
instanceKlass org/eclipse/m2e/core/lifecyclemapping/model/PluginExecutionAction
instanceKlass org/slf4j/helpers/Reporter$Level
instanceKlass org/slf4j/helpers/Reporter$TargetChoice
instanceKlass ch/qos/logback/classic/spi/Configurator$ExecutionStatus
instanceKlass org/apache/felix/scr/impl/inject/field/FieldHandler$METHOD_TYPE
instanceKlass java/security/DrbgParameters$Capability
instanceKlass jdk/xml/internal/XMLSecurityManager$NameMap
instanceKlass jdk/xml/internal/XMLSecurityManager$Processor
instanceKlass jdk/xml/internal/XMLSecurityManager$Limit
instanceKlass java/nio/file/StandardCopyOption
instanceKlass java/math/RoundingMode
instanceKlass java/time/format/TextStyle
instanceKlass java/time/format/DateTimeFormatterBuilder$SettingsParser
instanceKlass java/time/format/ResolverStyle
instanceKlass java/time/format/SignStyle
instanceKlass java/time/temporal/JulianFields$Field
instanceKlass java/time/temporal/IsoFields$Unit
instanceKlass java/time/temporal/IsoFields$Field
instanceKlass org/apache/felix/scr/impl/inject/ValueUtils$ValueType
instanceKlass org/apache/felix/scr/impl/manager/RegistrationManager$RegState
instanceKlass org/apache/felix/scr/impl/manager/AbstractComponentManager$State
instanceKlass org/osgi/util/promise/PromiseFactory$Option
instanceKlass org/apache/felix/scr/impl/metadata/ReferenceMetadata$ReferenceScope
instanceKlass org/apache/felix/scr/impl/metadata/ServiceMetadata$Scope
instanceKlass org/apache/felix/scr/impl/metadata/DSVersion
instanceKlass com/sun/org/apache/xerces/internal/impl/XMLScanner$NameType
instanceKlass com/sun/org/apache/xerces/internal/util/Status
instanceKlass javax/xml/catalog/CatalogFeatures$Feature
instanceKlass com/sun/org/apache/xerces/internal/utils/XMLSecurityPropertyManager$Property
instanceKlass com/sun/org/apache/xerces/internal/utils/XMLSecurityPropertyManager$State
instanceKlass com/sun/org/apache/xerces/internal/utils/XMLSecurityManager$NameMap
instanceKlass jdk/xml/internal/JdkProperty$State
instanceKlass com/sun/org/apache/xerces/internal/utils/XMLSecurityManager$Limit
instanceKlass org/apache/felix/scr/impl/logger/InternalLogger$Level
instanceKlass sun/util/locale/provider/LocaleProviderAdapter$Type
instanceKlass java/util/Locale$Category
instanceKlass java/lang/StackStreamFactory$WalkerState
instanceKlass java/lang/StackWalker$ExtendedOption
instanceKlass java/time/zone/ZoneOffsetTransitionRule$TimeDefinition
instanceKlass java/time/DayOfWeek
instanceKlass java/time/Month
instanceKlass aQute/bnd/header/Attrs$Type
instanceKlass org/apache/aries/spifly/ProviderBundleTrackerCustomizer$DiscoveryMode
instanceKlass org/eclipse/osgi/container/Module$StartOptions
instanceKlass org/eclipse/osgi/container/ModuleContainerAdaptor$ContainerEvent
instanceKlass org/eclipse/osgi/report/resolution/ResolutionReport$Entry$Type
instanceKlass java/util/Comparators$NaturalOrderComparator
instanceKlass org/apache/felix/resolver/PermutationType
instanceKlass java/lang/StackWalker$Option
instanceKlass org/eclipse/equinox/plurl/impl/PlurlImpl$SetFactories
instanceKlass org/eclipse/osgi/container/ModuleDatabase$Sort
instanceKlass org/eclipse/osgi/container/Module$Settings
instanceKlass org/eclipse/osgi/container/ModuleContainerAdaptor$ModuleEvent
instanceKlass org/eclipse/osgi/storage/ContentProvider$Type
instanceKlass org/eclipse/osgi/container/Module$State
instanceKlass org/osgi/service/log/LogLevel
instanceKlass sun/util/logging/PlatformLogger$Level
instanceKlass jdk/internal/logger/BootstrapLogger$LoggingBackend
instanceKlass java/lang/reflect/ProxyGenerator$PrimitiveTypeInfo
instanceKlass java/lang/annotation/RetentionPolicy
instanceKlass java/nio/file/AccessMode
instanceKlass java/util/stream/MatchOps$MatchKind
instanceKlass java/nio/file/attribute/PosixFilePermission
instanceKlass jdk/internal/icu/util/CodePointTrie$ValueWidth
instanceKlass jdk/internal/icu/util/CodePointTrie$Type
instanceKlass java/text/Normalizer$Form
instanceKlass java/time/temporal/ChronoUnit
instanceKlass java/time/temporal/ChronoField
instanceKlass sun/security/util/DisabledAlgorithmConstraints$Constraint$Operator
instanceKlass java/lang/System$Logger$Level
instanceKlass sun/security/rsa/RSAUtil$KeyType
instanceKlass sun/security/util/KnownOIDs
instanceKlass lombok/patcher/StackRequest
instanceKlass java/util/regex/Pattern$Qtype
instanceKlass java/lang/invoke/MethodHandleImpl$ArrayAccess
instanceKlass java/util/zip/ZipCoder$Comparison
instanceKlass java/nio/file/LinkOption
instanceKlass sun/nio/fs/WindowsPathType
instanceKlass java/util/concurrent/TimeUnit
instanceKlass java/nio/file/StandardOpenOption
instanceKlass java/util/stream/Collector$Characteristics
instanceKlass java/util/stream/StreamShape
instanceKlass java/lang/invoke/MethodHandles$Lookup$ClassOption
instanceKlass java/lang/invoke/VarHandle$AccessType
instanceKlass java/lang/invoke/VarHandle$AccessMode
instanceKlass java/lang/invoke/MethodHandleImpl$Intrinsic
instanceKlass java/lang/invoke/LambdaForm$BasicType
instanceKlass java/lang/invoke/LambdaForm$Kind
instanceKlass sun/invoke/util/Wrapper
instanceKlass java/util/stream/StreamOpFlag$Type
instanceKlass java/util/stream/StreamOpFlag
instanceKlass java/io/File$PathStatus
instanceKlass java/lang/module/ModuleDescriptor$Requires$Modifier
instanceKlass java/lang/reflect/AccessFlag$Location
instanceKlass java/lang/reflect/AccessFlag
instanceKlass java/lang/module/ModuleDescriptor$Modifier
instanceKlass java/lang/reflect/ClassFileFormatVersion
instanceKlass java/lang/Thread$State
ciInstanceKlass java/lang/Enum 1 1 204 9 7 12 1 1 1 9 12 1 1 10 7 12 1 1 1 9 12 1 10 7 12 1 1 1 100 1 10 10 12 1 1 10 12 1 7 1 10 10 7 12 1 1 10 12 1 1 18 12 1 1 10 100 12 1 1 1 10 12 1 1 11 7 12 1 1 1 100 1 8 1 10 12 1 100 1 7 1 10 8 1 10 12 1 1 10 12 1 1 8 1 10 12 1 10 100 1 8 1 10 10 12 1 1 10 100 12 1 1 1 7 1 7 1 7 1 1 1 1 1 1 1 1 1 1 1 1 1 1 1 1 1 1 1 1 1 1 1 1 1 1 1 1 1 1 1 1 1 1 1 1 1 1 1 1 1 1 1 1 1 1 1 3 1 1 1 1 100 1 7 1 1 100 1 1 1 1 1 1 1 1 1 1 1 16 15 10 12 16 15 10 100 12 1 1 1 1 1 100 1 100 1 1
ciInstanceKlass java/lang/reflect/Method 1 1 472 9 7 12 1 1 1 10 7 12 1 1 1 10 7 12 1 1 9 12 1 1 10 12 1 1 10 12 1 1 10 7 12 1 1 10 7 12 1 1 1 9 12 1 1 9 12 1 9 12 1 1 9 12 1 9 12 1 9 12 1 1 9 12 1 9 12 1 1 9 12 1 9 12 1 9 12 1 1 100 1 8 1 10 12 1 10 12 1 9 12 1 1 8 1 10 7 12 1 1 10 7 12 1 1 1 10 12 1 1 10 12 1 1 10 12 1 10 12 1 1 10 12 1 1 9 7 12 1 1 1 10 12 1 1 10 12 10 7 12 1 1 10 12 1 1 10 12 1 10 12 1 10 12 1 10 7 12 1 1 1 10 12 1 1 10 7 1 10 7 12 1 1 1 10 7 12 1 1 10 12 1 1 10 12 1 1 10 12 1 10 7 12 1 1 1 10 12 1 10 8 1 10 12 1 10 12 1 7 1 8 1 8 1 8 1 10 12 1 10 12 1 1 10 12 1 1 10 10 12 1 1 10 12 1 11 7 1 10 12 1 9 12 1 1 10 12 1 1 10 12 1 10 12 1 1 10 12 1 1 11 7 12 1 1 1 11 12 1 9 12 1 1 10 12 1 10 12 1 10 12 1 10 12 1 10 12 1 10 12 1 9 12 1 1 10 7 12 1 1 1 10 7 12 1 1 10 12 1 1 10 7 12 1 1 1 10 7 12 1 1 1 10 7 12 1 1 1 11 7 12 1 1 1 10 7 12 1 1 1 7 1 100 1 100 1 10 12 1 10 12 1 1 10 12 1 100 1 8 1 10 12 1 10 10 12 1 1 10 12 1 1 10 12 1 1 10 12 1 1 8 1 10 12 1 1 1 1 1 1 1 1 1 1 1 1 1 1 1 1 1 1 1 1 1 1 1 1 1 1 1 1 1 1 1 1 1 1 1 1 1 1 1 1 1 1 1 1 1 1 1 1 1 1 1 1 1 100 1 7 1 7 1 1 1 1 1 1 1 1 1 1 1 1 1 1 1 1 1 1 1 1 1 1 1 1 1 1 1 1 1 1
ciMethod java/lang/reflect/Method getAnnotation (Ljava/lang/Class;)Ljava/lang/annotation/Annotation; 30 0 5443 0 2696
ciMethod java/lang/reflect/Method getModifiers ()I 260 0 130 0 0
ciMethod java/lang/reflect/Method getTypeParameters ()[Ljava/lang/reflect/TypeVariable; 12 0 5 0 -1
ciMethod java/lang/reflect/Method isSynthetic ()Z 646 0 13770 0 0
ciMethod java/lang/reflect/Method getDeclaringClass ()Ljava/lang/Class; 266 0 133 0 -1
ciMethod java/lang/reflect/Method getParameterAnnotations ()[[Ljava/lang/annotation/Annotation; 28 0 11 0 0
ciMethod java/lang/reflect/Method getGenericParameterTypes ()[Ljava/lang/reflect/Type; 344 0 192 0 -1
ciMethod java/lang/reflect/Method <init> (Ljava/lang/Class;Ljava/lang/String;[Ljava/lang/Class;Ljava/lang/Class;[Ljava/lang/Class;IILjava/lang/String;[B[B[B)V 534 0 5481 0 0
ciMethod java/lang/reflect/Method copy ()Ljava/lang/reflect/Method; 534 0 5481 0 416
ciMethod java/lang/reflect/Method isBridge ()Z 536 0 11440 0 0
ciInstanceKlass java/lang/reflect/Field 1 1 457 9 7 12 1 1 1 10 12 1 1 10 7 12 1 1 1 10 7 12 1 1 9 12 1 1 10 12 1 1 10 12 1 1 10 7 12 1 1 10 7 12 1 1 1 9 12 1 1 9 12 1 9 12 1 9 12 1 1 9 12 1 1 9 12 1 9 12 1 1 9 12 1 1 100 1 8 1 10 12 1 10 12 1 9 12 1 1 9 12 1 10 12 1 10 7 12 1 1 10 12 1 1 10 12 1 1 10 12 1 10 12 1 1 9 100 12 1 1 1 10 100 12 1 1 1 7 1 10 12 1 1 10 12 1 1 10 12 1 1 10 12 1 10 12 1 10 7 1 10 7 12 1 1 7 1 10 8 1 10 12 1 1 10 12 1 1 8 1 10 12 10 12 1 8 1 8 1 10 11 7 1 9 12 1 10 12 1 1 10 12 1 1 11 7 12 1 1 1 10 12 1 11 12 1 1 11 12 1 1 11 12 1 1 11 12 1 1 11 12 1 1 11 12 1 1 11 12 1 1 11 12 1 1 11 12 1 1 11 12 1 1 11 12 1 1 11 12 1 1 11 12 1 1 11 12 1 1 11 12 1 1 11 12 1 1 11 12 1 1 10 12 1 10 7 12 1 1 10 12 1 10 12 1 10 12 1 9 12 1 1 10 7 12 1 1 1 10 12 1 1 10 12 1 10 7 12 1 1 10 12 1 1 11 7 1 10 12 1 7 1 10 100 12 1 1 1 10 7 12 1 1 1 9 12 1 10 7 12 1 1 1 11 7 12 1 1 1 10 12 1 1 10 12 1 1 9 7 12 1 1 10 7 12 1 1 1 10 12 1 1 7 1 1 1 1 1 1 1 1 1 1 1 1 1 1 1 1 1 1 1 1 1 1 1 1 1 1 1 1 1 1 1 1 1 1 1 1 1 1 1 100 1 1 1 1 1 1 1 1 1 1 1 1 1 1 1 1 1 1 1 1 1 1 1 1 1 1 1 1 1 1 1 1 7 1 1 1 1 1 1 1 1 1 100 1 1
ciMethod java/lang/reflect/Field getAnnotation (Ljava/lang/Class;)Ljava/lang/annotation/Annotation; 526 0 8071 0 2688
ciMethod java/lang/reflect/Field getDeclaredAnnotations ()[Ljava/lang/annotation/Annotation; 514 0 617 0 0
ciMethod java/lang/reflect/Field <init> (Ljava/lang/Class;Ljava/lang/String;Ljava/lang/Class;IZILjava/lang/String;[B)V 682 0 5475 0 0
ciMethod java/lang/reflect/Field getModifiers ()I 266 0 133 0 0
ciMethod java/lang/reflect/Field declaredAnnotations ()Ljava/util/Map; 516 0 5841 0 1736
ciMethod java/lang/reflect/Field getDeclaringClass ()Ljava/lang/Class; 266 0 133 0 -1
ciMethod java/lang/reflect/Field getGenericType ()Ljava/lang/reflect/Type; 522 0 1955 0 -1
ciMethod java/lang/reflect/Field getTypeAnnotationBytes0 ()[B 256 0 128 0 -1
ciMethod java/lang/reflect/Field copy ()Ljava/lang/reflect/Field; 682 0 5475 0 344
ciMethod java/lang/reflect/Field getAnnotatedType ()Ljava/lang/reflect/AnnotatedType; 514 0 617 0 0
ciInstanceKlass java/lang/reflect/Parameter 1 1 243 10 7 12 1 1 1 9 7 12 1 1 1 9 12 1 1 9 12 1 1 9 12 1 10 12 1 1 10 12 1 1 10 7 12 1 1 1 7 1 10 10 12 1 1 11 7 12 1 1 1 10 12 1 10 100 12 1 1 1 10 12 1 1 10 12 1 10 12 1 8 1 8 1 10 7 12 1 1 1 10 12 1 10 12 9 100 12 1 1 1 10 100 12 1 1 1 10 12 1 8 1 10 12 1 9 12 1 1 10 12 1 1 9 12 1 1 10 12 1 1 10 12 1 1 10 12 1 1 10 12 1 10 10 12 1 10 100 12 1 1 1 10 12 1 1 11 7 12 1 1 10 7 12 1 1 7 1 10 100 12 1 1 1 10 12 1 1 10 12 1 1 10 12 1 1 10 12 1 1 9 12 1 100 1 10 11 12 1 1 11 12 1 1 7 1 1 1 1 1 1 1 1 1 1 1 1 1 1 1 1 1 1 1 1 1 1 1 1 1 1 1 1 1 1 1 1 1 1 1 1 1 1 1 1 1 100 1 1 1 1 1 1
ciInstanceKlass java/lang/reflect/Array 1 1 83 10 100 12 1 1 1 10 7 12 1 1 1 10 12 1 1 1 1 1 1 1 1 1 1 1 1 1 1 1 100 1 1 1 1 1 100 1 1 1 1 1 1 1 1 100 1 1 1 1 1 1 1 1 1 1 1 1 1 1 1 1 1 1 1 1 1 1 1 1 1 1 1 1 1 1 1 1 1 1 1 1 1
ciMethod java/lang/reflect/Array newInstance (Ljava/lang/Class;I)Ljava/lang/Object; 186 0 5422 0 -1
ciInstanceKlass java/lang/reflect/RecordComponent 1 1 196 10 7 12 1 1 1 9 7 12 1 1 1 9 12 1 1 9 12 1 10 12 1 1 10 12 1 1 10 100 12 1 1 1 10 12 1 1 9 12 1 1 10 12 1 1 10 12 1 1 10 12 1 10 100 12 1 1 10 100 12 1 1 9 12 1 1 10 100 12 1 1 1 11 100 12 1 1 1 10 9 100 12 1 1 1 10 100 12 1 1 1 9 12 1 1 10 100 12 1 1 1 10 12 1 1 11 7 12 1 1 10 7 12 1 1 7 1 9 12 1 9 12 1 1 9 12 1 10 100 12 1 1 1 10 12 1 1 10 12 1 1 7 1 10 10 12 1 10 12 1 1 8 1 10 12 1 10 12 1 9 12 1 7 1 1 1 1 1 1 1 1 1 1 1 1 1 1 1 1 1 1 1 1 1 1 7 1 1 1 1 1 1 100 1 1
ciInstanceKlass java/lang/StringBuffer 1 1 483 10 7 12 1 1 1 10 12 1 10 12 1 10 12 1 1 9 7 12 1 1 1 10 12 1 1 10 12 1 10 12 1 1 9 12 1 1 10 12 1 10 12 1 1 10 12 1 1 10 12 1 10 12 1 1 10 12 1 10 12 1 1 10 12 1 1 10 7 12 1 1 1 10 12 1 1 10 12 1 10 12 1 10 12 1 10 12 1 10 12 1 10 12 1 10 12 1 10 12 1 10 12 1 10 12 1 10 12 1 10 12 1 10 12 1 10 12 1 1 10 12 1 10 12 1 1 10 12 1 1 10 10 12 1 1 10 12 1 10 12 1 10 12 1 10 12 1 10 12 1 10 12 1 10 12 10 12 1 10 12 1 10 12 1 10 12 1 1 10 12 1 10 12 1 10 10 12 1 1 10 12 1 10 12 1 10 12 1 10 10 100 12 1 1 1 10 10 12 1 1 9 12 1 1 10 100 12 1 1 10 100 1 8 10 100 12 1 1 1 8 10 12 1 8 1 10 12 1 10 12 1 10 100 12 1 1 1 10 100 12 1 1 1 7 1 10 12 100 1 8 1 10 10 12 1 1 10 12 1 1 10 12 1 10 12 1 10 12 1 1 10 12 1 10 12 1 10 12 1 10 12 1 10 12 1 10 12 10 12 1 10 12 1 10 12 1 10 12 1 10 12 1 10 12 1 10 12 1 10 12 1 10 12 1 10 12 1 10 12 10 12 10 12 1 10 12 1 10 12 1 10 12 10 12 1 10 12 1 10 12 1 10 12 1 10 12 1 10 12 1 10 12 1 10 12 1 10 12 1 10 12 1 10 12 1 7 1 10 12 1 9 7 12 1 1 1 9 7 1 9 12 1 1 7 1 7 1 7 1 7 1 1 1 1 5 0 1 1 1 1 1 1 1 1 1 1 1 1 1 1 1 1 1 1 1 1 1 1 1 1 1 1 1 1 1 1 1 1 1 1 1 1 1 1 1 1 1 1 1 1 1 1 1 1 1 1 1 1 1 1 1 1 1 1 1 1 1 100 1 1 1 1 1 7 1 1 1 1 1 1 1 1 1 1 1 1 1 1 1 1 1 1
staticfield java/lang/StringBuffer serialPersistentFields [Ljava/io/ObjectStreamField; 3 [Ljava/io/ObjectStreamField;
instanceKlass java/net/URLClassLoader
instanceKlass jdk/internal/loader/BuiltinClassLoader
ciInstanceKlass java/security/SecureClassLoader 1 1 102 10 7 12 1 1 1 7 1 10 12 1 9 7 12 1 1 1 10 12 1 10 12 1 10 12 1 1 10 12 1 1 10 12 1 7 1 10 7 1 10 12 1 7 1 10 12 1 11 7 12 1 1 1 7 1 11 12 1 10 12 1 1 1 1 1 1 1 1 1 1 1 1 1 1 1 1 1 1 1 1 1 1 1 1 1 1 1 1 1 1 1 1 1 1 1 1 100 1 1 1 1
ciInstanceKlass java/util/jar/Manifest 1 1 339 10 7 12 1 1 1 7 1 10 9 7 12 1 1 1 7 1 10 9 12 1 1 9 12 1 1 10 12 1 10 12 1 1 10 12 1 1 10 12 1 1 10 12 1 1 11 7 1 11 12 1 1 10 12 1 1 10 100 12 1 1 1 100 1 7 1 10 8 1 10 12 1 1 10 12 1 1 10 12 1 10 12 1 11 100 1 10 12 1 10 12 1 1 11 12 1 1 10 12 1 11 12 1 1 11 100 12 1 1 1 11 7 12 1 1 11 12 1 1 100 1 10 12 1 8 1 11 12 1 7 1 10 12 1 1 11 12 1 10 12 1 10 12 1 10 7 12 1 1 1 8 1 10 12 1 1 10 9 7 12 1 1 1 10 12 1 1 10 100 12 1 10 12 1 10 12 1 9 100 12 1 1 1 8 1 10 12 1 8 1 8 1 7 1 10 12 1 10 12 1 10 12 1 1 100 1 8 1 10 12 1 1 8 1 10 10 12 1 1 8 1 10 12 1 1 10 7 12 1 1 1 10 12 1 10 11 12 1 1 10 12 1 10 7 12 1 1 1 10 12 1 1 10 12 1 10 12 1 1 11 10 12 1 11 10 12 1 7 1 1 1 1 1 1 1 1 1 1 1 1 1 1 1 1 1 1 1 1 1 1 1 1 1 1 1 1 1 1 1 1 1 1 1 1 1 1 1 1 1 1 1 100 1 1 1 1 1 1 1 1 1 1 1 1 1 1 7 1 1 1 1 1 1 1 1 1 1 1
ciInstanceKlass java/io/ByteArrayInputStream 1 1 117 10 7 12 1 1 1 9 7 12 1 1 1 9 12 1 1 9 12 1 9 12 1 10 100 12 1 1 1 10 7 12 1 1 1 10 7 12 1 1 1 10 100 12 1 1 1 10 12 1 1 3 10 100 1 10 100 12 1 1 1 9 12 1 1 100 1 10 10 7 12 1 1 1 1 1 1 1 1 1 1 1 1 1 1 1 1 1 1 1 1 1 1 1 1 1 1 1 1 1 1 1 100 1 1 1 1 1 1 1 1 1 1 1 1 1 1
staticfield java/io/ByteArrayInputStream $assertionsDisabled Z 1
instanceKlass java/nio/DoubleBuffer
instanceKlass java/nio/FloatBuffer
instanceKlass java/nio/ShortBuffer
instanceKlass java/nio/CharBuffer
instanceKlass java/nio/IntBuffer
instanceKlass java/nio/LongBuffer
instanceKlass java/nio/ByteBuffer
ciInstanceKlass java/nio/Buffer 1 1 256 100 1 10 7 12 1 1 1 9 7 12 1 1 1 9 12 1 9 12 1 1 9 12 1 9 12 1 1 10 12 1 1 10 12 1 1 10 12 100 1 7 1 10 8 1 10 12 1 1 10 12 1 8 1 8 1 10 12 1 1 10 12 1 8 1 9 12 1 1 100 1 8 1 10 12 1 8 1 8 1 9 12 10 12 1 8 1 8 1 8 1 10 12 1 8 1 8 1 8 1 100 1 10 100 1 10 100 1 10 9 12 1 1 10 7 12 1 1 1 100 1 10 12 1 1 10 12 1 10 100 12 1 1 10 7 12 1 1 1 10 7 12 1 1 1 9 12 1 1 10 7 12 1 1 1 9 12 1 1 7 1 10 10 12 1 1 7 1 10 10 7 12 1 1 1 1 1 3 1 1 1 1 1 1 1 1 1 1 1 1 1 1 100 1 1 1 1 1 1 1 7 1 1 1 1 1 1 1 1 1 1 1 1 1 1 1 1 1 1 1 1 1 1 1 1 1 1 1 1 1 1 1 1 1 1 1 1 1 1 1 100 1 100 1 100 1 100 1 100 1 100 1 100 1 1
staticfield java/nio/Buffer UNSAFE Ljdk/internal/misc/Unsafe; jdk/internal/misc/Unsafe
staticfield java/nio/Buffer SCOPED_MEMORY_ACCESS Ljdk/internal/misc/ScopedMemoryAccess; jdk/internal/misc/ScopedMemoryAccess
staticfield java/nio/Buffer IOOBE_FORMATTER Ljava/util/function/BiFunction; jdk/internal/util/Preconditions$4
staticfield java/nio/Buffer $assertionsDisabled Z 1
ciInstanceKlass java/util/Objects 1 1 184 10 7 12 1 1 1 100 1 8 1 10 12 1 10 12 1 1 10 7 12 1 1 1 10 12 1 1 10 12 1 10 7 12 1 1 1 10 12 1 1 10 7 12 1 1 1 7 1 10 10 12 1 1 10 7 12 1 1 10 12 1 1 8 1 10 7 12 1 1 1 10 7 12 1 1 1 10 11 100 12 1 1 1 100 1 10 10 12 1 8 1 10 12 1 8 1 100 1 11 12 1 1 8 1 10 7 12 1 1 1 10 12 1 1 10 12 1 10 12 1 10 12 1 10 12 1 1 1 1 1 1 1 1 1 1 1 1 1 1 1 1 1 1 1 1 1 1 1 1 1 1 1 1 1 1 1 1 1 1 1 1 1 1 1 1 1 1 1 1 1 1 1 1 1 1 1 1 1 1 1 1 1 1
ciInstanceKlass jdk/internal/util/Preconditions 1 1 194 10 7 12 1 1 1 11 7 12 1 1 1 11 100 12 1 1 1 7 1 100 1 10 7 12 1 1 1 10 12 1 8 1 7 1 10 7 12 1 1 1 10 12 1 1 8 1 8 1 10 7 12 1 1 7 1 10 12 1 8 1 10 7 12 1 1 1 8 1 10 12 1 1 10 12 1 1 11 12 1 8 1 8 1 11 12 1 1 8 1 8 1 8 1 10 12 1 1 10 12 1 1 10 12 1 10 12 1 10 12 1 10 12 7 1 10 10 12 1 1 9 12 1 1 7 1 10 9 12 1 7 1 10 9 12 1 1 1 1 1 1 1 1 1 1 1 1 1 1 1 1 1 1 1 1 1 1 1 1 1 1 1 1 1 1 1 1 1 1 1 1 1 1 1 1 1 1 1 1 1 1 1 1 1 1 1 1 1 1 1 1 1 1
staticfield jdk/internal/util/Preconditions SIOOBE_FORMATTER Ljava/util/function/BiFunction; jdk/internal/util/Preconditions$4
staticfield jdk/internal/util/Preconditions AIOOBE_FORMATTER Ljava/util/function/BiFunction; jdk/internal/util/Preconditions$4
staticfield jdk/internal/util/Preconditions IOOBE_FORMATTER Ljava/util/function/BiFunction; jdk/internal/util/Preconditions$4
ciMethod java/util/Objects checkIndex (II)I 520 0 43677 0 -1
ciMethod java/util/Objects requireNonNull (Ljava/lang/Object;)Ljava/lang/Object; 1008 0 204623 0 -1
instanceKlass com/google/common/collect/Lists$TransformingRandomAccessList
instanceKlass java/util/Collections$CopiesList
instanceKlass org/eclipse/osgi/internal/container/InternalUtils$CopyOnFirstWriteList
instanceKlass org/eclipse/osgi/internal/weaving/DynamicImportList
instanceKlass java/util/AbstractSequentialList
instanceKlass java/util/Collections$SingletonList
instanceKlass java/util/Vector
instanceKlass sun/security/jca/ProviderList$ServiceList
instanceKlass sun/security/jca/ProviderList$3
instanceKlass java/util/Arrays$ArrayList
instanceKlass java/util/ArrayList$SubList
instanceKlass java/util/Collections$EmptyList
instanceKlass java/util/ArrayList
ciInstanceKlass java/util/AbstractList 1 1 218 10 7 12 1 1 1 9 7 12 1 1 1 10 12 1 1 10 12 1 1 100 1 10 10 12 1 1 11 100 12 1 1 1 11 12 1 1 11 12 1 10 7 12 1 1 1 10 12 1 11 12 1 11 12 1 11 12 1 10 12 1 1 10 12 1 1 11 7 12 1 1 1 11 7 1 11 7 1 10 12 1 100 1 10 12 1 10 12 1 1 7 1 100 1 10 12 1 100 1 10 100 1 7 1 10 8 1 10 12 1 1 10 12 1 10 12 1 1 10 12 1 8 1 100 1 8 1 8 1 8 1 10 7 1 11 10 10 12 1 11 12 1 10 12 1 1 8 1 8 1 1 1 1 1 1 1 1 1 1 1 1 1 1 1 1 1 1 1 1 1 1 1 1 1 1 1 1 1 1 1 1 1 1 1 1 1 1 1 1 1 1 1 1 1 1 1 1 1 1 1 1 1 1 1 1 1 1 100 1 100 1 1 1 1 1 1 1
ciInstanceKlass java/util/List 1 1 251 10 100 12 1 1 1 11 100 12 1 1 1 11 100 12 1 1 1 11 12 1 1 11 100 12 1 1 11 12 1 1 11 12 1 1 10 100 12 1 1 1 7 1 7 1 10 12 1 1 100 1 10 100 12 1 1 1 11 12 1 1 11 12 1 11 12 1 100 1 10 12 1 11 12 1 1 11 12 1 1 11 12 1 10 100 12 1 1 1 9 7 12 1 1 1 7 1 10 12 10 12 1 7 1 10 12 1 1 10 12 1 10 12 1 1 11 12 1 1 100 1 1 1 1 1 1 1 1 1 1 1 1 1 1 1 1 1 1 1 1 1 1 1 1 1 1 1 1 1 1 1 1 1 1 1 1 1 1 1 1 1 1 1 1 100 1 100 1 1 1 1 1 1 1 1 1 1 1 1 1 1 1 1 1 1 1 1 1 1 1 1 1 1 1 1 1 1 1 1 1 1 1 1 1 1 1 1 1 1 1 1 1 1 1 1 1 1 1 1 1 1 1 1 1 1 1 1 1 1 1 1 1 1 1 1 1 1 1 1 1 1 1 1 100 1 1 100 1 1 1
ciInstanceKlass java/util/SequencedCollection 1 1 109 100 1 10 12 1 1 11 7 12 1 1 1 11 7 12 1 1 1 11 12 1 1 11 12 1 7 1 7 1 1 1 1 1 1 1 1 1 1 1 1 1 1 1 1 1 1 1 1 1 1 1 1 1 1 1 1 1 100 1 8 1 1 12 10 1 1 1 8 1 1 1 8 1 1 1 8 1 1 1 8 1 1 8 1 1 1 8 1 1 8 1 1 1 8 1 1 8 1 1 1 8 1 1 8 1 1 8 1
ciInstanceKlass java/util/Collection 1 1 115 11 7 12 1 1 1 7 1 11 7 12 1 1 1 10 7 12 1 1 1 11 12 1 1 11 7 12 1 1 1 11 12 1 1 11 100 12 1 1 1 11 12 1 1 10 100 12 1 1 1 11 12 1 10 7 12 1 1 1 100 1 100 1 1 1 1 1 1 1 1 1 1 1 1 1 1 1 1 1 1 1 1 1 1 1 1 1 1 1 1 1 1 1 1 1 1 1 1 1 1 1 1 1 1 1 1 1 1 1 1 1 1 1 1
ciInstanceKlass java/lang/Iterable 1 1 62 10 7 12 1 1 1 11 7 12 1 1 1 11 7 12 1 1 1 11 12 1 1 11 7 12 1 1 1 10 100 12 1 1 1 100 1 1 1 1 1 1 1 1 1 1 1 1 1 1 1 1 1 1 1 1 1 1 1 1 1 1
ciMethod java/util/List size ()I 0 0 1 0 -1
ciMethod java/util/List get (I)Ljava/lang/Object; 0 0 1 0 -1
ciMethod java/util/List add (Ljava/lang/Object;)Z 0 0 1 0 -1
ciMethod java/util/List add (ILjava/lang/Object;)V 0 0 1 0 -1
ciMethod java/util/List toArray ([Ljava/lang/Object;)[Ljava/lang/Object; 0 0 1 0 -1
ciMethod java/util/List iterator ()Ljava/util/Iterator; 0 0 1 0 -1
instanceKlass org/eclipse/sisu/inject/MildElements
instanceKlass org/eclipse/sisu/inject/MildValues$1
instanceKlass com/google/common/collect/AbstractMapBasedMultimap$WrappedCollection
instanceKlass com/google/common/collect/Maps$Values
instanceKlass com/google/common/collect/AbstractMultimap$Values
instanceKlass com/google/common/collect/ImmutableCollection
instanceKlass org/apache/felix/resolver/util/ArrayMap$1
instanceKlass com/sun/jna/Structure$StructureSet
instanceKlass java/util/AbstractMap$2
instanceKlass java/util/TreeMap$Values
instanceKlass java/util/IdentityHashMap$Values
instanceKlass org/apache/felix/resolver/util/OpenHashMap$AbstractObjectCollection
instanceKlass org/eclipse/osgi/internal/container/NamespaceList$Builder
instanceKlass java/util/AbstractQueue
instanceKlass java/util/LinkedHashMap$LinkedValues
instanceKlass java/util/HashMap$Values
instanceKlass java/util/ArrayDeque
instanceKlass java/util/AbstractSet
instanceKlass java/util/ImmutableCollections$AbstractImmutableCollection
instanceKlass java/util/AbstractList
ciInstanceKlass java/util/AbstractCollection 1 1 160 10 7 12 1 1 1 10 7 12 1 1 1 10 12 1 1 11 7 12 1 1 1 11 12 1 1 10 12 1 1 10 100 12 1 1 1 10 12 1 1 10 12 1 1 10 7 12 1 1 10 7 12 1 1 1 7 1 10 7 12 1 1 1 10 100 12 1 1 1 100 1 10 11 12 1 11 7 1 10 12 1 10 12 1 10 100 12 1 1 1 11 8 1 7 1 10 10 12 1 1 8 1 10 12 1 10 12 1 1 1 1 1 1 1 1 1 1 1 1 1 1 1 1 1 1 1 1 1 1 1 1 1 1 1 1 1 1 1 1 1 1 1 1 1 1 1 1 1 1 1 1 1 1 1 1 1 1 1 1
ciMethod java/util/AbstractCollection <init> ()V 708 0 68421 0 80
ciMethod java/util/AbstractList <init> ()V 284 0 39298 0 88
ciInstanceKlass java/lang/AssertionStatusDirectives 0 0 24 10 100 12 1 1 1 100 1 1 1 1 1 1 1 1 1 1 1 1 1 1 1 1
instanceKlass java/nio/file/ProviderNotFoundException
instanceKlass java/nio/file/FileSystemAlreadyExistsException
instanceKlass java/nio/file/FileSystemNotFoundException
instanceKlass java/util/concurrent/CompletionException
instanceKlass com/microsoft/gradle/bs/importer/model/NamedPipeConnectionException
instanceKlass com/google/inject/internal/aop/GlueException
instanceKlass org/apache/maven/artifact/InvalidArtifactRTException
instanceKlass java/lang/annotation/IncompleteAnnotationException
instanceKlass com/google/inject/CreationException
instanceKlass com/google/inject/ConfigurationException
instanceKlass com/google/inject/ProvisionException
instanceKlass org/eclipse/lsp4j/jsonrpc/JsonRpcException
instanceKlass org/eclipse/jdt/internal/core/search/matching/MatchLocator$WrappedCoreException
instanceKlass org/eclipse/lsp4j/jsonrpc/MessageIssueException
instanceKlass org/eclipse/lsp4j/jsonrpc/ResponseErrorException
instanceKlass com/google/gson/JsonParseException
instanceKlass java/io/UncheckedIOException
instanceKlass org/gradle/api/UncheckedIOException
instanceKlass org/eclipse/buildship/core/internal/GradlePluginsRuntimeException
instanceKlass com/sun/jna/LastErrorException
instanceKlass org/eclipse/text/edits/MalformedTreeException
instanceKlass org/w3c/dom/DOMException
instanceKlass org/eclipse/jdt/internal/codeassist/select/SelectionNodeFound
instanceKlass org/eclipse/jdt/internal/core/DeltaProcessor$1FoundRelevantDeltaException
instanceKlass org/eclipse/jdt/internal/compiler/lookup/ReferenceBinding$DysfunctionalInterfaceException
instanceKlass org/eclipse/jdt/internal/codeassist/complete/InvalidCursorLocation
instanceKlass org/eclipse/jdt/internal/codeassist/complete/CompletionNodeFound
instanceKlass org/eclipse/jdt/internal/compiler/problem/AbortCompilation
instanceKlass org/eclipse/jdt/internal/compiler/lookup/SourceTypeCollisionException
instanceKlass org/eclipse/jdt/internal/core/builder/MissingSourceFileException
instanceKlass org/eclipse/jdt/internal/core/builder/ImageBuilderInternalException
instanceKlass java/lang/NegativeArraySizeException
instanceKlass org/eclipse/jdt/internal/core/ClasspathEntry$AssertionFailedException
instanceKlass com/google/common/cache/CacheLoader$InvalidCacheLoadException
instanceKlass com/google/common/util/concurrent/UncheckedExecutionException
instanceKlass java/time/DateTimeException
instanceKlass com/google/inject/OutOfScopeException
instanceKlass ch/qos/logback/core/LogbackException
instanceKlass org/objectweb/asm/tree/UnsupportedClassVersionException
instanceKlass java/lang/reflect/UndeclaredThrowableException
instanceKlass org/eclipse/core/internal/events/BuildManager$JobManagerSuspendedException
instanceKlass org/eclipse/core/internal/localstore/IsSynchronizedVisitor$ResourceChangedException
instanceKlass java/lang/IllegalCallerException
instanceKlass org/eclipse/core/internal/dtree/ObjectNotFoundException
instanceKlass org/eclipse/core/internal/utils/WrappedRuntimeException
instanceKlass org/eclipse/core/runtime/OperationCanceledException
instanceKlass org/eclipse/equinox/internal/provisional/frameworkadmin/FrameworkAdminRuntimeException
instanceKlass org/osgi/util/promise/FailedPromisesException
instanceKlass org/eclipse/core/runtime/InvalidRegistryObjectException
instanceKlass org/eclipse/core/runtime/AssertionFailedException
instanceKlass org/osgi/service/component/ComponentException
instanceKlass java/util/MissingResourceException
instanceKlass org/osgi/framework/hooks/weaving/WeavingException
instanceKlass java/util/concurrent/RejectedExecutionException
instanceKlass java/lang/reflect/InaccessibleObjectException
instanceKlass java/util/ConcurrentModificationException
instanceKlass org/osgi/framework/ServiceException
instanceKlass java/lang/TypeNotPresentException
instanceKlass java/lang/IndexOutOfBoundsException
instanceKlass org/eclipse/osgi/framework/util/ThreadInfoReport
instanceKlass org/eclipse/osgi/storage/Storage$StorageException
instanceKlass java/util/NoSuchElementException
instanceKlass java/lang/SecurityException
instanceKlass java/lang/invoke/WrongMethodTypeException
instanceKlass java/lang/UnsupportedOperationException
instanceKlass java/lang/IllegalStateException
instanceKlass java/lang/IllegalArgumentException
instanceKlass java/lang/ArithmeticException
instanceKlass java/lang/NullPointerException
instanceKlass java/lang/IllegalMonitorStateException
instanceKlass java/lang/ArrayStoreException
instanceKlass java/lang/ClassCastException
ciInstanceKlass java/lang/RuntimeException 1 1 40 10 7 12 1 1 1 10 12 1 10 12 1 10 12 1 10 12 1 100 1 1 1 1 5 0 1 1 1 1 1 1 1 1 1 1 1 1 1 1
instanceKlass org/eclipse/jdt/internal/core/JarPackageFragmentRootInfo$PackageContent
instanceKlass org/eclipse/jdt/internal/core/JrtPackageFragmentRoot$JrtModuleKey
instanceKlass org/eclipse/jdt/ls/core/internal/handlers/BaseInitHandler$JdtlsInfo
instanceKlass java/lang/reflect/Executable$ParameterData
instanceKlass java/nio/DirectByteBuffer$Deallocator
instanceKlass org/eclipse/jdt/internal/core/JavaModelManager$SecondaryTypesCache
instanceKlass org/eclipse/m2e/core/project/configurator/ProjectConfigurationRequest
instanceKlass org/eclipse/m2e/core/embedder/ArtifactRef
instanceKlass org/eclipse/m2e/core/embedder/ArtifactRepositoryRef
instanceKlass org/eclipse/m2e/core/project/configurator/MojoExecutionKey
instanceKlass org/eclipse/m2e/core/internal/project/registry/VersionlessKey
instanceKlass org/eclipse/m2e/core/embedder/ArtifactKey
instanceKlass org/eclipse/m2e/core/embedder/MavenConfigurationChangeEvent
instanceKlass org/eclipse/m2e/core/embedder/MavenSettingsLocations
instanceKlass java/lang/reflect/Proxy$ProxyBuilder$ProxyClassContext
instanceKlass org/eclipse/equinox/launcher/Main$Identifier
instanceKlass sun/security/pkcs/SignerInfo$AlgorithmInfo
instanceKlass jdk/internal/misc/ThreadTracker$ThreadRef
instanceKlass java/security/SecureClassLoader$CodeSourceKey
instanceKlass jdk/internal/module/ModuleReferenceImpl$CachedHash
instanceKlass java/util/stream/Collectors$CollectorImpl
instanceKlass jdk/internal/reflect/ReflectionFactory$Config
instanceKlass jdk/internal/foreign/abi/UpcallLinker$CallRegs
instanceKlass jdk/internal/foreign/abi/VMStorage
ciInstanceKlass java/lang/Record 1 1 22 10 7 12 1 1 1 100 1 1 1 1 1 1 1 1 1 1 1 1 1 1
ciInstanceKlass java/lang/invoke/MethodType 1 1 780 7 1 10 7 12 1 1 1 9 12 1 1 9 12 1 1 9 12 1 1 10 7 12 1 1 1 9 7 12 1 1 8 1 10 100 12 1 1 1 9 7 1 9 7 1 10 12 1 1 7 1 10 8 1 10 12 1 1 10 12 1 10 12 1 1 7 1 8 1 10 12 1 100 1 10 10 12 1 10 12 1 1 10 12 1 1 11 7 12 1 1 1 9 12 1 11 12 1 1 7 10 12 1 1 10 12 1 1 7 1 7 1 10 7 12 1 1 1 10 12 1 10 12 1 9 12 1 1 10 7 12 1 1 10 12 1 1 10 7 12 1 1 1 10 7 12 1 1 1 10 12 1 9 12 1 1 10 12 1 1 10 12 1 1 10 12 1 1 10 12 1 1 10 12 1 1 10 12 1 10 12 1 10 12 1 1 10 12 1 8 1 8 1 10 12 1 1 9 12 1 1 100 1 10 10 12 1 1 10 12 1 10 12 1 1 10 12 1 1 10 12 1 10 12 1 10 12 1 8 1 10 12 1 1 10 7 12 1 1 1 10 12 1 10 12 1 1 10 12 1 10 12 1 10 12 1 1 10 12 1 10 12 1 9 12 1 10 12 1 10 10 12 1 1 10 12 1 9 12 1 1 10 12 1 1 11 12 1 1 10 12 1 1 10 12 1 10 12 1 7 1 8 1 8 1 8 1 10 12 1 10 12 1 10 12 1 1 10 10 12 1 11 12 1 1 11 12 1 10 100 12 1 1 1 9 12 1 10 12 1 10 12 1 1 10 12 1 1 10 12 1 10 12 1 10 100 12 1 1 1 10 12 1 1 10 12 1 10 12 1 10 12 1 10 9 12 1 1 7 1 10 12 1 10 12 1 1 9 100 12 1 1 1 10 7 12 1 1 1 10 7 12 1 1 1 10 12 1 1 10 7 12 1 1 1 10 12 1 1 8 1 10 7 12 1 1 1 11 12 1 1 9 12 1 1 10 12 1 1 10 12 1 10 12 1 1 10 12 1 1 10 100 12 1 1 100 1 10 12 1 1 11 100 12 1 1 18 12 1 1 11 12 1 1 18 12 1 11 12 1 100 1 11 100 12 1 1 10 12 1 100 1 10 12 1 10 100 12 1 1 10 12 1 1 9 12 1 1 9 100 12 1 1 1 10 7 12 1 1 1 9 12 1 10 100 12 1 1 10 12 1 100 10 12 1 1 10 12 1 7 1 10 10 12 1 1 7 1 7 1 9 12 1 1 7 1 7 1 7 1 1 1 5 0 1 1 1 1 1 1 1 3 1 3 1 3 1 1 1 1 1 1 1 1 1 1 1 1 1 1 1 1 1 1 1 1 1 1 1 1 1 1 1 1 1 1 1 1 1 1 1 1 1 1 1 1 1 1 1 1 1 1 1 1 1 1 1 1 1 1 1 1 1 1 1 1 1 1 1 1 1 1 1 1 1 1 1 1 1 1 1 1 1 1 1 1 1 1 1 1 1 1 1 1 1 1 1 1 1 1 1 1 1 1 1 1 1 1 1 1 1 1 1 1 1 1 1 1 1 1 1 1 1 1 1 1 1 1 1 1 1 1 1 1 1 1 7 1 7 1 1 1 1 1 1 1 1 1 1 1 1 1 7 1 1 1 7 1 1 1 1 1 1 1 1 1 1 1 1 1 1 1 1 1 1 1 1 1 1 16 15 10 12 16 16 15 10 12 16 15 10 100 12 1 1 1 1 1 7 1 1 7 1 1 100 1 100 1 1
staticfield java/lang/invoke/MethodType internTable Ljdk/internal/util/ReferencedKeySet; jdk/internal/util/ReferencedKeySet
staticfield java/lang/invoke/MethodType NO_PTYPES [Ljava/lang/Class; 0 [Ljava/lang/Class;
staticfield java/lang/invoke/MethodType objectOnlyTypes [Ljava/lang/invoke/MethodType; 20 [Ljava/lang/invoke/MethodType;
staticfield java/lang/invoke/MethodType METHOD_HANDLE_ARRAY [Ljava/lang/Class; 1 [Ljava/lang/Class;
staticfield java/lang/invoke/MethodType serialPersistentFields [Ljava/io/ObjectStreamField; 0 [Ljava/io/ObjectStreamField;
staticfield java/lang/invoke/MethodType $assertionsDisabled Z 1
ciInstanceKlass java/lang/invoke/TypeDescriptor$OfMethod 1 0 43 100 1 100 1 100 1 1 1 1 1 1 1 1 1 1 1 1 1 1 1 1 1 1 1 1 1 1 1 1 1 1 1 1 1 1 1 1 1 1 100 1 1
instanceKlass java/lang/InstantiationException
instanceKlass java/lang/IllegalAccessException
instanceKlass java/lang/reflect/InvocationTargetException
instanceKlass java/lang/NoSuchFieldException
instanceKlass java/lang/NoSuchMethodException
instanceKlass java/lang/ClassNotFoundException
ciInstanceKlass java/lang/ReflectiveOperationException 1 1 34 10 7 12 1 1 1 10 12 1 10 12 1 10 12 1 100 1 1 1 1 5 0 1 1 1 1 1 1 1 1 1 1 1
instanceKlass java/lang/invoke/DelegatingMethodHandle
instanceKlass java/lang/invoke/BoundMethodHandle
instanceKlass java/lang/invoke/DirectMethodHandle
ciInstanceKlass java/lang/invoke/MethodHandle 1 1 733 100 1 9 7 12 1 1 1 10 7 12 1 1 1 10 7 12 1 1 1 7 1 7 1 10 12 1 1 9 12 1 1 10 12 1 10 12 1 1 10 12 1 1 10 7 12 1 1 1 10 12 1 1 10 12 1 1 11 7 12 1 1 1 10 12 1 1 10 12 1 10 12 1 10 12 1 1 9 12 1 1 9 12 1 1 10 7 12 1 1 1 10 12 1 1 10 12 1 10 12 1 100 1 7 1 10 8 1 10 12 1 1 10 12 1 8 1 10 12 1 1 10 12 1 10 7 12 1 1 1 10 12 1 1 10 12 1 1 10 12 1 1 10 7 12 1 1 1 10 12 1 1 10 12 1 1 10 12 1 10 12 1 1 10 7 12 1 1 10 7 12 1 1 10 12 1 10 12 1 10 12 1 1 10 12 1 1 10 12 1 1 10 12 1 1 10 7 12 1 1 1 10 7 12 1 1 1 10 12 1 1 10 12 1 1 10 12 1 1 8 1 10 7 12 1 1 1 8 1 10 12 1 10 12 1 1 10 12 1 1 10 12 1 8 1 10 12 1 1 8 1 10 12 1 8 1 10 7 12 1 1 1 9 12 1 1 100 1 10 9 7 12 1 1 1 9 7 1 8 1 10 12 1 1 10 12 1 10 12 1 1 10 12 1 10 12 1 1 10 12 1 10 12 1 1 10 12 1 10 12 1 1 10 12 1 1 8 1 10 12 1 1 8 1 10 12 1 10 12 1 1 10 12 1 10 12 1 10 12 1 1 9 100 12 1 1 1 10 12 1 1 11 12 1 10 12 1 10 12 1 1 10 100 12 1 1 100 1 11 12 1 10 100 1 11 12 1 7 1 10 12 1 11 12 1 9 100 12 1 1 1 11 12 1 1 11 100 12 1 1 1 10 12 1 1 9 12 1 11 12 1 9 12 1 9 12 1 9 12 1 11 12 1 1 9 12 1 9 12 1 9 12 1 9 12 1 9 12 1 9 12 1 9 12 1 8 1 10 12 1 10 12 1 8 1 10 12 1 10 12 1 10 12 1 1 10 10 10 7 12 1 1 10 12 1 1 100 1 7 1 8 1 8 1 10 10 12 1 1 10 12 1 10 12 1 7 1 10 100 12 1 1 1 10 9 7 12 1 1 1 10 12 1 1 10 12 1 1 8 1 8 1 10 7 12 1 1 9 12 1 9 12 1 1 9 12 1 1 10 12 1 7 1 10 12 1 10 12 1 1 9 12 1 1 9 12 1 1 10 7 12 1 1 1 11 7 12 1 1 9 12 1 10 12 1 1 9 12 1 10 12 1 8 10 12 1 1 8 1 1 1 1 1 1 1 1 7 1 1 1 1 1 1 1 1 1 1 1 1 1 1 1 1 1 1 1 1 1 1 1 1 1 1 1 1 1 1 100 1 1 1 1 1 1 1 1 1 1 1 1 1 1 1 1 1 1 1 1 1 1 1 1 1 1 1 1 1 1 1 1 1 1 1 1 1 1 1 1 1 1 1 1 1 1 1 1 1 1 1 1 1 1 1 1 1 1 1 1 1 1 1 1 1 1 1 1 1 1 1 1 1 1 1 1 1 1 1 1 1 1 1 1 1 1 100 1 1 100 1 7 1 100 1 1 100 1 1 100 1 1 1 1
staticfield java/lang/invoke/MethodHandle FORM_OFFSET J 20
staticfield java/lang/invoke/MethodHandle UPDATE_OFFSET J 13
staticfield java/lang/invoke/MethodHandle $assertionsDisabled Z 1
instanceKlass java/io/ObjectStreamClass$DeserializationConstructorsCache
ciInstanceKlass java/util/concurrent/ConcurrentHashMap 1 1 1210 7 1 7 1 3 10 12 1 1 3 7 1 10 7 12 1 1 1 7 1 10 7 12 1 1 1 100 1 11 12 1 1 11 12 1 11 12 1 1 9 12 1 1 9 12 1 1 9 12 1 10 7 12 1 1 1 7 1 10 12 1 1 10 12 1 1 10 7 12 1 1 1 4 10 12 1 9 12 1 10 12 1 1 100 1 10 5 0 10 12 1 10 12 1 1 5 0 10 12 1 1 10 12 1 9 12 1 1 10 12 1 1 9 12 1 9 12 1 1 10 12 1 1 9 12 1 10 12 1 1 9 12 1 1 10 12 1 1 100 1 10 100 1 10 12 1 10 12 1 1 10 12 1 1 10 12 1 1 10 12 1 10 12 1 1 10 12 1 1 100 1 10 12 1 1 7 1 100 1 8 1 10 12 1 10 12 1 1 10 12 1 1 11 7 12 1 1 10 12 1 1 11 12 1 1 11 7 12 1 1 1 11 7 12 1 1 1 11 12 1 7 1 11 12 1 11 12 1 10 12 1 1 10 12 1 1 9 12 1 1 10 100 12 1 1 1 9 10 12 1 1 9 12 1 10 12 1 1 5 0 9 12 1 1 7 1 10 12 1 9 12 1 1 7 1 10 12 1 9 12 1 7 1 10 7 1 10 10 12 1 1 8 1 10 12 1 10 12 1 1 11 100 1 10 12 1 10 100 12 1 1 1 8 1 10 100 12 1 1 1 8 1 10 12 1 8 1 10 12 1 10 12 1 1 10 100 12 1 1 10 12 1 10 12 1 10 12 1 9 12 1 9 10 12 1 9 12 1 1 11 100 12 1 1 1 11 7 12 1 1 1 100 1 10 12 11 100 12 1 1 10 11 7 12 1 10 12 1 100 1 10 12 1 100 1 10 10 9 7 12 1 1 1 10 12 3 10 7 12 1 1 9 12 1 10 12 1 1 9 12 1 1 9 12 1 10 12 1 1 10 100 12 1 1 9 12 1 9 7 12 1 1 10 12 1 1 10 12 1 3 9 12 1 9 12 1 10 12 1 1 7 1 9 3 9 12 1 7 1 10 12 1 9 12 1 10 12 1 9 12 1 10 12 1 9 12 1 10 100 12 1 1 1 100 10 12 1 7 1 5 0 10 100 12 1 1 100 1 10 12 1 1 10 12 1 10 12 1 100 1 10 12 1 10 100 1 100 1 10 10 12 1 10 100 1 10 12 1 10 100 1 10 12 1 10 7 1 10 12 1 1 100 1 10 12 1 10 10 12 1 100 1 10 12 1 10 10 12 1 100 1 10 12 1 10 100 1 10 12 1 10 100 1 10 12 1 10 100 1 10 12 1 10 100 1 10 12 1 10 100 1 10 12 1 10 100 1 10 12 1 10 100 1 10 12 1 10 100 1 10 10 100 1 10 10 100 1 10 10 100 1 10 12 1 10 100 1 10 12 1 10 100 1 10 12 1 10 100 1 10 12 1 10 100 1 10 12 1 10 100 1 10 10 100 1 10 10 100 1 10 10 100 1 10 12 1 10 100 1 10 12 1 10 100 1 10 12 1 10 100 1 10 12 1 10 100 1 10 12 1 10 10 12 1 10 7 12 1 1 1 10 12 1 7 1 7 1 10 12 1 9 12 1 1 9 12 1 1 10 12 1 1 8 10 12 1 1 8 8 8 8 7 10 12 1 1 10 12 1 100 1 8 1 10 7 1 7 1 7 1 1 1 5 0 1 1 3 1 3 1 1 1 1 3 1 3 1 3 1 1 1 1 1 3 1 3 1 3 1 1 1 1 1 1 1 1 1 1 1 1 1 1 1 1 1 1 1 1 1 1 1 1 1 100 1 1 1 1 1 1 1 1 1 1 1 1 1 1 1 1 1 1 1 1 1 1 1 1 1 1 1 1 1 1 1 1 1 1 1 1 1 1 1 1 1 1 1 1 1 1 1 1 1 1 1 1 1 1 1 1 1 1 1 1 1 1 1 1 1 1 1 1 1 1 1 1 1 1 1 1 1 1 1 1 1 1 1 1 100 1 1 1 1 1 1 1 1 1 1 1 7 1 1 1 1 1 1 1 1 1 1 1 1 1 1 1 1 1 1 1 1 1 1 1 1 1 1 1 1 1 1 1 1 1 1 1 1 1 1 1 1 1 1 1 1 1 1 1 1 1 1 1 1 1 1 1 1 1 1 1 1 1 1 1 1 1 1 1 1 1 1 1 1 1 1 1 1 1 1 1 1 1 1 1 1 1 1 1 1 1 1 1 1 1 1 1 1 1 1 1 1 1 1 1 1 1 1 1 1 1 1 1 1 1 1 1 1 1 1 1 1 1 1 1 1 1 1 1 1 1 1 1 1 1 1 1 1 1 1 1 1 1 1 1 1 1 1 1 1 1 1 1 1 1 1 1 1 1 1 1 1 1 1 1 1 1 1 1 1 1 1 1 1 1 1 1 1 1 1 1 1 1 1 1 1 1 1 1 1 1 1 1 1 1 1 1 1 1 1 1 1 1 1 1 1 1 1 1 1 1 1 1 1 1 1 1 1 1 1 1 1 1 1 1 100 1 100 1 100 1 100 1 100 1 100 1 100 1 100 1 100 1 1 1 1 1 1 1 1 1 1 1 1 1 1 1 1 1 1 1 1 1 1 1 1 1 1 1 1 1 1 1 1 1 1 1 1 1 1 1 1 1 1 1 1 1 1 1 1 1 1 1 1 1 1 1 1 1 1
staticfield java/util/concurrent/ConcurrentHashMap NCPU I 16
staticfield java/util/concurrent/ConcurrentHashMap serialPersistentFields [Ljava/io/ObjectStreamField; 3 [Ljava/io/ObjectStreamField;
staticfield java/util/concurrent/ConcurrentHashMap U Ljdk/internal/misc/Unsafe; jdk/internal/misc/Unsafe
staticfield java/util/concurrent/ConcurrentHashMap SIZECTL J 20
staticfield java/util/concurrent/ConcurrentHashMap TRANSFERINDEX J 32
staticfield java/util/concurrent/ConcurrentHashMap BASECOUNT J 24
staticfield java/util/concurrent/ConcurrentHashMap CELLSBUSY J 36
staticfield java/util/concurrent/ConcurrentHashMap CELLVALUE J 144
staticfield java/util/concurrent/ConcurrentHashMap ABASE I 16
staticfield java/util/concurrent/ConcurrentHashMap ASHIFT I 2
instanceKlass org/eclipse/sisu/wire/EntryMapAdapter
instanceKlass com/google/common/collect/Maps$ViewCachingAbstractMap
instanceKlass com/google/common/collect/MapMakerInternalMap
instanceKlass org/eclipse/sisu/wire/MergedProperties
instanceKlass com/google/gson/internal/LinkedTreeMap
instanceKlass com/google/common/cache/LocalCache
instanceKlass org/apache/felix/resolver/util/ArrayMap
instanceKlass java/util/concurrent/ConcurrentSkipListMap
instanceKlass org/eclipse/osgi/internal/framework/FilterImpl$DictionaryMap
instanceKlass org/eclipse/osgi/internal/framework/FilterImpl$ServiceReferenceMap
instanceKlass org/eclipse/osgi/internal/serviceregistry/ShrinkableValueCollectionMap
instanceKlass java/util/Collections$SingletonMap
instanceKlass java/util/TreeMap
instanceKlass java/util/IdentityHashMap
instanceKlass java/util/EnumMap
instanceKlass java/util/WeakHashMap
instanceKlass java/util/Collections$EmptyMap
instanceKlass sun/util/PreHashedMap
instanceKlass java/util/HashMap
instanceKlass java/util/ImmutableCollections$AbstractImmutableMap
instanceKlass java/util/concurrent/ConcurrentHashMap
ciInstanceKlass java/util/AbstractMap 1 1 196 10 7 12 1 1 1 10 7 12 1 1 1 11 7 12 1 1 1 10 11 12 1 1 11 7 12 1 1 1 11 12 1 1 7 1 11 12 1 10 12 1 1 11 12 1 100 1 10 11 12 1 11 7 1 10 12 1 1 11 12 1 9 12 1 1 7 1 10 12 1 9 12 1 1 7 1 10 11 11 12 1 1 11 12 1 7 1 100 1 11 12 1 8 1 7 1 10 10 12 1 1 8 1 10 12 1 10 12 1 1 10 12 1 1 1 1 1 1 1 1 1 1 1 1 1 1 1 1 1 1 1 1 1 1 1 1 1 1 1 1 1 1 1 1 1 1 1 1 1 1 1 1 7 1 1 1 1 1 1 1 7 1 1 1 1 1 1 1 1 1 7 1 1 1 1 1 1 1 1 1 100 1 100 1 100 1 100 1 100 1 1 1 1 1 1
ciInstanceKlass java/util/concurrent/ConcurrentMap 1 1 208 11 7 12 1 1 1 10 100 12 1 1 11 12 1 1 11 100 12 1 1 1 11 7 12 1 1 1 11 12 1 1 100 1 11 12 1 11 12 1 100 1 11 100 12 1 1 1 18 12 1 11 12 1 1 11 100 12 1 1 11 12 1 1 11 100 12 1 11 12 1 1 11 12 1 1 7 1 7 1 1 1 1 1 1 1 1 1 1 1 1 1 1 1 1 1 1 1 1 1 1 1 1 1 1 1 1 1 1 1 1 1 1 1 1 1 1 1 1 1 1 1 1 1 1 1 1 1 1 1 1 1 1 1 1 1 1 1 1 16 15 11 12 15 10 100 12 1 1 1 1 1 100 1 100 1 1 1 100 1 8 1 1 12 10 1 1 1 8 1 1 1 8 1 1 8 1 1 1 8 1 1 1 8 1 1 1 8 1 1 1 8 1 1 1 8 1 1 1 8 1 1 1 8 1 1 8 1
ciInstanceKlass jdk/internal/loader/ClassLoaders 1 1 183 10 7 12 1 1 1 10 7 12 1 1 1 10 12 1 1 10 100 12 1 1 1 9 7 12 1 1 1 9 12 1 1 9 12 1 1 7 1 11 100 12 1 1 1 100 1 11 12 1 1 11 12 1 1 10 100 12 1 1 1 10 100 12 1 1 1 100 1 100 1 10 7 12 1 1 1 9 12 1 1 10 12 1 1 7 1 10 12 1 1 10 12 1 7 1 8 1 10 7 12 1 1 1 10 12 1 1 7 1 10 12 1 10 12 1 10 12 1 8 1 10 7 12 1 1 8 1 8 1 10 12 1 7 1 10 12 1 10 12 1 10 12 1 1 1 1 1 1 1 1 1 1 1 1 1 1 1 1 1 1 1 1 7 1 1 1 1 1 1 1 1 1 1 1 1 1 1 1 1 1 1 1
staticfield jdk/internal/loader/ClassLoaders JLA Ljdk/internal/access/JavaLangAccess; java/lang/System$2
staticfield jdk/internal/loader/ClassLoaders BOOT_LOADER Ljdk/internal/loader/ClassLoaders$BootClassLoader; jdk/internal/loader/ClassLoaders$BootClassLoader
staticfield jdk/internal/loader/ClassLoaders PLATFORM_LOADER Ljdk/internal/loader/ClassLoaders$PlatformClassLoader; jdk/internal/loader/ClassLoaders$PlatformClassLoader
staticfield jdk/internal/loader/ClassLoaders APP_LOADER Ljdk/internal/loader/ClassLoaders$AppClassLoader; jdk/internal/loader/ClassLoaders$AppClassLoader
instanceKlass jdk/internal/loader/ClassLoaders$BootClassLoader
instanceKlass jdk/internal/loader/ClassLoaders$PlatformClassLoader
instanceKlass jdk/internal/loader/ClassLoaders$AppClassLoader
ciInstanceKlass jdk/internal/loader/BuiltinClassLoader 1 1 737 9 7 12 1 1 1 10 7 12 1 1 1 10 7 12 1 1 1 9 12 1 1 9 12 1 1 7 1 10 12 1 9 12 1 10 12 1 9 12 1 10 7 12 1 1 1 10 7 12 1 1 1 10 7 12 1 1 1 11 7 12 1 1 1 7 1 7 1 10 10 12 1 1 8 1 10 12 1 10 12 7 1 10 12 1 10 12 1 1 11 7 12 1 1 1 11 7 12 1 1 1 11 12 1 1 7 1 8 1 8 1 10 9 12 1 1 10 7 12 1 1 11 12 1 1 10 12 1 1 10 12 1 1 10 12 1 1 10 7 12 1 1 1 10 12 1 10 7 12 1 1 1 10 12 1 1 11 7 12 1 1 1 10 7 12 1 1 7 1 10 7 12 1 1 1 10 12 1 100 1 8 1 10 12 1 1 10 8 1 10 12 1 1 10 12 1 1 10 12 1 1 11 7 12 1 1 11 12 1 7 1 10 11 12 1 1 11 10 12 1 1 7 1 10 12 1 10 7 12 1 10 12 1 7 1 10 12 1 10 7 12 1 1 1 100 1 10 12 1 1 11 12 1 7 1 100 1 10 12 1 10 12 1 1 100 1 100 1 10 12 1 10 12 1 18 12 1 1 10 12 1 10 12 1 1 18 100 1 10 7 12 1 1 1 7 1 10 10 12 1 1 10 12 1 1 10 12 1 1 10 12 1 9 12 1 1 100 1 10 10 12 1 1 10 12 1 1 10 12 1 10 12 10 12 1 1 10 12 1 1 10 12 1 1 10 12 1 10 12 1 1 18 12 1 7 1 10 12 1 1 10 12 1 10 12 1 1 10 12 1 100 1 10 12 1 7 1 10 12 1 10 7 12 1 1 1 10 12 1 11 12 1 7 1 10 12 1 7 1 100 1 10 12 1 10 12 1 11 12 1 1 10 12 1 1 10 12 1 1 10 12 1 1 10 12 1 1 10 12 1 10 12 1 10 12 1 10 12 1 8 1 10 12 1 1 10 7 12 1 1 10 12 1 100 1 8 1 8 1 10 10 12 1 8 1 8 1 10 7 12 1 1 1 11 7 12 1 1 1 9 7 12 1 1 1 10 7 12 1 1 1 9 12 1 9 12 1 9 12 1 9 12 1 9 12 1 9 12 1 10 7 12 1 1 1 8 1 10 12 1 7 1 10 12 1 1 10 12 1 7 1 10 11 12 1 1 10 12 10 12 1 10 12 1 100 1 10 12 1 10 12 1 10 10 12 1 10 7 12 1 1 8 1 10 7 12 1 1 10 12 1 1 1 1 1 1 1 1 1 1 1 1 1 1 1 1 1 1 1 1 1 1 1 1 1 1 1 1 1 1 1 1 1 1 1 1 1 1 1 1 1 1 1 1 1 1 1 1 1 1 1 1 1 1 1 1 7 1 1 1 1 1 1 1 1 1 1 1 1 1 1 1 1 1 1 7 1 7 1 1 1 1 1 1 1 1 1 1 1 1 1 1 1 1 1 1 1 1 1 1 1 1 1 1 1 1 1 1 1 1 1 1 1 1 1 1 1 1 1 1 1 1 1 1 1 1 1 1 1 100 1 1 16 15 10 12 16 15 10 12 16 15 10 12 16 1 15 10 100 12 1 1 1 1 1 100 1 1 1 1 1 100 1 100 1 1
staticfield jdk/internal/loader/BuiltinClassLoader packageToModule Ljava/util/Map; java/util/concurrent/ConcurrentHashMap
staticfield jdk/internal/loader/BuiltinClassLoader $assertionsDisabled Z 1
ciInstanceKlass jdk/internal/loader/ClassLoaders$AppClassLoader 1 1 119 8 1 10 7 12 1 1 1 10 7 12 1 1 1 10 7 12 1 1 1 10 12 1 1 10 7 12 1 1 1 10 12 1 1 10 12 1 1 7 1 8 1 10 12 10 7 12 1 1 1 10 7 12 1 1 10 12 1 1 10 12 1 1 10 7 12 1 1 1 7 1 10 12 1 1 1 1 1 1 1 1 1 1 1 1 1 1 1 1 1 1 1 1 1 7 1 1 1 1 1 1 1 1 1 1 1 1 1 1 1 1 1 1 1 7 1 1 1
ciInstanceKlass jdk/internal/loader/ClassLoaders$PlatformClassLoader 1 1 42 8 1 10 7 12 1 1 1 10 7 12 1 1 1 7 1 10 12 1 7 1 1 1 1 1 1 1 1 1 1 1 1 1 1 7 1 1 1 100 1 1
ciInstanceKlass java/lang/ArithmeticException 1 1 26 10 100 12 1 1 1 10 12 1 100 1 1 1 1 5 0 1 1 1 1 1 1 1 1 1
ciInstanceKlass java/lang/ArrayStoreException 1 1 26 10 100 12 1 1 1 10 12 1 100 1 1 1 1 5 0 1 1 1 1 1 1 1 1 1
ciInstanceKlass java/lang/ClassCastException 1 1 26 10 7 12 1 1 1 10 12 1 100 1 1 1 1 5 0 1 1 1 1 1 1 1 1 1
ciInstanceKlass java/lang/ClassNotFoundException 1 1 96 7 1 10 7 12 1 1 1 10 12 1 10 12 1 1 10 100 12 1 1 1 8 1 10 100 12 1 1 1 10 7 12 1 1 10 100 12 1 1 1 10 100 12 1 1 1 10 12 1 1 7 1 10 12 1 9 12 1 1 1 1 1 5 0 1 1 1 1 1 1 1 1 1 1 1 1 1 1 1 1 1 1 100 1 1 1 1 1 1 1 1 1 1 1 1
staticfield java/lang/ClassNotFoundException serialPersistentFields [Ljava/io/ObjectStreamField; 1 [Ljava/io/ObjectStreamField;
instanceKlass java/nio/file/ProviderMismatchException
instanceKlass java/nio/file/InvalidPathException
instanceKlass java/util/regex/PatternSyntaxException
instanceKlass org/apache/maven/cli/MavenCli$IllegalUseOfUndefinedProperty
instanceKlass java/nio/charset/UnsupportedCharsetException
instanceKlass java/nio/charset/IllegalCharsetNameException
instanceKlass java/lang/NumberFormatException
ciInstanceKlass java/lang/IllegalArgumentException 1 1 35 10 7 12 1 1 1 10 12 1 10 12 1 10 12 1 100 1 1 1 1 5 0 1 1 1 1 1 1 1 1 1 1 1 1
ciMethod java/lang/IllegalArgumentException <init> (Ljava/lang/String;)V 0 0 38 0 -1
ciInstanceKlass java/lang/IllegalMonitorStateException 1 1 26 10 100 12 1 1 1 10 12 1 100 1 1 1 1 5 0 1 1 1 1 1 1 1 1 1
ciInstanceKlass java/lang/BootstrapMethodError 0 0 45 10 100 12 1 1 1 10 12 1 10 12 1 10 100 12 1 1 1 10 100 12 1 1 1 1 1 1 5 0 1 1 1 1 1 1 1 1 1 1 1 100 1 1 1
instanceKlass java/lang/ExceptionInInitializerError
instanceKlass java/lang/ClassFormatError
instanceKlass java/lang/UnsatisfiedLinkError
instanceKlass java/lang/IncompatibleClassChangeError
instanceKlass java/lang/BootstrapMethodError
instanceKlass java/lang/NoClassDefFoundError
ciInstanceKlass java/lang/LinkageError 1 1 31 10 7 12 1 1 1 10 12 1 10 12 1 100 1 1 1 1 5 0 1 1 1 1 1 1 1 1 1 1 1
ciInstanceKlass java/lang/NoSuchFieldException 1 1 26 10 7 12 1 1 1 10 12 1 100 1 1 1 1 5 0 1 1 1 1 1 1 1 1 1
ciInstanceKlass java/lang/NullPointerException 1 1 52 10 7 12 1 1 1 10 12 1 9 7 12 1 1 1 10 12 1 1 9 12 1 1 10 12 1 1 10 12 1 1 1 1 5 0 1 1 1 1 1 1 1 1 100 1 100 1 100 1 1 1
ciMethod java/lang/NullPointerException <init> ()V 0 0 4 0 -1
ciInstanceKlass java/lang/NoClassDefFoundError 1 1 26 10 7 12 1 1 1 10 12 1 100 1 1 1 1 5 0 1 1 1 1 1 1 1 1 1
ciInstanceKlass java/lang/StackOverflowError 1 1 26 10 100 12 1 1 1 10 12 1 100 1 1 1 1 5 0 1 1 1 1 1 1 1 1 1
ciInstanceKlass java/lang/StackTraceElement 1 1 235 10 7 12 1 1 1 10 7 12 1 1 9 12 1 1 9 12 1 1 9 12 1 9 12 1 8 1 10 100 12 1 1 1 7 1 9 12 1 8 1 9 12 1 9 12 1 9 12 1 1 10 12 1 1 10 12 1 8 1 10 7 12 1 1 1 7 1 10 12 1 10 12 1 1 10 12 1 10 12 1 1 10 12 1 10 12 1 10 10 12 1 8 1 10 12 1 10 12 1 1 10 12 1 1 10 12 1 10 12 1 10 12 1 9 12 1 1 10 7 12 1 1 1 10 12 1 1 7 1 10 12 1 1 10 7 12 1 1 10 7 12 1 1 1 10 7 12 1 1 10 7 12 1 1 10 10 12 1 1 10 12 1 1 10 12 1 1 10 12 1 7 1 1 1 1 1 1 1 3 1 3 1 1 5 0 1 1 1 1 1 1 1 1 1 1 1 1 1 1 1 1 1 1 1 1 1 1 1 1 1 1 1 1 1 7 1 7 1 1 1 1 1 1 1 100 1 1 1 1 1 1 1 1 1
instanceKlass java/util/concurrent/locks/AbstractQueuedSynchronizer
ciInstanceKlass java/util/concurrent/locks/AbstractOwnableSynchronizer 1 1 32 10 7 12 1 1 1 9 7 12 1 1 1 100 1 1 1 1 5 0 1 1 1 1 1 1 1 1 1 1 1 1
ciInstanceKlass jdk/internal/vm/Continuation 0 0 549 9 100 12 1 1 1 9 12 1 9 12 1 100 1 7 1 10 12 1 1 8 1 10 12 1 1 10 12 1 10 12 1 1 10 12 1 9 7 12 1 1 1 11 100 12 1 1 1 10 7 1 9 12 1 1 9 12 1 1 10 8 1 10 12 1 9 12 1 1 10 11 12 1 1 100 1 10 100 12 1 1 1 10 12 1 1 10 12 1 10 12 1 1 11 12 1 1 9 12 1 1 10 12 1 1 18 12 1 1 10 7 12 1 1 1 100 1 10 12 1 11 100 12 1 1 1 10 12 1 9 12 1 10 12 1 1 100 1 8 1 10 12 1 10 12 1 1 9 12 1 1 11 12 1 1 9 12 1 1 8 1 10 11 12 1 1 11 12 1 1 10 12 1 1 10 12 1 1 9 12 1 10 12 1 10 10 12 1 8 1 10 12 1 8 1 8 1 10 7 12 1 1 1 10 7 12 1 1 1 10 12 1 9 12 1 11 12 1 7 1 10 12 1 10 12 1 1 9 12 1 1 7 1 10 12 1 1 9 12 1 1 10 12 1 10 12 1 11 7 12 1 1 10 7 1 10 12 1 8 1 9 12 1 10 12 1 1 9 12 1 1 10 7 12 1 1 8 1 8 1 8 1 8 1 10 12 1 1 10 12 1 10 12 1 10 12 1 10 12 1 1 10 12 1 1 8 1 10 12 1 1 9 12 1 1 10 12 1 1 9 12 1 8 1 10 7 12 1 1 1 10 12 1 8 1 100 1 8 1 10 9 12 1 1 8 1 10 7 12 1 1 10 100 12 1 1 8 1 8 1 10 12 10 100 12 1 1 1 10 7 1 10 7 12 1 1 1 18 11 100 12 1 1 1 18 12 1 11 12 1 1 7 1 10 7 12 1 1 10 12 1 1 8 10 12 1 1 10 100 12 1 1 1 10 100 12 1 1 10 12 1 8 1 10 12 1 7 1 7 1 10 12 1 1 1 1 1 1 1 1 1 1 1 1 1 1 1 1 1 1 1 1 1 1 1 1 1 1 1 1 1 1 1 1 1 1 1 1 1 1 1 1 1 1 1 1 1 1 1 1 1 1 1 1 1 1 1 1 1 1 1 1 1 1 1 1 1 1 1 1 1 1 1 1 1 1 1 100 1 1 16 1 15 10 12 16 15 11 7 12 1 1 1 16 1 16 1 15 10 12 16 15 10 100 12 1 1 1 1 1 1 1 1 100 1 100 1 1
ciInstanceKlass jdk/internal/misc/UnsafeConstants 1 1 34 10 100 12 1 1 1 9 7 12 1 1 1 9 12 1 9 12 1 1 9 12 1 9 12 1 1 1 1 1 1 1 1 1
staticfield jdk/internal/misc/UnsafeConstants ADDRESS_SIZE0 I 8
staticfield jdk/internal/misc/UnsafeConstants PAGE_SIZE I 4096
staticfield jdk/internal/misc/UnsafeConstants BIG_ENDIAN Z 0
staticfield jdk/internal/misc/UnsafeConstants UNALIGNED_ACCESS Z 1
staticfield jdk/internal/misc/UnsafeConstants DATA_CACHE_LINE_FLUSH_SIZE I 0
ciInstanceKlass java/lang/invoke/MethodHandleStatics 1 1 320 10 7 12 1 1 1 9 7 12 1 1 1 9 12 1 1 10 7 12 1 1 1 9 12 1 9 12 1 9 12 1 9 12 1 9 7 12 1 1 1 7 1 10 8 1 10 12 1 1 10 7 12 1 1 1 8 1 10 7 12 1 1 1 10 12 1 1 8 1 8 1 10 12 1 10 100 12 1 1 1 10 7 12 1 1 8 1 10 12 1 1 8 1 8 1 8 1 8 1 10 12 1 1 7 1 10 12 10 12 1 10 12 1 100 1 10 10 12 1 1 100 1 10 10 12 1 7 1 7 1 8 1 8 1 10 12 1 8 1 10 7 12 1 1 1 9 12 1 1 10 7 12 1 1 1 10 12 1 1 9 12 1 1 10 7 12 1 1 1 8 1 10 7 12 1 1 10 7 12 1 1 1 8 1 8 1 8 1 8 1 8 1 10 12 1 10 7 12 1 1 1 9 12 1 8 1 8 1 8 1 8 1 9 12 1 8 1 9 12 1 8 1 8 1 9 12 1 8 1 8 1 9 12 1 8 1 9 12 1 8 1 9 12 1 8 1 8 1 9 12 1 8 1 8 1 10 12 1 1 8 1 10 12 1 1 1 1 1 1 1 1 1 1 1 1 1 1 1 1 1 1 1 1 1 1 1 7 1 7 1 7 1 1 1 1 1 1 1 1 1 1 1 1 1 1 1 1 1 1 1 1 1 1 1 1 1 1 1 1
staticfield java/lang/invoke/MethodHandleStatics UNSAFE Ljdk/internal/misc/Unsafe; jdk/internal/misc/Unsafe
staticfield java/lang/invoke/MethodHandleStatics CLASSFILE_VERSION I 65
staticfield java/lang/invoke/MethodHandleStatics DEBUG_METHOD_HANDLE_NAMES Z 0
staticfield java/lang/invoke/MethodHandleStatics TRACE_INTERPRETER Z 0
staticfield java/lang/invoke/MethodHandleStatics TRACE_METHOD_LINKAGE Z 0
staticfield java/lang/invoke/MethodHandleStatics TRACE_RESOLVE Z 0
staticfield java/lang/invoke/MethodHandleStatics COMPILE_THRESHOLD I 0
staticfield java/lang/invoke/MethodHandleStatics LOG_LF_COMPILATION_FAILURE Z 0
staticfield java/lang/invoke/MethodHandleStatics DONT_INLINE_THRESHOLD I 30
staticfield java/lang/invoke/MethodHandleStatics PROFILE_LEVEL I 0
staticfield java/lang/invoke/MethodHandleStatics PROFILE_GWT Z 1
staticfield java/lang/invoke/MethodHandleStatics CUSTOMIZE_THRESHOLD I 127
staticfield java/lang/invoke/MethodHandleStatics VAR_HANDLE_GUARDS Z 1
staticfield java/lang/invoke/MethodHandleStatics MAX_ARITY I 255
staticfield java/lang/invoke/MethodHandleStatics VAR_HANDLE_IDENTITY_ADAPT Z 0
staticfield java/lang/invoke/MethodHandleStatics DUMP_CLASS_FILES Ljdk/internal/util/ClassFileDumper; jdk/internal/util/ClassFileDumper
instanceKlass org/apache/maven/artifact/versioning/ManagedVersionMap
instanceKlass com/sun/jna/win32/W32APIOptions$2
instanceKlass com/sun/jna/win32/W32APIOptions$1
instanceKlass org/eclipse/jdt/ls/core/internal/preferences/Preferences$ReferencedLibraries$3
instanceKlass java/lang/ProcessEnvironment
instanceKlass java/util/LinkedHashMap
ciInstanceKlass java/util/HashMap 1 1 629 10 7 12 1 1 1 7 1 10 12 1 1 7 1 10 7 12 1 1 1 100 1 11 12 1 1 11 12 1 11 12 1 1 10 7 12 1 1 1 7 1 3 10 7 12 1 1 1 100 1 7 1 10 8 1 10 12 1 1 10 12 1 10 12 1 1 10 12 1 10 7 12 1 1 1 8 1 10 12 1 9 12 1 1 10 12 1 9 12 1 1 4 10 12 1 10 12 1 1 11 7 12 1 1 9 12 1 1 10 7 12 1 1 1 6 0 10 12 1 1 11 12 1 1 11 7 12 1 1 1 11 7 12 1 1 1 11 12 1 1 7 1 11 12 1 11 12 1 10 12 1 10 12 1 1 9 12 10 12 1 1 9 7 12 1 1 1 9 12 9 12 1 10 12 1 1 9 12 1 7 1 10 12 1 1 10 12 1 1 10 12 1 1 10 12 1 1 10 12 1 1 9 12 1 10 12 1 1 3 4 10 12 1 1 10 12 1 1 9 12 1 1 9 10 12 1 1 10 12 1 1 10 12 1 1 10 12 1 9 12 1 1 7 1 10 12 1 10 12 1 10 7 12 1 1 1 7 1 9 12 1 1 7 1 10 9 12 7 1 10 100 1 10 11 7 12 1 1 1 100 1 10 11 7 12 1 1 11 7 12 1 1 1 10 12 1 100 1 7 1 10 12 1 10 12 1 10 12 1 10 100 12 1 1 10 12 1 1 10 12 1 1 10 7 12 1 1 1 8 10 7 12 1 1 1 100 1 10 4 4 10 12 1 1 10 7 12 1 1 1 10 12 1 8 1 6 0 10 7 12 1 1 1 7 1 11 7 12 1 1 1 10 12 1 10 12 1 10 10 12 1 1 6 0 8 1 10 12 1 10 12 7 1 7 1 1 1 1 5 0 1 3 1 1 1 3 1 3 1 3 1 1 1 1 1 1 1 1 1 1 1 1 1 1 1 1 1 1 1 1 1 1 100 1 1 1 1 1 1 1 1 1 1 1 1 1 1 1 1 1 1 1 1 1 1 1 1 1 1 1 1 1 1 1 1 1 100 1 1 1 1 1 1 1 1 1 1 1 1 1 1 1 1 1 1 1 1 1 1 1 1 1 1 1 1 1 1 1 1 1 1 1 1 1 1 1 1 1 1 1 1 1 1 1 1 1 1 1 7 1 1 1 1 1 1 1 1 1 1 1 1 1 1 1 1 1 1 1 1 1 1 1 1 1 1 1 1 1 1 1 1 1 1 1 1 1 1 1 1 1 1 1 1 1 1 1 1 7 1 1 1 1 1 1 1 1 7 1 1 1 1 1 1 1 1 1 1 1 1 1 1 1 1 1 1 100 1 100 1 100 1 100 1 100 1 100 1 100 1 100 1 1 1 1 1 1 1 1 1 1 1 1 1 1 1 1 1 1
ciInstanceKlass java/lang/invoke/LambdaForm 1 1 1059 7 1 100 1 10 7 12 1 1 1 9 12 1 1 9 12 1 9 12 1 9 12 1 1 9 12 1 1 9 12 1 1 9 12 1 1 9 12 1 1 9 12 1 10 7 12 1 1 9 12 1 10 12 1 1 100 1 10 10 12 1 1 10 12 1 10 12 1 10 12 1 1 10 12 1 9 12 1 9 12 1 10 12 1 1 10 7 12 1 1 1 10 12 1 1 9 100 12 1 1 1 10 12 1 1 9 7 12 1 1 10 12 1 10 12 1 1 10 12 1 1 10 12 1 1 7 1 10 7 12 1 1 1 10 12 1 1 10 12 1 10 12 1 1 9 12 1 1 9 12 1 9 12 1 1 10 12 1 9 12 1 10 100 12 1 1 1 10 12 1 1 7 1 10 12 1 9 12 1 1 10 7 12 1 1 1 10 12 1 10 12 1 7 1 10 12 1 10 12 1 10 12 1 1 10 12 1 1 10 12 1 10 12 1 10 12 1 10 12 1 1 8 1 10 12 1 10 12 1 10 10 12 1 8 1 8 1 9 12 1 9 12 1 1 10 12 1 1 10 12 1 9 12 1 10 12 1 1 10 7 12 1 1 1 10 12 1 1 10 12 1 10 12 1 10 100 12 1 1 1 9 12 1 10 12 1 8 1 8 1 8 1 8 1 8 1 8 1 8 1 8 1 10 12 1 9 12 1 7 1 10 12 1 1 9 12 1 10 12 1 10 12 1 1 10 12 10 12 1 10 12 1 1 10 12 1 1 10 10 12 1 1 10 12 1 1 7 1 8 1 10 12 1 1 10 12 1 10 12 1 1 10 8 1 10 12 1 1 8 1 8 1 8 1 10 12 1 10 12 1 10 12 1 1 100 1 10 12 1 1 10 12 1 1 10 7 12 1 1 1 10 12 1 1 9 12 1 1 8 1 10 100 12 1 1 1 10 7 12 1 1 10 12 10 12 1 1 10 12 1 1 9 12 1 8 10 12 1 1 100 1 10 12 1 1 10 12 1 9 7 12 1 1 9 7 12 1 1 1 8 1 10 100 12 1 1 10 12 1 1 7 1 7 1 10 10 12 1 1 10 12 1 1 8 1 8 1 7 1 8 1 10 12 10 12 1 10 12 1 10 12 1 1 8 1 8 1 10 12 1 10 12 1 1 8 1 8 1 8 1 7 1 8 1 7 1 8 1 7 1 8 1 10 12 1 8 1 9 10 7 12 1 1 1 10 12 1 9 12 1 1 10 12 1 10 10 12 1 10 12 1 10 12 1 10 12 1 1 10 12 1 10 12 1 1 10 12 1 1 10 12 1 1 10 12 1 1 8 1 100 10 12 1 10 12 1 9 12 1 1 10 7 12 1 1 8 1 8 1 7 1 8 1 8 1 8 1 8 1 8 1 8 1 8 1 8 1 10 12 1 1 10 12 1 1 10 12 1 10 12 1 10 12 1 10 12 1 8 1 8 1 8 1 10 12 1 8 1 10 12 1 8 1 8 1 8 1 8 1 8 1 10 12 1 10 12 1 10 12 1 1 10 7 12 1 1 1 10 12 1 10 12 1 10 12 1 10 12 1 10 12 1 10 12 1 10 12 1 9 12 1 1 8 1 10 12 1 1 9 12 1 1 10 12 1 1 9 12 1 9 12 1 1 9 12 1 9 12 1 1 7 1 10 7 12 1 1 1 9 12 1 10 12 1 10 12 1 8 1 10 12 1 9 12 1 1 7 1 10 7 12 1 1 1 8 1 100 1 10 12 1 9 12 1 9 12 1 10 12 1 10 12 1 10 7 12 1 1 1 10 12 1 9 7 12 1 1 10 12 1 1 10 12 1 10 12 1 10 12 1 9 12 10 12 1 10 10 12 1 9 12 1 9 9 12 1 7 9 12 1 1 10 12 1 1 9 12 1 10 12 1 10 7 1 9 1 1 1 1 3 1 3 1 1 3 1 3 1 1 1 1 1 1 1 1 1 1 1 1 1 1 1 1 1 1 1 1 1 1 1 1 1 1 1 1 1 1 1 1 1 1 1 1 1 1 1 1 1 1 1 1 1 1 1 1 1 1 1 100 1 1 1 1 1 1 1 1 1 1 1 1 1 1 1 1 1 1 1 1 1 1 1 1 1 1 1 1 1 1 1 1 1 1 1 1 1 1 1 1 1 1 1 1 1 1 1 1 1 1 1 1 1 1 1 1 1 1 1 1 1 1 100 1 1 1 1 1 1 1 1 1 1 1 1 1 1 1 1 1 1 1 1 1 1 1 1 1 1 1 1 1 1 1 1 1 1 7 1 1 1 1 1 1 1 1 1 1 1 1 1 1 1 1 1 1 1 1 1 1 100 1 1 1 100 1 1 7 1 1 1 1 1 1 1 1 1 1 1
staticfield java/lang/invoke/LambdaForm DEFAULT_CUSTOMIZED Ljava/lang/invoke/MethodHandle; 
staticfield java/lang/invoke/LambdaForm DEFAULT_KIND Ljava/lang/invoke/LambdaForm$Kind; java/lang/invoke/LambdaForm$Kind
staticfield java/lang/invoke/LambdaForm COMPILE_THRESHOLD I 0
staticfield java/lang/invoke/LambdaForm INTERNED_ARGUMENTS [[Ljava/lang/invoke/LambdaForm$Name; 5 [[Ljava/lang/invoke/LambdaForm$Name;
staticfield java/lang/invoke/LambdaForm IMPL_NAMES Ljava/lang/invoke/MemberName$Factory; java/lang/invoke/MemberName$Factory
staticfield java/lang/invoke/LambdaForm LF_identity [Ljava/lang/invoke/LambdaForm; 6 [Ljava/lang/invoke/LambdaForm;
staticfield java/lang/invoke/LambdaForm LF_zero [Ljava/lang/invoke/LambdaForm; 6 [Ljava/lang/invoke/LambdaForm;
staticfield java/lang/invoke/LambdaForm NF_identity [Ljava/lang/invoke/LambdaForm$NamedFunction; 6 [Ljava/lang/invoke/LambdaForm$NamedFunction;
staticfield java/lang/invoke/LambdaForm NF_zero [Ljava/lang/invoke/LambdaForm$NamedFunction; 6 [Ljava/lang/invoke/LambdaForm$NamedFunction;
staticfield java/lang/invoke/LambdaForm createFormsLock Ljava/lang/Object; java/lang/Object
staticfield java/lang/invoke/LambdaForm DEBUG_NAME_COUNTERS Ljava/util/HashMap; 
staticfield java/lang/invoke/LambdaForm DEBUG_NAMES Ljava/util/HashMap; 
staticfield java/lang/invoke/LambdaForm TRACE_INTERPRETER Z 0
staticfield java/lang/invoke/LambdaForm $assertionsDisabled Z 1
ciInstanceKlass java/lang/invoke/MemberName 1 1 724 7 1 7 1 100 1 9 12 1 1 10 7 12 1 1 1 9 12 1 1 10 12 1 1 10 12 1 1 10 12 1 1 10 12 1 10 12 1 1 10 7 12 1 1 1 10 12 1 9 7 12 1 1 10 12 1 7 1 7 1 10 12 1 8 1 10 12 1 1 10 12 1 10 12 1 1 10 12 1 9 12 1 1 8 1 10 100 12 1 1 1 7 1 10 10 12 1 1 100 1 100 1 10 12 1 9 12 1 1 100 1 8 1 10 12 1 10 12 1 10 12 1 10 12 1 10 12 1 1 10 12 1 10 12 1 10 12 1 1 8 1 8 1 10 12 1 8 1 9 12 1 1 3 10 12 1 10 12 1 10 12 1 10 10 7 12 1 1 1 10 12 1 10 12 1 10 12 1 10 12 1 7 1 8 10 12 1 1 10 12 1 1 8 1 9 7 1 8 9 7 1 10 12 1 1 10 12 1 10 12 1 8 1 10 12 1 1 10 12 1 10 12 1 10 12 1 10 12 1 1 7 1 10 12 1 1 10 12 1 8 1 10 12 1 10 12 1 8 1 10 12 1 1 10 12 1 1 7 1 10 12 1 1 10 12 8 1 8 1 7 1 10 12 1 10 100 12 1 1 1 100 1 10 12 10 12 1 10 12 1 10 12 1 10 12 1 10 10 12 1 10 12 1 10 12 1 3 10 12 1 3 10 12 1 3 3 3 3 3 3 10 12 1 3 9 12 1 10 12 1 1 3 10 12 1 10 10 7 12 1 1 1 10 12 1 1 10 7 12 1 1 10 10 12 1 10 12 1 1 10 12 1 10 10 12 1 1 10 12 1 10 12 1 10 12 1 7 1 10 10 10 12 100 1 10 10 10 12 1 1 10 12 1 1 10 10 12 1 8 10 7 1 10 12 1 10 7 1 10 12 1 10 12 1 10 12 1 10 10 12 1 10 12 1 1 10 12 1 1 10 12 1 10 12 1 10 12 1 100 1 10 12 1 1 100 1 8 1 10 7 1 10 12 1 10 12 10 12 1 1 10 12 1 10 12 1 8 1 8 1 8 1 8 1 10 12 1 10 12 1 10 7 12 1 1 1 8 1 8 1 10 12 1 8 1 10 10 10 12 1 10 12 1 8 1 8 1 10 10 12 1 8 1 10 100 12 1 1 1 8 1 100 1 10 12 1 10 12 1 1 10 12 1 8 1 8 1 8 1 8 1 100 1 10 8 1 8 1 8 1 8 1 10 12 1 7 1 100 1 7 1 10 100 1 10 7 1 10 7 12 1 1 1 9 7 12 1 1 1 7 1 7 1 1 1 1 1 1 1 3 1 3 1 3 1 3 1 3 1 3 1 1 1 1 1 1 1 1 3 1 3 1 1 1 1 1 1 1 1 1 1 1 1 1 1 1 1 1 1 1 1 1 1 1 1 1 1 1 1 1 1 1 1 1 1 1 1 1 1 1 1 1 1 1 1 1 1 1 1 1 1 1 1 1 1 1 1 1 1 1 1 1 1 1 1 1 1 1 1 1 1 1 1 1 1 1 1 1 1 1 1 1 1 1 1 1 1 1 1 1 1 1 1 1 1 1 1 7 1 1 1 1 1 1 1 1 1 1 1 1 1 1 1
staticfield java/lang/invoke/MemberName $assertionsDisabled Z 1
instanceKlass java/lang/invoke/VarHandleReferences$Array
instanceKlass java/lang/invoke/VarHandleLongs$FieldInstanceReadOnly
instanceKlass java/lang/invoke/VarHandleBooleans$FieldInstanceReadOnly
instanceKlass java/lang/invoke/VarHandleReferences$FieldInstanceReadOnly
instanceKlass java/lang/invoke/VarHandleByteArrayAsDoubles$ByteArrayViewVarHandle
instanceKlass java/lang/invoke/VarHandleByteArrayAsFloats$ByteArrayViewVarHandle
instanceKlass java/lang/invoke/VarHandleByteArrayAsChars$ByteArrayViewVarHandle
instanceKlass java/lang/invoke/VarHandleByteArrayAsShorts$ByteArrayViewVarHandle
instanceKlass java/lang/invoke/VarHandleInts$FieldInstanceReadOnly
instanceKlass java/lang/invoke/VarHandleByteArrayAsLongs$ByteArrayViewVarHandle
instanceKlass java/lang/invoke/VarHandleByteArrayAsInts$ByteArrayViewVarHandle
instanceKlass java/lang/invoke/VarHandleReferences$FieldStaticReadOnly
ciInstanceKlass java/lang/invoke/VarHandle 1 1 474 10 7 12 1 1 1 10 7 12 1 1 9 12 1 1 9 12 1 1 100 1 10 8 1 10 12 1 1 10 7 12 1 1 1 10 12 1 1 10 7 12 1 1 1 9 100 12 1 1 1 10 12 1 1 10 7 12 1 1 1 10 12 1 1 9 12 1 10 12 1 9 12 1 1 10 7 12 1 1 10 12 1 9 7 12 1 1 1 9 12 1 1 10 12 1 1 100 1 7 1 10 8 1 10 12 1 1 10 12 1 8 1 10 12 1 10 12 1 9 12 1 1 9 12 1 10 12 1 10 12 1 1 10 12 1 10 10 100 12 1 1 1 10 12 1 1 10 12 1 1 10 7 12 1 1 1 10 100 12 1 1 1 10 100 12 1 1 1 9 12 1 1 9 10 12 1 10 12 1 1 10 12 1 1 10 12 1 10 7 12 1 1 1 9 12 1 1 10 12 1 1 9 12 1 10 12 1 10 12 1 10 7 12 1 1 100 1 10 9 7 12 1 1 1 9 12 1 1 10 7 12 1 1 1 10 12 1 10 12 1 10 12 1 10 12 1 10 12 1 10 12 1 1 8 10 12 1 1 7 1 10 12 1 1 7 1 1 1 1 1 1 1 1 1 1 1 1 1 1 1 1 1 1 1 1 1 1 1 1 1 1 1 1 1 1 1 1 1 1 1 1 1 1 1 1 1 1 1 1 1 1 1 1 1 1 1 1 1 1 1 1 1 1 1 1 1 1 1 1 1 1 1 1 100 1 1 1 1 1 1 1 1 100 1 1 1 1 1 1 1 1 1 1 1 1 100 1 100 1 1 100 1 100 1 100 1 100 1 100 1 100 1 100 1 100 1 100 1 100 1 100 1 100 1 100 1 100 1 100 1 100 1 100 1 100 1 100 1 100 1 100 1 100 1 100 1 100 1 100 1 100 1 100 1 100 1 100 1 100 1 100 1 100 1 100 1 100 1 100 1 1 1 1 1 1 100 1 1 1 100 1 1 100 1 100 1 100 1 100 1 100 1 100 1 1 1 1 100 1 100 1 100 1 100 1 100 1 100 1 100 1 100 1
staticfield java/lang/invoke/VarHandle VFORM_OFFSET J 16
staticfield java/lang/invoke/VarHandle $assertionsDisabled Z 1
ciInstanceKlass java/util/Collections 1 1 933 10 7 12 1 1 1 11 7 12 1 1 1 7 1 11 12 1 1 7 1 10 12 1 1 10 12 1 11 12 1 1 7 1 11 12 1 1 11 12 1 1 10 12 1 11 100 12 1 1 11 12 1 1 11 12 1 10 12 1 10 12 1 10 12 11 100 12 1 1 1 10 12 1 1 11 12 1 11 12 1 1 9 12 1 1 100 1 10 10 12 1 1 10 12 1 11 100 12 1 1 1 11 12 1 1 10 12 1 11 12 1 100 1 8 1 10 12 1 11 7 12 1 1 1 11 7 1 11 12 1 1 10 12 1 1 10 12 1 10 12 1 1 10 12 1 11 12 1 1 10 12 1 1 10 12 1 1 10 12 1 1 11 12 1 1 7 1 10 12 1 11 7 1 100 1 10 12 1 11 7 1 7 1 10 12 1 11 100 1 100 1 10 12 1 11 7 1 7 1 10 12 1 11 100 1 100 1 10 12 1 11 7 1 11 7 1 10 12 10 11 7 1 7 1 10 12 1 11 100 1 100 1 10 11 100 1 100 1 10 12 1 11 100 1 100 1 10 12 1 7 1 10 10 12 1 7 1 10 10 12 1 100 1 10 100 1 10 7 1 10 100 1 10 10 12 1 10 7 1 10 7 1 10 100 1 10 100 1 10 12 1 10 100 12 1 1 1 100 1 100 1 10 12 1 100 1 10 12 1 100 1 10 12 1 100 1 10 12 1 100 1 10 12 1 100 1 10 100 1 10 12 1 100 1 10 12 1 100 1 10 12 1 9 7 12 1 1 1 9 100 12 1 1 9 7 12 1 1 1 9 12 1 1 9 12 1 1 9 12 1 1 9 12 1 1 9 12 1 1 7 1 10 12 7 1 10 7 1 10 7 1 10 7 1 10 12 1 100 1 7 1 10 8 1 10 12 1 1 10 12 1 10 12 1 1 10 7 1 10 12 1 9 7 12 1 1 1 9 7 12 1 1 1 7 1 9 12 1 1 10 12 7 1 10 7 1 10 11 7 12 1 1 11 12 1 10 12 1 11 11 12 1 11 11 12 1 8 1 7 1 10 11 100 1 10 12 1 100 1 10 100 12 1 1 1 100 1 10 12 1 7 1 10 7 1 10 7 1 10 1 1 1 3 1 3 1 3 1 3 1 3 1 3 1 3 1 3 1 1 1 1 1 1 1 1 1 1 1 1 1 1 1 1 1 1 1 1 1 1 1 1 1 1 1 1 1 1 1 1 1 1 1 1 1 1 1 1 1 1 1 1 1 1 1 1 1 1 1 1 1 1 1 1 1 1 1 1 1 1 1 1 1 1 1 1 1 1 1 1 1 1 1 1 1 1 1 1 1 1 1 1 1 1 1 1 1 1 1 1 1 1 1 1 1 1 1 1 1 1 1 1 1 1 1 1 1 1 1 1 1 1 1 1 1 1 1 1 1 1 1 1 1 1 1 1 1 1 1 1 1 1 1 1 1 1 1 1 1 1 1 1 1 1 1 1 1 1 1 1 1 1 1 1 1 1 1 1 1 1 1 1 1 1 1 1 1 1 1 1 1 1 1 1 1 1 1 1 1 1 1 1 1 1 1 1 1 1 1 1 1 1 1 1 1 1 1 1 1 1 1 1 1 1 1 1 1 1 1 1 1 1 1 1 1 1 1 1 1 1 1 1 1 1 1 1 1 1 1 1 1 1 1 1 1 1 1 1 1 1 1 1 1 1 1 1 1 1 1 1 1 1 1 1 1 1 1 1 1 1 1 1 1 1 1 1 1 1 1 1 1 1 1 1 1 1 1 1 1 1 1 1 1 1 1 1 1 1 1 1 1 1 1 1 1 1 1 1 1 1 1 1 1 1 1 1 1 1 1 1 1 1 1 1 1 1 1 1 1 1 1 1 1 1 1 1 1 1 1 1 100 1 100 1 100 1 100 1 100 1 100 1 100 1 100 1 100 1 100 1 100 1 100 1 100 1 1 1 1 1 1 1 1 1 1 1 1 1 1 1 1 1 1 1 1 1 1 1 1 1 1 1 1 1 1 1 1 1 1 1 1 1 1 1 1 1 1 100 1 1 1 1 1 1 1 1 1 1 1 1 1 1 1
staticfield java/util/Collections EMPTY_SET Ljava/util/Set; java/util/Collections$EmptySet
staticfield java/util/Collections EMPTY_LIST Ljava/util/List; java/util/Collections$EmptyList
staticfield java/util/Collections EMPTY_MAP Ljava/util/Map; java/util/Collections$EmptyMap
instanceKlass jdk/internal/reflect/FieldAccessorImpl
instanceKlass jdk/internal/reflect/ConstructorAccessorImpl
instanceKlass jdk/internal/reflect/MethodAccessorImpl
ciInstanceKlass jdk/internal/reflect/MagicAccessorImpl 1 1 16 10 7 12 1 1 1 100 1 1 1 1 1 1 1 1
instanceKlass jdk/internal/reflect/DirectMethodHandleAccessor
ciInstanceKlass jdk/internal/reflect/MethodAccessorImpl 1 1 38 10 7 12 1 1 1 10 100 12 1 1 1 100 1 1 1 1 1 1 1 100 1 100 1 1 1 1 1 1 1 1 1 1 1 1 1 1
ciInstanceKlass jdk/internal/reflect/MethodAccessor 1 0 17 100 1 100 1 1 1 1 100 1 100 1 1 1 1 1 1
instanceKlass jdk/internal/reflect/SerializationConstructorAccessorImpl
instanceKlass jdk/internal/reflect/DirectConstructorHandleAccessor$NativeAccessor
instanceKlass jdk/internal/reflect/DirectConstructorHandleAccessor
instanceKlass jdk/internal/reflect/NativeConstructorAccessorImpl
ciInstanceKlass jdk/internal/reflect/ConstructorAccessorImpl 1 1 27 10 7 12 1 1 1 100 1 100 1 1 1 1 1 1 1 1 1 100 1 100 1 100 1 1 1
ciInstanceKlass jdk/internal/reflect/ConstructorAccessor 1 0 16 100 1 100 1 1 1 1 100 1 100 1 100 1 1 1
ciInstanceKlass jdk/internal/reflect/DelegatingClassLoader 1 1 18 10 7 12 1 1 1 100 1 1 1 1 1 1 1 1 1 1
ciInstanceKlass jdk/internal/reflect/Reflection 1 1 385 10 7 12 1 1 1 10 7 12 1 1 1 10 12 1 1 10 7 12 1 1 1 10 7 12 1 1 1 10 12 1 10 100 12 1 1 1 11 100 12 1 1 1 10 7 12 1 1 1 10 12 1 1 10 12 1 1 10 7 12 1 1 1 10 12 1 1 10 12 1 10 12 1 10 12 1 10 12 1 10 12 1 1 10 7 12 1 1 1 10 12 1 10 12 1 10 12 1 1 10 12 1 1 9 12 1 1 10 12 1 1 9 12 1 11 7 12 1 1 100 1 7 1 10 8 1 10 12 1 1 10 12 1 10 12 1 10 12 1 7 1 10 12 1 11 7 12 1 1 1 11 12 1 1 10 12 1 1 7 1 7 1 11 7 12 1 1 8 1 11 12 1 1 10 100 12 1 1 1 100 1 11 12 1 10 7 12 1 1 10 7 12 1 1 1 7 1 10 12 1 1 10 12 1 1 11 100 12 1 1 1 10 12 1 8 1 10 12 1 1 8 1 8 1 8 1 8 1 10 12 1 1 8 1 8 1 8 1 100 1 10 8 1 8 1 8 1 10 12 8 1 11 12 1 1 9 12 1 1 7 1 8 1 8 1 11 12 1 7 1 7 1 7 1 8 1 11 12 1 11 12 1 1 1 1 1 1 1 1 1 1 1 1 1 1 1 1 1 1 1 1 1 1 1 1 1 1 1 1 1 1 1 1 1 1 1 1 1 1 1 1 1 1 1 1 1 1 1 1 1 1 1 1 1 1 1 1 1 1 1 1 1 1 1 1 1 1 1 1 1 1 1 1 1 1 1 1 1 1 1 1 1 1 1 1 1 1 1 1 1 1 1 1 1 1 1 7 1 1 1 1 1 1 1
staticfield jdk/internal/reflect/Reflection ALL_MEMBERS Ljava/util/Set; java/util/ImmutableCollections$Set12
ciInstanceKlass java/lang/reflect/Modifier 1 1 133 7 1 10 7 12 1 1 1 100 1 10 7 1 8 1 10 12 1 8 1 10 12 1 1 8 1 8 1 8 1 8 1 8 1 8 1 8 1 8 1 8 1 8 1 8 1 10 12 1 1 3 1 1 1 3 1 3 1 3 1 3 1 3 1 3 1 3 1 3 1 3 1 3 1 3 1 3 1 1 1 3 1 3 1 3 1 1 3 1 3 1 3 1 3 1 3 1 1 1 1 1 1 1 1 1 1 1 1 1 1 1 1 1 1 1 1 1 1 1 1 1 1 1 1 1 1 1 1 1 1 1 1
ciInstanceKlass jdk/internal/reflect/CallerSensitive 1 0 17 100 1 100 1 100 1 1 1 1 1 1 1 1 1 1 1
ciMethod jdk/internal/reflect/Reflection getCallerClass ()Ljava/lang/Class; 256 0 128 0 -1
ciMethod jdk/internal/reflect/Reflection filterFields (Ljava/lang/Class;[Ljava/lang/reflect/Field;)[Ljava/lang/reflect/Field; 186 0 761 0 0
ciMethod jdk/internal/reflect/Reflection filterMethods (Ljava/lang/Class;[Ljava/lang/reflect/Method;)[Ljava/lang/reflect/Method; 164 0 601 0 0
ciMethod jdk/internal/reflect/Reflection filter ([Ljava/lang/reflect/Member;Ljava/util/Set;)[Ljava/lang/reflect/Member; 250 0 1362 0 0
ciInstanceKlass jdk/internal/reflect/NativeConstructorAccessorImpl 0 0 125 10 7 12 1 1 1 9 7 12 1 1 1 100 1 10 12 1 9 12 1 1 9 12 1 1 10 100 12 1 1 1 10 7 12 1 1 1 10 7 12 1 1 1 9 12 1 9 12 1 1 9 12 1 1 10 7 12 1 1 1 100 1 10 10 12 1 1 10 12 1 10 12 1 1 10 12 1 7 1 10 12 1 1 10 12 1 1 8 10 12 1 1 1 1 1 1 1 1 1 1 1 1 1 1 1 1 1 1 1 1 1 1 100 1 100 1 100 1 1 1 1 1 1 1
ciInstanceKlass jdk/internal/reflect/ConstantPool 1 1 142 10 7 12 1 1 1 9 7 12 1 1 1 10 12 1 1 10 12 1 1 10 12 1 10 12 1 1 10 12 1 1 10 12 1 10 12 1 1 10 12 1 10 12 1 1 10 12 1 10 12 1 10 12 1 10 12 1 1 10 12 1 1 10 12 1 1 10 12 1 1 10 12 1 10 12 1 1 10 100 12 1 1 1 8 11 7 12 1 1 1 10 7 12 1 1 1 1 1 1 1 1 1 1 1 1 1 1 1 1 1 1 1 1 1 1 1 1 1 1 1 1 1 1 1 1 1 1 1 1 1 1 1 1 1 1 1 1 1 1 1 1
ciInstanceKlass jdk/internal/reflect/UnsafeStaticFieldAccessorImpl 0 0 47 10 7 12 1 1 1 9 7 12 1 1 1 10 7 12 1 1 1 9 12 1 1 8 11 100 12 1 1 1 10 100 12 1 1 1 1 1 1 1 1 1 1 1 1 1 1
ciInstanceKlass jdk/internal/reflect/FieldAccessor 1 0 48 100 1 100 1 1 1 1 100 1 1 1 1 1 1 1 1 1 1 1 1 1 1 1 1 1 1 1 100 1 1 1 1 1 1 1 1 1 1 1 1 1 1 1 1 1 1 1
instanceKlass jdk/internal/reflect/MethodHandleFieldAccessorImpl
instanceKlass jdk/internal/reflect/UnsafeFieldAccessorImpl
ciInstanceKlass jdk/internal/reflect/FieldAccessorImpl 1 1 269 10 7 12 1 1 1 9 7 12 1 1 1 10 7 12 1 1 1 10 7 12 1 1 10 7 12 1 1 1 10 12 1 1 7 1 10 10 12 1 1 10 12 1 1 8 1 10 10 12 1 100 1 8 1 10 12 1 8 1 10 12 1 8 1 10 12 1 100 1 10 12 1 1 10 8 1 10 12 1 1 8 1 10 7 12 1 1 8 1 10 7 12 1 1 8 1 10 7 12 1 1 8 1 10 7 12 1 1 8 1 10 7 12 1 1 8 1 10 7 12 1 1 8 1 10 7 12 1 1 8 1 10 7 12 1 1 10 12 1 1 8 1 10 12 1 1 10 100 12 1 1 1 8 1 10 12 1 8 1 8 1 8 1 8 1 10 7 12 1 1 1 8 1 8 1 8 1 10 12 7 1 1 1 1 1 1 1 1 1 1 1 1 1 1 1 1 1 1 1 1 1 1 1 1 1 1 1 1 1 1 1 1 1 1 1 1 1 1 1 1 1 1 1 1 1 1 1 1 1 1 1 1 1 1 1 1 1 1 1 1 1 1 1 1 1 1 1 1 1 1 1 1 1 1 1 1 1 1 1 1 1 1 1 1 1 1 1 1
instanceKlass jdk/internal/reflect/UnsafeStaticFieldAccessorImpl
ciInstanceKlass jdk/internal/reflect/UnsafeFieldAccessorImpl 0 0 62 10 100 12 1 1 1 10 100 12 1 1 1 10 100 12 1 1 1 9 100 12 1 1 10 12 1 9 12 1 1 10 100 12 1 1 1 9 12 1 1 10 12 1 10 12 1 1 1 1 1 1 1 1 1 1 1 1 1 1 1 1
instanceKlass java/lang/invoke/VolatileCallSite
instanceKlass java/lang/invoke/MutableCallSite
instanceKlass java/lang/invoke/ConstantCallSite
ciInstanceKlass java/lang/invoke/CallSite 1 1 296 10 7 12 1 1 1 10 7 12 1 1 1 9 12 1 1 10 7 12 1 1 1 10 12 1 7 1 10 12 1 1 10 12 1 1 9 100 12 1 1 1 10 7 12 1 1 10 12 1 1 100 1 7 1 10 10 7 12 1 1 1 10 12 1 1 8 1 10 12 1 10 12 1 1 10 12 1 10 12 1 1 10 12 1 1 10 10 100 12 1 1 10 12 1 1 9 12 1 9 100 12 1 1 1 8 1 10 7 12 1 1 1 10 12 1 1 7 1 10 12 1 1 9 12 1 8 1 100 1 10 12 1 10 12 1 100 1 8 1 10 10 12 1 10 12 1 1 100 1 10 12 1 1 10 12 1 10 12 1 10 12 1 1 10 12 1 1 9 12 1 1 8 10 12 1 1 9 12 1 1 100 1 10 10 12 1 10 7 12 1 1 1 10 12 1 1 10 12 1 1 10 12 1 10 7 12 1 1 1 7 1 8 1 10 10 12 10 12 1 1 7 1 7 1 7 1 8 1 10 12 1 10 7 12 1 1 1 1 1 1 1 1 1 1 1 1 1 1 1 1 1 1 1 1 1 1 1 1 1 1 1 1 1 1 1 1 1 1 1 1 1 1 1 1 1 1 1 1 1 1 1 1 1 1 1 1 1 1 1 7 1 7 1 1 1
staticfield java/lang/invoke/CallSite $assertionsDisabled Z 1
ciInstanceKlass java/lang/invoke/ConstantCallSite 1 1 65 10 7 12 1 1 1 9 7 12 1 1 1 9 12 1 1 10 7 12 1 1 1 10 12 1 100 1 10 12 9 12 1 1 100 1 10 10 12 1 1 10 12 1 1 1 1 1 1 1 1 1 1 1 1 1 100 1 1 1 1 1 1 1 1
staticfield java/lang/invoke/ConstantCallSite UNSAFE Ljdk/internal/misc/Unsafe; jdk/internal/misc/Unsafe
instanceKlass java/lang/invoke/DirectMethodHandle$StaticAccessor
instanceKlass java/lang/invoke/DirectMethodHandle$Special
instanceKlass java/lang/invoke/DirectMethodHandle$Interface
instanceKlass java/lang/invoke/DirectMethodHandle$Constructor
instanceKlass java/lang/invoke/DirectMethodHandle$Accessor
ciInstanceKlass java/lang/invoke/DirectMethodHandle 1 1 923 7 1 7 1 100 1 7 1 7 1 10 7 12 1 1 1 10 7 12 1 1 1 7 1 10 12 1 10 12 1 1 10 7 12 1 1 10 12 1 1 10 12 1 10 12 1 7 1 10 12 1 1 10 12 1 1 10 12 1 10 12 1 1 10 7 12 1 1 1 10 12 1 9 12 1 1 100 1 10 9 12 1 1 9 12 1 10 12 1 10 12 1 10 12 1 1 10 12 1 10 12 1 10 12 1 10 7 12 1 1 1 10 12 1 10 12 1 1 8 1 10 12 1 1 7 1 10 12 1 7 1 10 10 12 1 10 12 1 10 12 1 10 7 12 1 1 1 10 12 1 1 7 1 10 12 1 10 12 1 7 1 10 12 1 10 12 1 1 10 12 1 1 10 12 1 8 10 7 12 1 1 1 10 12 1 10 12 1 10 12 1 1 10 12 1 9 7 12 1 1 1 7 1 10 12 1 10 7 12 1 1 1 10 12 1 10 12 1 1 9 12 1 1 7 1 10 8 1 10 12 1 1 10 12 1 1 8 1 10 12 1 10 12 1 10 10 12 1 10 12 1 10 12 1 10 12 1 10 12 1 1 10 12 1 10 12 1 1 10 12 1 10 12 1 1 10 10 7 12 1 1 1 10 12 1 10 12 1 1 10 12 1 10 12 1 1 8 1 9 7 12 1 1 1 8 1 9 12 1 9 12 1 8 1 9 12 1 9 12 1 8 1 9 12 1 9 12 1 8 1 10 12 1 10 12 1 1 9 12 1 1 7 1 10 12 1 1 7 1 10 7 12 1 1 1 10 12 1 1 10 12 1 10 12 1 1 7 1 10 12 1 1 10 12 1 10 12 1 1 7 1 10 12 1 1 10 12 1 10 7 12 1 1 1 10 12 1 10 12 1 1 10 12 1 9 12 1 1 10 7 1 9 12 9 12 1 10 7 12 1 1 1 10 12 1 7 1 7 1 7 1 9 12 1 1 10 7 12 1 1 1 10 12 10 12 1 7 1 10 12 1 10 12 1 1 8 1 9 12 1 9 12 1 10 12 1 1 9 12 1 1 10 7 12 1 1 1 9 12 1 1 9 12 1 1 10 12 1 10 12 1 10 12 1 10 12 1 1 10 12 1 9 12 1 10 12 1 10 12 1 10 12 1 10 12 1 1 10 12 1 1 9 12 1 1 10 12 1 1 9 7 12 1 1 1 9 12 1 9 12 1 9 12 1 9 12 1 9 12 1 9 12 1 9 12 1 9 12 1 9 12 1 9 12 1 9 12 1 9 12 1 9 12 1 9 12 1 9 12 1 9 12 1 9 12 1 9 12 1 9 12 1 9 12 1 9 12 1 9 12 1 9 12 1 9 12 1 9 12 1 9 12 1 9 12 1 9 12 1 9 12 1 9 12 1 9 12 1 9 12 1 9 12 1 9 12 1 9 12 1 9 12 1 8 1 9 12 1 1 9 12 1 1 10 12 1 10 12 1 1 9 7 1 10 12 1 9 12 1 1 10 12 10 12 1 10 12 1 10 12 1 10 12 1 10 8 1 8 1 8 1 8 1 10 12 1 1 9 12 1 1 10 12 1 10 100 12 1 1 1 8 9 12 1 1 10 12 1 1 8 1 8 8 9 12 1 8 1 8 8 8 8 8 1 8 10 12 1 7 1 10 12 1 8 1 8 1 10 12 1 10 12 1 10 12 1 10 12 1 1 7 1 1 1 1 3 1 3 1 3 1 3 1 3 1 3 1 3 1 3 1 3 1 3 1 1 1 1 1 1 1 1 1 1 3 1 3 1 1 1 1 3 1 1 1 1 1 1 1 1 1 1 1 1 1 1 1 1 1 1 1 1 1 1 1 1 1 1 1 1 1 1 1 1 1 1 1 1 1 1 1 1 1 1 1 1 1 1 1 1 1 1 1 1 1 1 1 1 1 100 1 1 1 1 1 1 1 1 1 100 1 1 1 1 1 1 1 1 1 1 1 1 1 1 1 1 1 1 1 1 1 1 1 1 1 1 1 1 1 1 1 1 1 1 1 1 1 1 1 1 1 1 1 1 1 1 1 1 1 1 1 1
staticfield java/lang/invoke/DirectMethodHandle IMPL_NAMES Ljava/lang/invoke/MemberName$Factory; java/lang/invoke/MemberName$Factory
staticfield java/lang/invoke/DirectMethodHandle FT_UNCHECKED_REF I 8
staticfield java/lang/invoke/DirectMethodHandle ACCESSOR_FORMS [Ljava/lang/invoke/LambdaForm; 132 [Ljava/lang/invoke/LambdaForm;
staticfield java/lang/invoke/DirectMethodHandle ALL_WRAPPERS [Lsun/invoke/util/Wrapper; 10 [Lsun/invoke/util/Wrapper;
staticfield java/lang/invoke/DirectMethodHandle NFS [Ljava/lang/invoke/LambdaForm$NamedFunction; 12 [Ljava/lang/invoke/LambdaForm$NamedFunction;
staticfield java/lang/invoke/DirectMethodHandle OBJ_OBJ_TYPE Ljava/lang/invoke/MethodType; java/lang/invoke/MethodType
staticfield java/lang/invoke/DirectMethodHandle LONG_OBJ_TYPE Ljava/lang/invoke/MethodType; java/lang/invoke/MethodType
staticfield java/lang/invoke/DirectMethodHandle $assertionsDisabled Z 1
ciMethod java/lang/invoke/DirectMethodHandle allocateInstance (Ljava/lang/Object;)Ljava/lang/Object; 512 0 38670 0 408
ciMethod java/lang/invoke/DirectMethodHandle constructorMethod (Ljava/lang/Object;)Ljava/lang/Object; 512 0 38668 0 128
ciInstanceKlass java/lang/invoke/MutableCallSite 0 0 63 10 100 12 1 1 1 10 12 1 9 100 12 1 1 1 10 12 1 10 12 1 1 9 12 1 1 10 100 12 1 1 1 10 100 12 1 1 1 10 12 1 1 1 1 1 1 1 1 1 1 1 1 1 1 1 1 1 1 100 1 1 1
ciInstanceKlass java/lang/invoke/VolatileCallSite 0 0 37 10 100 12 1 1 1 10 12 1 10 100 12 1 1 1 10 12 1 10 12 1 1 1 1 1 1 1 1 1 1 1 1 1 1 1 1
ciInstanceKlass java/lang/invoke/ResolvedMethodName 1 1 16 10 100 12 1 1 1 100 1 1 1 1 1 1 1 1
ciInstanceKlass java/lang/invoke/MethodHandleNatives 1 1 685 100 1 10 7 12 1 1 1 9 7 12 1 1 1 10 12 1 1 100 1 10 10 12 1 1 10 12 1 10 12 1 8 1 8 1 8 1 8 1 8 1 8 1 8 1 8 1 8 1 8 1 10 12 1 1 7 1 10 7 12 1 1 1 10 7 12 1 1 1 7 1 10 10 12 1 1 8 1 10 12 1 8 1 10 12 1 1 8 1 10 12 1 1 9 7 12 1 1 1 8 1 10 100 12 1 1 1 7 1 10 12 100 1 100 1 8 1 7 1 10 10 12 1 7 1 9 7 12 1 1 10 12 1 1 10 12 1 10 7 12 1 1 1 10 12 1 1 9 12 1 8 1 10 12 1 1 10 12 1 8 1 10 12 1 1 7 1 10 12 1 10 7 12 1 1 1 10 12 1 10 12 1 1 10 12 1 1 8 1 10 12 1 1 8 1 10 12 1 8 1 8 1 8 1 7 1 10 12 1 8 1 10 7 12 1 1 1 10 12 1 1 10 7 12 1 1 10 10 12 1 1 10 12 1 10 100 12 1 1 1 100 1 8 1 10 100 12 1 1 1 7 1 8 1 10 12 1 8 1 8 1 8 1 8 1 8 1 10 12 1 1 10 12 1 1 10 12 1 10 12 1 1 10 12 1 1 7 1 10 12 1 7 1 7 1 10 12 1 10 12 1 8 1 8 1 10 10 12 1 1 10 12 1 1 8 1 10 7 12 1 1 8 1 8 1 10 12 1 1 10 7 12 1 1 1 100 1 10 12 1 1 7 1 9 12 1 1 10 7 12 1 1 1 10 10 12 1 9 12 1 10 12 1 9 12 1 9 12 1 10 12 1 1 10 12 1 10 12 1 1 7 1 7 1 10 12 1 1 10 12 1 10 12 1 1 10 7 12 1 1 1 10 12 1 8 1 10 12 1 10 12 1 10 12 1 1 10 12 1 10 7 12 1 1 1 10 12 1 1 100 1 8 1 10 9 7 12 1 1 1 10 12 1 1 10 12 1 1 7 1 10 12 1 1 10 12 1 1 100 1 100 1 10 10 100 1 100 1 10 100 1 10 10 12 1 1 10 7 1 10 12 1 10 12 1 1 10 12 1 1 10 12 1 1 10 12 1 10 12 1 1 10 8 1 10 12 1 10 12 1 10 12 1 10 12 1 10 12 1 1 10 12 1 10 12 1 10 12 1 10 10 7 12 1 1 10 12 1 1 1 1 1 1 1 1 1 1 1 1 1 7 1 1 1 1 1 1 1 1 1 1 1 1 1 1 1 1 1 1 1 1 1 1 1 1 1 1 1 1 1 1 1 1 1 1 1 1 1 1 1 1 1 1 1 1 1 1 1 1 1 1 1 1 1 1 1 1 1 1 1 1 1 1 1 100 1 1 1 1 1 1 1 1 1 1 1 1 1 1 1 1 1 1 1 1 1 1 1 1 1 1 1 1 1 1 1 1 1 100 1 1 1 1 1 1 1 1 1 1 1 1 1 1 1 1 1 1 1 1 1 1 1 1 1 1 1 1 1 1 1 1 100 1 1
staticfield java/lang/invoke/MethodHandleNatives $assertionsDisabled Z 1
ciInstanceKlass jdk/internal/foreign/abi/NativeEntryPoint 0 0 194 10 7 12 1 1 1 9 7 12 1 1 1 9 12 1 1 100 1 8 1 10 12 1 10 12 1 1 100 1 10 100 12 1 1 1 10 12 1 9 12 1 1 18 12 1 1 10 100 12 1 1 1 10 7 12 1 1 1 9 7 12 1 1 1 7 1 10 8 1 10 12 1 1 10 12 1 10 12 1 1 8 1 10 12 1 1 7 1 8 1 10 12 1 10 12 1 1 10 12 1 9 12 1 1 18 12 1 1 10 100 12 1 1 1 10 12 1 1 10 12 1 10 100 12 1 1 1 10 1 1 1 1 1 1 1 1 1 1 1 1 1 1 1 1 1 1 1 1 1 1 1 1 1 1 1 1 1 1 1 1 1 1 1 1 1 16 1 15 10 12 16 1 16 15 10 12 15 10 100 12 1 1 1 1 1 100 1 1 100 1 100 1 1
ciInstanceKlass jdk/internal/foreign/abi/ABIDescriptor 0 0 55 10 100 12 1 1 1 9 100 12 1 1 1 9 12 1 1 9 12 1 9 12 1 9 12 1 1 9 12 1 9 12 1 1 9 12 1 9 12 1 9 12 1 9 12 1 1 1 1 1 1 1 1 1 1
ciInstanceKlass jdk/internal/foreign/abi/VMStorage 0 0 91 10 7 12 1 1 1 9 7 12 1 1 1 9 12 1 1 9 12 1 1 9 12 1 1 7 1 10 8 1 10 12 1 1 10 12 1 10 12 1 1 10 12 1 18 12 1 18 12 1 1 18 12 1 1 1 1 1 1 1 1 1 1 1 1 1 1 1 1 1 1 1 8 1 15 15 15 15 15 10 100 12 1 1 1 1 100 1 100 1 1
ciInstanceKlass jdk/internal/foreign/abi/UpcallLinker$CallRegs 0 0 66 10 7 12 1 1 1 9 7 12 1 1 1 9 12 1 18 12 1 1 18 12 1 1 18 12 1 1 1 1 1 1 1 1 1 1 1 1 1 1 1 1 1 1 100 1 1 1 8 1 15 15 15 10 100 12 1 1 1 1 1 100 1 100 1 1
ciInstanceKlass java/lang/StackWalker 1 1 271 9 7 12 1 1 1 7 1 10 7 12 1 1 1 10 12 1 1 10 7 12 1 1 1 10 12 1 1 10 12 1 11 7 12 1 1 1 10 12 1 1 10 12 1 1 10 12 1 1 100 1 8 1 10 12 1 10 12 1 10 12 1 10 7 12 1 1 9 12 1 1 9 12 1 1 9 12 1 1 9 12 1 1 10 12 1 1 9 12 1 1 9 12 1 1 9 12 1 1 10 7 12 1 1 1 11 12 1 1 100 1 8 1 10 10 7 12 1 1 9 12 1 1 10 12 1 1 10 7 12 1 1 1 10 7 12 1 1 1 18 12 1 1 100 1 8 1 10 8 1 10 12 1 1 10 100 12 1 1 1 10 12 1 1 9 7 12 1 1 11 100 12 1 1 1 10 12 1 1 1 1 1 1 1 1 1 1 1 1 1 1 1 1 1 1 1 1 1 1 1 1 1 1 1 1 1 1 1 1 1 1 1 1 1 1 1 1 1 1 1 1 1 1 1 1 1 1 1 1 1 1 1 1 1 1 1 1 1 1 1 1 1 1 7 1 1 16 15 10 12 16 1 15 10 100 12 1 1 1 1 1 1 1 1 1 100 1 100 1 1
staticfield java/lang/StackWalker DEFAULT_EMPTY_OPTION Ljava/util/EnumSet; java/util/RegularEnumSet
staticfield java/lang/StackWalker DEFAULT_WALKER Ljava/lang/StackWalker; java/lang/StackWalker
ciInstanceKlass java/lang/StackWalker$StackFrame 1 1 41 100 1 10 12 1 1 100 1 100 1 1 1 1 1 1 1 1 1 1 1 1 1 1 1 1 1 1 1 1 1 1 1 1 1 1 1 100 1 1 1
instanceKlass java/lang/LiveStackFrameInfo
ciInstanceKlass java/lang/StackFrameInfo 1 1 142 10 7 12 1 1 1 9 7 12 1 1 1 9 7 1 9 12 1 1 11 7 12 1 1 1 9 12 1 1 11 12 1 1 10 12 1 1 10 7 12 1 1 1 10 12 1 11 12 1 11 12 1 1 11 12 1 10 12 1 1 9 12 1 1 10 12 1 1 10 7 12 1 1 10 12 1 1 11 12 1 1 9 12 1 1 10 7 1 10 12 1 9 12 1 1 10 12 1 1 100 1 8 1 10 12 1 10 7 12 1 1 1 7 1 1 1 1 1 1 1 1 1 1 1 1 1 1 1 1 1 1 7 1 1 7 1 1 1 1 1 1
staticfield java/lang/StackFrameInfo JLIA Ljdk/internal/access/JavaLangInvokeAccess; java/lang/invoke/MethodHandleImpl$1
ciInstanceKlass java/lang/LiveStackFrameInfo 0 0 97 10 7 12 1 1 1 9 7 12 1 1 1 9 12 1 9 12 1 9 12 1 9 12 1 1 7 1 10 12 1 1 10 12 1 8 1 10 12 1 1 8 1 8 1 8 1 10 100 1 10 12 1 100 1 10 12 1 7 1 7 1 1 1 3 1 3 1 1 1 1 1 1 1 1 1 1 1 1 1 1 1 1 1 1 1 1 1 1 1 1 1 1 1 100 1 1
ciInstanceKlass java/lang/LiveStackFrame 0 0 135 100 1 10 100 12 1 1 1 11 7 12 1 1 1 11 12 1 10 7 12 1 1 1 100 1 8 1 10 12 1 1 10 7 12 1 1 1 9 100 12 1 1 1 10 7 12 1 1 1 10 7 12 1 1 1 11 12 1 10 12 1 7 1 7 1 1 1 1 1 1 1 1 1 1 1 1 1 1 1 1 1 1 1 1 1 1 1 1 1 1 1 1 100 1 1 1 1 1 1 1 100 1 8 1 1 12 10 1 1 1 8 1 1 1 8 1 1 1 8 1 1 1 8 1 1 8 1 1 1 8 1 1 8 1
instanceKlass java/lang/StackStreamFactory$StackFrameTraverser
ciInstanceKlass java/lang/StackStreamFactory$AbstractStackWalker 1 1 375 7 1 7 1 3 10 7 12 1 1 1 10 7 12 1 1 10 7 12 1 1 1 9 12 1 1 10 12 1 1 9 12 1 1 9 12 1 1 9 12 1 1 9 12 1 10 7 12 1 1 1 10 12 1 1 10 7 12 1 1 9 12 1 1 9 12 1 1 10 12 1 1 9 7 12 1 1 1 10 12 1 1 10 12 1 9 12 1 1 10 7 12 1 1 1 10 12 1 1 9 12 1 1 9 7 12 1 1 1 7 1 10 8 1 10 12 1 1 10 12 1 8 1 10 12 1 1 10 100 12 1 1 1 100 1 8 1 10 12 1 8 1 10 12 10 7 12 1 1 9 12 1 8 1 5 0 8 1 8 1 9 12 1 1 10 12 1 1 18 12 1 1 10 7 12 1 1 1 10 12 1 1 10 12 1 10 12 1 9 12 1 10 12 1 10 12 1 10 12 1 10 12 1 10 12 1 10 12 1 1 8 1 10 12 1 10 12 1 10 12 1 10 12 1 1 8 1 10 12 1 1 10 12 1 1 10 12 1 1 10 12 1 10 12 1 10 7 12 1 1 1 10 12 1 10 12 1 9 12 1 8 1 10 12 1 10 12 1 10 12 1 1 10 12 1 10 12 1 10 12 1 1 10 12 1 10 12 1 10 12 1 10 12 1 10 12 1 10 12 1 1 10 12 1 1 10 12 1 8 1 1 1 1 1 1 1 1 1 1 1 1 1 7 1 1 1 1 1 1 1 7 1 1 1 1 7 1 1 1 1 1 1 1 1 1 1 1 1 1 1 1 1 1 1 1 16 15 15 10 100 12 1 1 1 1 1 1 1 1 100 1 100 1 1
ciInstanceKlass jdk/internal/module/Modules 1 1 504 10 7 12 1 1 1 9 7 12 1 1 1 11 7 12 1 1 1 11 12 1 1 11 12 1 1 11 12 1 1 11 12 1 11 12 1 11 12 1 11 12 1 11 12 1 1 10 7 12 1 1 1 10 100 12 1 1 1 18 12 1 1 10 7 12 1 1 1 7 1 10 7 12 1 1 1 10 100 12 1 1 1 10 100 12 1 1 10 12 1 1 11 12 1 9 12 1 1 11 7 12 1 1 1 10 12 1 1 10 10 12 1 10 9 12 1 1 10 100 12 1 1 10 12 1 1 10 100 12 1 1 100 1 11 100 12 1 1 1 10 100 12 1 1 1 11 100 12 1 1 10 12 1 1 10 100 12 1 1 10 100 12 1 1 1 10 12 1 1 10 12 1 1 11 12 1 1 18 12 1 1 11 100 12 1 1 10 100 12 1 1 1 11 100 12 1 1 1 7 1 11 12 1 1 11 7 12 1 1 1 11 12 1 1 10 12 1 1 10 100 12 1 1 18 12 1 1 11 12 1 1 18 12 1 1 11 12 1 1 10 12 1 18 18 10 12 1 1 9 12 1 1 11 7 12 1 1 1 100 1 10 11 12 1 11 12 1 1 11 12 1 1 10 100 1 10 12 1 1 10 100 12 1 1 10 12 1 1 11 12 10 12 1 1 7 1 10 18 12 1 10 12 1 1 7 1 8 1 10 12 1 10 100 12 1 1 18 12 1 11 11 12 10 12 1 10 10 100 1 18 12 1 10 10 10 7 12 1 1 10 7 12 1 1 1 10 12 1 1 1 1 1 1 1 1 1 1 1 1 1 1 1 1 1 1 1 1 1 1 1 1 1 1 1 1 1 1 1 1 1 100 1 1 1 1 1 1 1 1 1 1 1 1 1 1 1 1 1 1 1 1 1 1 1 1 1 1 1 1 1 1 1 1 1 1 1 7 1 1 1 1 1 1 1 1 1 1 1 1 1 1 1 1 1 1 1 1 1 1 1 16 15 10 12 1 16 16 15 10 12 1 16 1 16 1 15 10 12 1 16 1 16 1 15 10 12 16 1 15 10 16 1 15 10 12 16 1 15 10 12 16 15 10 12 16 15 10 12 15 10 100 12 1 1 1 1 1 1 100 1 100 1 1
staticfield jdk/internal/module/Modules JLA Ljdk/internal/access/JavaLangAccess; java/lang/System$2
staticfield jdk/internal/module/Modules JLMA Ljdk/internal/access/JavaLangModuleAccess; java/lang/module/ModuleDescriptor$1
staticfield jdk/internal/module/Modules $assertionsDisabled Z 1
ciInstanceKlass java/lang/invoke/Invokers$Holder 1 1 128 1 100 1 100 1 1 1 1 1 1 1 7 1 7 1 7 1 1 12 10 1 1 12 10 1 1 12 10 1 1 100 1 1 12 9 1 1 1 12 10 1 1 1 12 10 1 1 12 10 1 1 12 10 1 12 10 1 1 1 12 10 1 1 100 1 1 12 10 1 12 10 1 1 12 10 1 12 10 1 1 12 10 1 1 12 10 1 12 10 1 1 12 10 1 1 12 10 1 1 12 10 1 12 10 12 10 12 10 12 10 12 10 1 1 12 10 1 1 12 10 1 1 12 10 1 1 1
ciMethod java/lang/invoke/Invokers$Holder linkToTargetMethod (Ljava/lang/Object;)Ljava/lang/Object; 600 0 28915 0 -1
ciMethod java/lang/invoke/Invokers$Holder linkToTargetMethod (Ljava/lang/Object;Ljava/lang/Object;)Ljava/lang/Object; 560 0 21959 0 -1
ciMethod java/lang/invoke/Invokers$Holder linkToTargetMethod (Ljava/lang/Object;Ljava/lang/Object;Ljava/lang/Object;)Ljava/lang/Object; 514 0 13450 0 -1
ciInstanceKlass java/lang/invoke/DirectMethodHandle$Holder 1 1 548 1 100 1 100 1 1 1 1 1 1 1 7 1 1 12 10 1 12 10 1 7 1 7 1 1 12 10 1 1 1 1 12 10 1 1 12 10 1 1 12 10 1 1 12 10 1 1 12 10 1 1 12 10 1 1 12 10 1 1 12 10 1 1 12 10 1 1 12 10 1 1 12 10 1 1 12 10 1 1 12 10 1 1 12 10 1 1 12 10 1 1 12 10 1 1 12 10 1 1 12 10 1 1 12 10 1 1 12 10 1 1 12 10 1 1 12 10 1 1 12 10 1 1 12 10 1 1 12 10 1 1 12 10 1 1 12 10 1 1 12 10 1 1 12 10 1 1 12 10 1 1 12 10 1 1 12 10 1 1 12 10 1 1 12 10 1 1 12 10 1 1 12 10 1 1 12 10 1 1 12 10 1 1 12 10 1 1 12 10 1 1 12 10 1 1 12 10 1 1 12 10 1 1 12 10 1 1 12 10 1 1 12 10 1 1 12 10 1 1 12 10 1 1 12 10 1 1 12 10 1 1 12 10 12 10 12 10 1 1 12 10 12 10 1 1 12 10 1 1 12 10 12 10 12 10 12 10 1 1 12 10 12 10 1 1 12 10 12 10 1 1 12 10 1 1 12 10 12 10 12 10 12 10 12 10 1 1 12 10 1 1 12 10 1 1 12 10 1 1 12 10 1 1 12 10 1 1 12 10 1 1 12 10 1 1 12 10 1 1 12 10 1 1 12 10 1 1 12 10 1 1 12 10 1 1 12 10 1 1 12 10 12 10 12 10 12 10 1 12 10 1 1 12 10 1 1 12 10 1 1 1 1 12 10 12 10 1 1 12 10 1 12 10 12 10 1 1 12 10 1 12 10 12 10 1 1 1 12 10 1 12 10 1 7 1 1 12 9 1 7 1 12 10 1 12 10 1 1 1 12 10 1 12 10 1 1 12 10 1 12 10 1 1 1 12 10 1 12 10 1 1 12 10 1 12 10 1 1 12 10 1 12 10 1 1 12 10 1 12 10 1 1 12 10 1 12 10 1 1 12 10 1 12 10 1 1 12 10 1 12 10 1 1 12 10 1 12 10 1 1 1 12 10 1 12 10 1 1 1 12 10 1 12 10 1 1 1 1 12 10 1 12 10 1 1 1 12 10 1 12 10 1 1 1 1 1 12 10 1 12 10 1 1 1 12 10 1 12 10 1 1 1 12 10 1 12 10 1 1 12 10 1 12 10 1 1 1
ciMethod java/lang/invoke/DirectMethodHandle$Holder newInvokeSpecial (Ljava/lang/Object;Ljava/lang/Object;Ljava/lang/Object;)Ljava/lang/Object; 514 0 13421 0 -1
ciMethod java/lang/invoke/DirectMethodHandle$Holder newInvokeSpecial (Ljava/lang/Object;Ljava/lang/Object;)Ljava/lang/Object; 516 0 22636 0 -1
instanceKlass org/eclipse/sisu/bean/BeanScheduler$Pending
instanceKlass org/apache/maven/artifact/versioning/ComparableVersion$ListItem
ciInstanceKlass java/util/ArrayList 1 1 509 10 7 12 1 1 1 7 1 9 7 12 1 1 1 9 12 1 100 1 7 1 10 8 1 10 12 1 1 10 12 1 10 12 1 1 10 12 1 9 12 1 11 7 12 1 1 1 9 12 1 1 11 12 1 1 7 10 7 12 1 1 1 9 12 1 10 12 1 10 12 1 1 10 7 12 1 1 1 10 7 12 1 1 1 10 12 1 1 10 12 1 1 10 12 1 1 10 12 1 10 12 1 1 100 1 7 1 10 12 1 10 10 7 12 1 1 1 10 7 12 1 1 10 12 1 100 1 10 10 12 10 12 1 1 10 12 1 1 10 12 1 10 12 10 12 1 1 7 1 10 12 1 1 10 12 1 1 10 12 1 100 1 10 11 12 1 1 11 7 12 1 1 1 11 12 1 10 12 1 10 12 1 10 12 1 1 100 1 10 12 1 1 10 10 12 1 1 10 12 1 8 1 8 1 8 1 8 1 10 12 1 1 10 12 1 1 11 12 1 7 1 10 100 12 1 1 10 12 1 10 12 1 1 10 7 12 1 1 10 12 1 10 7 12 1 1 1 11 7 12 1 1 1 10 12 1 100 1 8 1 10 7 1 10 12 1 7 1 10 12 1 10 12 1 1 7 1 10 12 1 10 12 1 1 11 7 12 1 1 7 1 10 12 1 10 12 1 1 11 7 12 1 1 10 12 1 1 10 12 1 1 10 12 1 1 10 12 1 1 11 100 12 1 1 10 12 1 1 7 1 7 1 7 1 1 1 1 5 0 1 3 1 1 1 1 1 1 1 1 1 1 1 1 1 1 1 1 1 1 1 1 1 1 1 1 1 1 1 1 1 1 1 1 1 1 1 1 1 1 1 1 1 1 1 1 1 1 1 1 1 1 1 1 1 1 1 1 1 1 1 1 1 1 1 1 1 1 1 1 1 1 1 1 1 1 1 1 1 1 1 1 1 1 1 1 1 1 1 1 1 1 1 1 1 1 1 1 1 1 1 1 1 1 1 1 7 1 1 1 1 7 1 1 1 1 1 1 1 1 1 1 1 1 1 1 1 1 1 1 1 1 1 1 1 1 1 1 1 1 1 100 1 1 1 1 1 1 1 1 1 1 1 1 1 1 1 1 1 1 100 1 100 1 1 1 1 1 1
staticfield java/util/ArrayList EMPTY_ELEMENTDATA [Ljava/lang/Object; 0 [Ljava/lang/Object;
staticfield java/util/ArrayList DEFAULTCAPACITY_EMPTY_ELEMENTDATA [Ljava/lang/Object; 0 [Ljava/lang/Object;
ciInstanceKlass java/util/RandomAccess 1 0 7 100 1 100 1 1 1
ciMethod java/util/ArrayList size ()I 258 0 129 0 0
ciMethod java/util/ArrayList add (Ljava/lang/Object;)Z 518 0 21986 0 1360
ciMethod java/util/ArrayList get (I)Ljava/lang/Object; 520 0 35443 0 192
ciMethod java/util/ArrayList elementData (I)Ljava/lang/Object; 522 0 38410 0 136
ciMethod java/util/ArrayList <init> ()V 182 0 15907 0 112
ciMethod java/util/ArrayList <init> (I)V 514 0 5421 0 -1
ciMethod java/util/ArrayList add (Ljava/lang/Object;[Ljava/lang/Object;I)V 518 0 21987 0 0
ciMethod java/util/ArrayList grow ()[Ljava/lang/Object; 160 0 6880 0 0
ciMethod java/util/ArrayList grow (I)[Ljava/lang/Object; 184 0 5579 0 1152
instanceKlass java/nio/MappedByteBuffer
instanceKlass java/nio/HeapByteBuffer
ciInstanceKlass java/nio/ByteBuffer 1 1 446 10 7 12 1 1 1 9 7 12 1 1 1 10 7 12 1 1 1 9 12 1 1 9 12 1 9 12 1 1 9 12 1 1 10 12 1 10 12 1 7 1 10 12 1 10 12 1 1 7 1 10 12 1 10 12 1 100 1 100 1 10 12 1 10 12 1 1 10 7 12 1 1 1 10 12 1 1 10 12 1 100 1 10 10 12 1 1 10 12 1 10 12 1 10 12 100 1 5 0 9 12 1 1 9 12 1 9 12 1 1 10 12 1 1 10 12 1 1 10 7 12 1 1 1 10 7 12 1 1 1 10 12 1 10 12 1 1 10 12 1 1 100 1 10 100 1 10 10 12 1 1 9 12 1 10 12 1 100 1 10 10 12 1 10 12 1 10 12 10 12 1 9 12 100 1 10 10 12 1 10 12 10 12 1 1 10 12 1 10 12 1 10 12 1 10 12 1 7 1 10 10 7 12 1 1 1 10 7 12 1 1 1 10 12 1 1 8 1 10 12 1 8 1 8 1 10 12 1 8 1 10 12 1 10 100 12 1 1 1 10 100 12 1 1 1 10 12 1 1 10 7 1 9 12 1 8 1 10 12 1 8 1 8 1 10 10 12 1 10 12 1 1 10 12 1 1 10 12 10 12 1 1 10 12 10 12 10 12 10 12 10 12 10 12 10 12 1 1 10 12 1 9 12 1 1 7 10 7 12 1 1 1 7 1 1 1 1 1 1 1 1 1 1 1 1 100 1 1 1 1 1 1 1 1 1 1 1 1 1 1 1 1 1 1 1 1 1 7 1 1 1 1 1 1 1 1 1 1 1 1 1 1 1 1 1 1 1 1 1 1 1 1 1 1 1 1 1 1 1 1 1 1 1 1 1 1 1 1 1 1 1 1 1 1 1 1 1 1 1 1 1 1 1 1 1 1 1 1 1 1 1 1 1 1 1 1 1 1 1 1 1 1 1 1 1 1 1 1 1 1 1 1 1 1 1 1 1 1 1 1 1 1 1 100 1
staticfield java/nio/ByteBuffer ARRAY_BASE_OFFSET J 16
staticfield java/nio/ByteBuffer $assertionsDisabled Z 1
ciMethod java/nio/ByteBuffer get ()B 0 0 1 0 -1
ciMethod java/nio/ByteBuffer getShort ()S 0 0 1 0 -1
ciMethod java/nio/ByteBuffer wrap ([B)Ljava/nio/ByteBuffer; 512 0 987 0 -1
ciInstanceKlass java/util/Comparator 1 1 288 10 7 12 1 1 1 10 7 12 1 1 1 18 12 1 1 7 1 7 1 11 12 1 1 11 12 1 11 12 1 11 12 1 1 11 12 1 1 11 12 1 1 10 12 1 9 7 12 1 1 1 100 1 10 12 1 1 18 12 1 18 12 18 12 18 12 18 12 10 100 12 1 1 1 10 7 12 1 1 1 8 1 10 12 1 1 8 1 8 1 8 1 8 1 8 1 10 12 1 10 12 1 8 10 7 1 10 12 1 8 10 12 1 8 1 10 12 1 10 12 1 8 1 10 12 1 1 100 1 8 1 7 1 8 1 8 1 7 1 8 1 8 1 100 1 100 1 8 1 10 12 1 11 12 1 1 10 7 12 1 1 11 12 1 1 10 7 12 1 1 11 12 1 1 10 7 12 1 1 11 12 1 7 1 11 12 1 11 12 1 1 1 1 1 1 1 1 1 1 1 1 1 1 1 1 1 1 1 1 1 1 1 1 1 1 1 1 1 1 1 1 1 1 1 1 1 1 1 1 1 1 1 1 1 1 1 1 1 1 1 1 1 1 1 1 1 1 1 1 16 15 11 12 3 3 15 11 12 15 11 12 15 11 12 15 11 12 15 11 12 15 10 7 12 1 1 1 1 100 1 1 1 100 1 100 1 1
ciMethod java/util/Comparator comparing (Ljava/util/function/Function;)Ljava/util/Comparator; 542 0 9655 0 0
ciMethod java/util/Comparator comparing (Ljava/util/function/Function;Ljava/util/Comparator;)Ljava/util/Comparator; 632 0 6050 0 0
ciMethod java/util/Comparator thenComparing (Ljava/util/function/Function;Ljava/util/Comparator;)Ljava/util/Comparator; 686 0 5769 0 0
ciMethod java/util/Comparator thenComparing (Ljava/util/Comparator;)Ljava/util/Comparator; 600 0 6053 0 0
ciInstanceKlass java/util/stream/Stream 1 1 446 10 7 12 1 1 1 18 12 1 1 11 7 12 1 1 1 18 11 12 1 1 18 11 12 1 1 18 11 12 1 1 100 1 11 12 1 1 10 12 1 1 11 12 1 1 10 7 12 1 1 1 18 12 1 1 11 12 1 1 100 1 10 7 1 11 12 1 1 10 7 12 1 1 1 10 12 1 10 100 12 1 1 1 7 1 10 12 1 10 7 12 1 1 10 12 1 11 12 1 1 10 12 1 100 1 7 1 5 0 100 1 10 12 1 100 1 10 12 1 100 1 10 12 1 7 1 10 12 1 10 7 12 1 1 1 100 1 10 11 100 12 1 1 1 10 12 1 10 12 1 1 100 1 10 10 12 1 10 12 1 1 100 1 10 10 12 1 10 12 1 1 100 1 10 10 7 1 7 1 1 1 1 1 1 1 1 1 1 1 1 1 1 1 1 1 1 1 1 1 1 1 1 1 1 1 1 1 1 1 1 1 1 1 1 1 1 1 1 1 1 1 1 1 1 1 1 1 1 1 1 1 1 1 1 1 1 1 1 1 1 1 1 1 1 1 1 1 1 1 1 1 1 1 1 1 1 1 1 1 1 1 1 1 1 1 1 1 1 1 1 1 1 1 1 1 1 1 1 1 1 1 1 1 1 1 1 1 1 1 1 1 1 1 1 1 1 1 1 1 1 1 1 1 1 1 1 1 1 1 1 1 1 1 1 1 1 1 1 1 1 1 1 1 1 1 1 1 1 1 1 1 1 1 1 1 1 1 1 1 100 1 1 16 15 11 12 16 15 11 12 16 1 15 11 12 16 1 15 11 12 16 1 16 15 11 12 1 15 10 100 12 1 1 1 1 100 1 100 1 1 100 1 1 1 1 1 100 1 100 1 1 100 1 1 1 100 1 1 100 1 1 100 1 1 100 1 100 1 1 1 100 1 8 1 1 12 10 1 1 1 8 1 1 1 8 1 1 1 8 1 1 1 8 1 1 1 8 1 1 8 1 1 1 8 1
ciInstanceKlass java/util/stream/BaseStream 1 0 29 100 1 100 1 100 1 1 1 1 1 1 1 1 1 1 1 1 1 1 1 1 1 1 1 1 1 1 1
ciMethod java/util/stream/Stream toArray (Ljava/util/function/IntFunction;)[Ljava/lang/Object; 0 0 1 0 -1
ciMethod java/util/stream/Stream sorted (Ljava/util/Comparator;)Ljava/util/stream/Stream; 0 0 1 0 -1
ciInstanceKlass java/util/function/Consumer 1 1 59 10 100 12 1 1 1 18 12 1 1 11 7 12 1 1 7 1 1 1 1 1 1 1 1 1 1 1 1 1 1 1 1 1 1 1 1 1 1 1 1 1 16 15 11 12 15 10 100 12 1 1 1 1 100 1 100 1 1
ciInstanceKlass java/util/function/Function 1 1 77 10 7 12 1 1 1 18 12 1 1 18 18 12 1 11 7 12 1 7 1 1 1 1 1 1 1 1 1 1 1 1 1 1 1 1 1 1 1 1 1 1 1 1 1 1 1 1 1 1 1 1 1 1 16 15 11 12 15 11 12 15 11 12 15 10 7 12 1 1 1 1 100 1 100 1 1
ciInstanceKlass java/util/Spliterator 1 1 85 11 7 12 1 1 1 11 12 1 1 5 0 11 12 1 1 100 1 10 12 1 1 100 1 1 1 1 3 1 3 1 3 1 3 1 3 1 3 1 3 1 3 1 1 1 1 1 1 1 1 1 1 1 1 1 1 1 1 1 1 1 1 1 1 1 1 1 1 1 1 1 100 1 100 1 100 1 100 1 1 1 1 1 1
ciMethod java/util/Spliterator forEachRemaining (Ljava/util/function/Consumer;)V 2 0 1 0 -1
ciMethod java/util/Spliterator characteristics ()I 0 0 1 0 -1
ciMethod java/util/Spliterator estimateSize ()J 0 0 1 0 -1
ciMethod java/util/Spliterator getExactSizeIfKnown ()J 512 0 5381 0 152
ciMethod java/util/Spliterator hasCharacteristics (I)Z 0 0 1 0 -1
ciMethod java/util/Spliterator getComparator ()Ljava/util/Comparator; 0 0 1 0 -1
ciInstanceKlass java/util/stream/StreamSupport 1 1 107 10 100 12 1 1 1 10 7 12 1 1 1 7 1 10 7 12 1 1 1 10 12 1 10 12 1 10 12 1 7 1 10 10 100 1 10 10 100 1 10 10 100 1 1 1 1 1 1 1 1 1 1 1 1 1 1 1 1 1 1 1 1 1 1 1 1 1 1 1 1 1 1 1 1 1 1 1 1 1 1 1 1 1 1 1 1 100 1 1 100 1 100 1 100 1 100 1 100 1 1 100 1 1 100 1 1
ciInstanceKlass java/util/stream/ReferencePipeline$Head 1 1 80 10 7 12 1 1 1 10 12 1 100 1 10 12 1 10 7 12 1 1 1 10 12 1 1 11 7 12 1 1 1 10 12 1 10 12 1 10 12 1 1 1 1 1 1 1 1 1 1 1 1 1 1 1 1 1 1 1 1 1 1 1 1 1 1 1 1 1 1 1 1 1 1 1 1 1 1 1 1 1
instanceKlass java/util/stream/AbstractPipeline
ciInstanceKlass java/util/stream/PipelineHelper 1 1 54 10 7 12 1 1 1 100 1 1 1 1 1 1 1 1 1 1 1 1 1 1 1 1 1 1 1 1 1 1 1 1 1 1 1 1 1 1 1 1 1 1 1 1 1 1 1 1 1 100 1 100 1 1
instanceKlass java/util/stream/LongPipeline
instanceKlass java/util/stream/IntPipeline
instanceKlass java/util/stream/ReferencePipeline
ciInstanceKlass java/util/stream/AbstractPipeline 1 1 423 10 7 12 1 1 1 9 7 12 1 1 1 9 12 1 1 9 12 1 9 7 12 1 1 1 9 12 1 9 12 1 9 12 1 9 12 1 9 12 1 1 9 12 1 1 9 12 1 100 1 8 1 10 12 1 9 12 1 9 12 1 10 12 1 1 10 12 1 1 9 12 1 9 12 1 10 12 1 1 11 7 12 1 1 100 1 10 10 12 1 11 12 1 1 10 12 1 11 12 1 1 11 12 1 10 12 1 1 10 12 1 1 10 11 100 12 1 1 1 7 1 8 1 9 12 1 1 11 7 12 1 1 10 7 12 1 1 1 10 100 12 1 1 1 10 12 1 1 18 12 1 10 12 1 1 10 12 1 1 9 12 1 1 10 12 1 1 9 12 1 10 12 1 1 11 12 1 9 12 1 9 12 1 10 12 1 9 12 1 11 12 1 1 5 0 9 12 1 10 12 1 1 7 1 10 12 1 1 10 12 1 1 11 12 1 1 11 12 1 1 11 12 1 10 12 1 1 10 12 1 1 9 12 1 10 12 1 1 18 12 1 10 12 1 1 10 12 1 1 10 12 1 1 10 12 1 1 7 1 11 12 1 1 100 1 8 1 10 18 12 1 1 11 100 12 1 1 1 7 1 10 7 12 1 1 7 1 1 1 1 1 1 1 1 1 1 1 1 1 1 1 1 1 1 1 1 1 1 1 1 1 1 1 1 1 1 1 1 1 1 1 1 1 1 1 1 1 1 1 1 1 1 1 1 1 1 1 1 1 1 1 1 1 1 1 1 1 1 1 1 1 1 1 1 1 1 1 1 1 1 1 1 1 1 1 1 1 1 1 1 1 1 1 1 1 1 1 1 1 1 1 1 1 1 1 1 1 1 1 1 1 1 1 1 16 15 10 12 16 15 10 12 16 1 15 10 12 16 15 10 7 12 1 1 1 1 1 100 1 100 1 1
staticfield java/util/stream/AbstractPipeline $assertionsDisabled Z 1
instanceKlass java/util/stream/ReferencePipeline$StatefulOp
instanceKlass java/util/stream/ReferencePipeline$StatelessOp
instanceKlass java/util/stream/ReferencePipeline$Head
ciInstanceKlass java/util/stream/ReferencePipeline 1 1 640 10 7 12 1 1 1 10 12 1 10 12 1 9 7 12 1 1 1 10 7 12 1 1 1 7 1 10 12 1 100 1 10 12 1 11 7 12 1 1 1 11 7 12 1 1 1 10 12 1 1 10 7 12 1 1 1 10 7 12 1 1 1 10 12 1 100 1 9 7 12 1 1 1 10 12 1 10 7 12 1 1 1 7 1 9 12 1 10 12 1 7 1 9 12 1 9 12 1 10 12 1 100 1 10 12 1 7 1 10 12 1 100 1 10 12 1 7 1 10 100 1 10 100 1 10 100 1 10 100 1 10 12 1 100 1 10 100 1 10 100 1 10 100 1 10 12 1 10 100 12 1 1 1 10 7 12 1 1 10 12 1 100 1 10 7 12 1 1 1 10 12 1 10 100 12 1 1 5 0 10 100 12 1 1 1 10 12 1 10 7 12 1 1 10 12 1 1 10 12 1 1 10 12 1 1 11 7 12 1 1 1 18 12 1 1 10 12 1 10 7 12 1 1 1 10 12 1 11 7 12 1 1 1 9 7 12 1 1 1 10 7 12 1 1 7 1 10 12 1 9 12 1 9 12 1 10 7 12 1 1 7 1 10 7 12 1 1 10 12 1 10 12 1 11 7 12 1 1 1 9 7 12 1 1 1 11 7 12 1 1 1 9 12 1 11 12 1 1 11 100 12 1 1 1 11 12 1 1 18 12 1 1 10 12 1 1 10 12 1 9 12 1 11 12 1 1 11 7 12 1 10 12 1 11 7 12 1 1 1 10 12 1 1 11 12 1 10 12 1 1 10 12 1 1 10 12 1 1 11 100 12 1 1 7 1 7 1 1 1 1 1 1 1 1 1 1 1 1 1 1 1 1 1 1 1 1 1 1 1 1 1 1 1 1 1 1 1 1 1 1 1 1 1 1 1 1 1 1 1 1 1 1 1 1 1 1 1 1 1 1 1 1 1 1 1 1 1 1 1 1 1 1 1 1 1 1 1 1 1 1 1 1 1 1 1 1 1 1 1 1 1 1 1 1 1 1 1 1 1 1 1 1 1 1 1 1 1 1 1 1 1 1 1 1 1 1 1 1 1 1 1 1 1 1 1 1 1 1 1 1 1 1 1 1 1 1 1 1 1 1 1 1 1 1 1 1 1 1 1 1 1 1 1 1 1 1 1 1 1 1 1 1 1 1 1 1 1 1 1 1 1 1 1 1 1 1 1 1 1 1 1 1 1 1 1 1 1 1 1 1 1 1 1 1 1 1 1 1 1 1 1 1 1 1 1 1 1 1 100 1 100 1 100 1 100 1 100 1 100 1 100 1 100 1 100 1 100 1 100 1 100 1 100 1 100 1 100 1 100 1 100 1 1 16 1 15 10 12 16 16 1 15 10 12 15 10 7 12 1 1 1 1 100 1 1 1 100 1 1 1 1 1 1 1 100 1 100 1 1
ciMethod java/util/stream/AbstractPipeline evaluate (Ljava/util/Spliterator;ZLjava/util/function/IntFunction;)Ljava/util/stream/Node; 512 0 4488 0 0
ciMethod java/util/stream/AbstractPipeline getStreamAndOpFlags ()I 274 0 137 0 0
ciMethod java/util/stream/AbstractPipeline wrapSink (Ljava/util/stream/Sink;)Ljava/util/stream/Sink; 512 774 6954 0 0
ciMethod java/util/stream/AbstractPipeline copyInto (Ljava/util/stream/Sink;Ljava/util/Spliterator;)V 512 0 6801 0 0
ciMethod java/util/stream/AbstractPipeline copyIntoWithCancel (Ljava/util/stream/Sink;Ljava/util/Spliterator;)Z 300 314 608 0 0
ciMethod java/util/stream/AbstractPipeline exactOutputSizeIfKnown (Ljava/util/Spliterator;)J 528 0 4497 0 0
ciMethod java/util/stream/ReferencePipeline makeNodeBuilder (JLjava/util/function/IntFunction;)Ljava/util/stream/Node$Builder; 512 0 4488 0 0
ciMethod java/util/stream/AbstractPipeline wrapAndCopyInto (Ljava/util/stream/Sink;Ljava/util/Spliterator;)Ljava/util/stream/Sink; 512 0 6801 0 0
ciMethod java/util/stream/AbstractPipeline opEvaluateParallel (Ljava/util/stream/PipelineHelper;Ljava/util/Spliterator;Ljava/util/function/IntFunction;)Ljava/util/stream/Node; 0 0 1 0 -1
ciMethod java/util/stream/AbstractPipeline opEvaluateParallelLazy (Ljava/util/stream/PipelineHelper;Ljava/util/Spliterator;)Ljava/util/Spliterator; 0 0 1 0 -1
ciMethod java/util/stream/AbstractPipeline exactOutputSize (J)J 0 0 1 0 -1
ciMethod java/util/stream/AbstractPipeline isParallel ()Z 516 0 19418 0 0
ciMethod java/util/stream/ReferencePipeline toArray (Ljava/util/function/IntFunction;)[Ljava/lang/Object; 512 0 4480 0 0
ciMethod java/util/stream/ReferencePipeline sorted (Ljava/util/Comparator;)Ljava/util/stream/Stream; 774 0 4149 0 0
ciInstanceKlass java/util/stream/StreamOpFlag 1 1 262 7 1 9 12 1 1 9 12 1 9 12 1 9 12 1 9 12 1 9 12 1 9 12 1 1 10 7 12 1 1 10 7 12 1 1 1 7 1 7 1 7 1 10 12 1 1 10 12 1 10 12 1 1 10 12 1 10 12 1 1 9 12 1 1 9 12 1 1 9 12 9 12 1 9 12 1 9 12 1 1 11 7 12 1 1 1 7 1 10 12 1 1 10 12 1 1 9 12 1 9 12 1 9 12 1 10 12 1 1 9 12 1 11 7 12 1 1 11 12 1 1 8 9 12 1 10 9 12 1 10 12 1 10 12 1 8 8 9 12 1 10 12 9 12 1 8 8 8 10 12 1 10 12 1 1 9 12 1 9 12 1 9 12 1 9 12 1 10 12 1 9 12 1 9 12 1 9 12 1 9 12 1 9 12 1 9 12 1 9 12 1 9 12 1 9 12 1 9 12 1 9 12 1 1 1 3 1 3 1 3 1 1 1 1 1 1 1 1 1 1 1 1 1 1 1 1 1 1 1 1 1 1 1 1 1 1 1 1 1 1 1 1 1 1 1 1 1 1 1 1 1 1 1 1 1 1 1 1 1 1 1
staticfield java/util/stream/StreamOpFlag DISTINCT Ljava/util/stream/StreamOpFlag; java/util/stream/StreamOpFlag
staticfield java/util/stream/StreamOpFlag SORTED Ljava/util/stream/StreamOpFlag; java/util/stream/StreamOpFlag
staticfield java/util/stream/StreamOpFlag ORDERED Ljava/util/stream/StreamOpFlag; java/util/stream/StreamOpFlag
staticfield java/util/stream/StreamOpFlag SIZED Ljava/util/stream/StreamOpFlag; java/util/stream/StreamOpFlag
staticfield java/util/stream/StreamOpFlag SHORT_CIRCUIT Ljava/util/stream/StreamOpFlag; java/util/stream/StreamOpFlag
staticfield java/util/stream/StreamOpFlag SIZE_ADJUSTING Ljava/util/stream/StreamOpFlag; java/util/stream/StreamOpFlag
staticfield java/util/stream/StreamOpFlag SPLITERATOR_CHARACTERISTICS_MASK I 85
staticfield java/util/stream/StreamOpFlag STREAM_MASK I 85
staticfield java/util/stream/StreamOpFlag OP_MASK I 83886271
staticfield java/util/stream/StreamOpFlag TERMINAL_OP_MASK I 16777248
staticfield java/util/stream/StreamOpFlag UPSTREAM_TERMINAL_OP_MASK I 32
staticfield java/util/stream/StreamOpFlag FLAG_MASK I 251658495
staticfield java/util/stream/StreamOpFlag FLAG_MASK_IS I 85
staticfield java/util/stream/StreamOpFlag FLAG_MASK_NOT I 170
staticfield java/util/stream/StreamOpFlag INITIAL_OPS_VALUE I 255
staticfield java/util/stream/StreamOpFlag IS_DISTINCT I 1
staticfield java/util/stream/StreamOpFlag NOT_DISTINCT I 2
staticfield java/util/stream/StreamOpFlag IS_SORTED I 4
staticfield java/util/stream/StreamOpFlag NOT_SORTED I 8
staticfield java/util/stream/StreamOpFlag IS_ORDERED I 16
staticfield java/util/stream/StreamOpFlag NOT_ORDERED I 32
staticfield java/util/stream/StreamOpFlag IS_SIZED I 64
staticfield java/util/stream/StreamOpFlag NOT_SIZED I 128
staticfield java/util/stream/StreamOpFlag IS_SHORT_CIRCUIT I 16777216
staticfield java/util/stream/StreamOpFlag IS_SIZE_ADJUSTING I 67108864
staticfield java/util/stream/StreamOpFlag $VALUES [Ljava/util/stream/StreamOpFlag; 6 [Ljava/util/stream/StreamOpFlag;
ciMethod java/util/stream/StreamSupport stream (Ljava/util/Spliterator;Z)Ljava/util/stream/Stream; 512 0 6956 0 0
ciInstanceKlass java/util/Spliterators 1 1 303 10 7 12 1 1 1 9 7 12 1 1 1 9 12 1 1 9 12 1 1 9 12 1 1 7 1 10 7 12 1 1 1 7 1 10 12 1 10 12 1 1 10 12 1 100 1 100 1 10 12 1 10 12 1 100 1 100 1 10 12 1 10 12 1 100 1 100 1 10 12 1 10 12 1 100 1 7 1 10 8 1 10 12 1 1 10 12 1 8 1 8 1 10 12 1 1 10 12 1 10 12 1 7 1 7 1 10 12 1 7 1 10 12 1 10 12 1 100 1 100 1 10 12 1 10 12 1 100 1 100 1 10 12 1 10 12 1 100 1 100 1 10 12 1 10 12 1 7 1 10 12 1 100 1 10 12 1 100 1 10 12 1 100 1 10 12 1 7 1 10 7 1 10 7 1 10 7 1 10 1 1 1 1 1 1 1 1 1 1 1 1 1 1 1 1 1 1 1 1 1 1 1 1 1 1 1 1 1 1 1 1 1 1 1 1 1 1 1 1 1 1 1 1 1 1 1 1 1 1 1 1 1 1 1 1 1 1 1 1 1 1 1 1 1 1 1 1 1 1 1 1 100 1 100 1 100 1 100 1 100 1 100 1 100 1 100 1 100 1 1 100 1 100 1 1 100 1 1 100 1 1 1 1 1 1 1 1 100 1 1 1 1 1 1 1 1 1 1 1 1 1 1
staticfield java/util/Spliterators EMPTY_SPLITERATOR Ljava/util/Spliterator; java/util/Spliterators$EmptySpliterator$OfRef
staticfield java/util/Spliterators EMPTY_INT_SPLITERATOR Ljava/util/Spliterator$OfInt; java/util/Spliterators$EmptySpliterator$OfInt
staticfield java/util/Spliterators EMPTY_LONG_SPLITERATOR Ljava/util/Spliterator$OfLong; java/util/Spliterators$EmptySpliterator$OfLong
staticfield java/util/Spliterators EMPTY_DOUBLE_SPLITERATOR Ljava/util/Spliterator$OfDouble; java/util/Spliterators$EmptySpliterator$OfDouble
ciInstanceKlass java/util/Spliterators$ArraySpliterator 1 1 101 10 7 12 1 1 1 10 7 12 1 1 9 12 1 1 9 12 1 1 9 12 1 100 1 9 12 1 5 0 9 12 1 1 10 12 1 100 1 10 11 7 12 1 1 1 10 12 1 1 100 1 10 1 1 1 1 1 1 1 1 1 1 1 1 1 1 1 1 1 1 1 1 1 1 1 1 1 1 100 1 1 1 1 1 1 1 1 1 1 1 1 1 1 1 1 1 100 1 1 1
ciMethod java/util/Spliterators$ArraySpliterator characteristics ()I 256 0 128 0 0
ciMethod java/util/Spliterators$ArraySpliterator estimateSize ()J 514 0 5384 0 136
ciInstanceKlass java/util/Spliterators$EmptySpliterator$OfRef 1 1 39 10 7 12 1 1 1 10 12 1 1 10 12 1 1 100 1 100 1 1 1 1 1 1 1 1 1 1 1 1 1 1 1 1 100 1 1 1 1
ciMethod java/util/Spliterators spliterator ([Ljava/lang/Object;III)Ljava/util/Spliterator; 530 0 5117 0 0
ciMethod java/util/Spliterators checkFromToBounds (III)V 532 0 5117 0 0
ciInstanceKlass jdk/internal/reflect/ReflectionFactory 1 1 622 7 1 10 7 12 1 1 1 10 7 12 1 1 1 9 12 1 1 10 7 12 1 1 1 9 100 12 1 1 1 10 7 12 1 1 1 9 12 1 1 11 7 12 1 1 1 7 1 10 12 1 1 10 7 12 1 1 1 11 12 1 1 10 12 1 1 10 7 12 1 1 1 10 100 12 1 1 7 1 10 12 1 10 12 1 1 10 12 1 10 12 1 1 10 7 12 1 1 10 12 1 1 100 1 10 12 1 10 12 1 1 7 1 10 10 12 1 1 10 12 1 1 10 12 1 10 10 12 1 1 7 1 10 7 1 10 10 12 1 100 1 10 12 1 8 1 10 12 1 1 7 1 10 100 12 1 1 1 100 1 10 12 1 10 10 10 12 1 1 7 1 10 10 12 1 11 12 1 1 11 12 1 1 11 12 1 1 11 12 1 1 11 12 1 11 12 1 1 11 12 1 1 11 12 1 1 11 12 1 1 11 12 1 1 100 1 10 12 1 1 10 12 1 1 10 12 1 1 100 1 10 12 1 10 12 1 9 12 1 1 7 1 100 1 10 10 12 1 10 12 1 1 10 12 1 10 12 1 10 12 1 10 12 1 10 12 1 1 10 12 1 11 12 1 1 11 12 1 1 11 12 1 1 11 12 1 10 10 8 1 100 1 10 12 1 1 8 1 8 1 100 1 10 12 1 1 9 100 12 1 1 1 10 12 1 10 12 1 10 10 100 12 1 1 1 10 100 12 1 1 1 100 1 7 1 8 1 10 12 1 8 1 10 12 1 1 8 1 10 12 1 10 12 1 9 12 1 1 100 1 8 1 7 1 10 8 1 10 12 1 1 10 12 1 10 12 1 10 12 1 1 7 1 10 12 1 100 1 8 1 100 1 9 8 1 10 12 1 1 9 7 12 1 1 1 9 12 9 12 1 9 12 1 9 12 9 12 1 10 7 12 1 1 9 12 1 10 12 1 10 7 12 1 1 1 8 1 10 7 12 1 1 1 8 1 10 7 12 1 1 1 8 1 10 7 12 1 1 1 100 1 7 1 8 1 10 8 1 8 1 8 1 8 1 8 1 8 1 10 12 1 10 12 1 10 12 1 1 10 12 1 10 12 1 10 1 1 3 1 3 1 3 1 1 1 1 1 1 1 1 1 1 1 1 1 1 1 1 1 1 1 1 1 1 1 1 1 1 1 1 1 1 1 1 1 1 1 1 1 1 1 1 1 1 1 1 1 1 1 1 1 1 1 1 1 1 1 1 100 1 1 1 1 1 1 1 1 1 1 1 1 100 1 1 1 1 1 1 1 1 1 1 1 1 1 1 1 1 1 1 1 1 1 1 1 1 7 1 1 1 1 1 1 1 1 1 1 1 1 1 1 1 1 1 1 100 1 1 1 1 1
staticfield jdk/internal/reflect/ReflectionFactory soleInstance Ljdk/internal/reflect/ReflectionFactory; jdk/internal/reflect/ReflectionFactory
staticfield jdk/internal/reflect/ReflectionFactory DEFAULT_CONFIG Ljdk/internal/reflect/ReflectionFactory$Config; jdk/internal/reflect/ReflectionFactory$Config
staticfield jdk/internal/reflect/ReflectionFactory $assertionsDisabled Z 1
ciMethod jdk/internal/reflect/ReflectionFactory copyMethod (Ljava/lang/reflect/Method;)Ljava/lang/reflect/Method; 534 0 19056 0 0
ciMethod jdk/internal/reflect/ReflectionFactory copyField (Ljava/lang/reflect/Field;)Ljava/lang/reflect/Field; 682 0 7151 0 0
ciInstanceKlass java/security/PrivilegedAction 1 0 14 100 1 100 1 1 1 1 1 1 1 1 1 1
ciInstanceKlass java/lang/Class$ReflectionData 1 1 55 10 7 12 1 1 1 9 7 12 1 1 1 7 1 10 9 12 1 1 1 1 1 1 1 1 1 1 1 1 1 1 1 1 1 1 1 1 1 1 1 1 1 1 1 1 1 1 1 1 1 100 1 1 1
staticfield java/lang/Class$ReflectionData NULL_SENTINEL Ljava/lang/String; ""
ciMethod java/lang/Class$ReflectionData <init> (I)V 432 0 1164 0 -1
ciInstanceKlass java/lang/Class$Atomic 1 1 84 10 7 12 1 1 1 9 7 12 1 1 1 9 12 1 1 10 7 12 1 1 1 9 12 1 9 12 1 10 12 1 1 7 1 8 1 10 12 1 1 8 1 8 1 1 1 1 1 1 1 1 1 1 1 1 1 1 1 1 1 1 1 1 1 1 1 1 1 1 1 1 1 1 1 1 1 1 100 1 1 100 1 1
staticfield java/lang/Class$Atomic unsafe Ljdk/internal/misc/Unsafe; jdk/internal/misc/Unsafe
staticfield java/lang/Class$Atomic reflectionDataOffset J 68
staticfield java/lang/Class$Atomic annotationTypeOffset J 88
staticfield java/lang/Class$Atomic annotationDataOffset J 84
ciMethod java/lang/Class$Atomic casReflectionData (Ljava/lang/Class;Ljava/lang/ref/SoftReference;Ljava/lang/ref/SoftReference;)Z 432 0 1164 0 -1
ciInstanceKlass jdk/internal/reflect/ReflectionFactory$GetReflectionFactoryAction 1 1 33 10 7 12 1 1 1 10 7 12 1 1 1 10 7 12 1 1 100 1 1 1 1 1 1 1 1 1 1 1 1 1 1
ciMethod jdk/internal/reflect/ReflectionFactory$GetReflectionFactoryAction <init> ()V 6 0 4 0 -1
ciInstanceKlass java/lang/annotation/Annotation 1 0 17 100 1 100 1 1 1 1 1 1 1 1 1 1 1 1 1
ciMethod java/lang/annotation/Annotation annotationType ()Ljava/lang/Class; 0 0 1 0 -1
ciInstanceKlass sun/reflect/annotation/AnnotationParser 1 1 685 10 7 12 1 1 1 10 7 12 1 1 1 10 7 12 1 1 1 100 1 100 1 8 1 10 12 1 100 1 10 12 1 7 1 10 10 7 12 1 1 1 10 12 1 1 3 10 12 1 1 11 7 12 1 1 1 10 7 12 1 1 1 10 12 1 1 9 7 12 1 1 1 11 7 12 1 1 1 7 1 10 8 1 10 12 1 1 10 12 1 8 1 10 12 1 1 10 12 1 1 8 1 10 12 1 1 7 1 7 1 10 12 1 10 12 1 1 11 7 12 1 1 1 9 12 1 11 12 1 1 8 1 10 7 12 1 1 1 10 12 1 1 7 1 100 1 10 12 1 10 12 1 1 10 12 1 1 10 12 1 10 12 1 10 12 1 11 12 1 7 1 10 12 1 1 10 12 1 1 7 1 10 12 1 7 1 10 12 1 1 10 12 1 1 7 1 10 12 1 10 7 12 1 1 1 10 12 1 10 12 1 1 10 12 1 10 12 1 1 10 100 12 1 1 1 10 12 1 1 10 12 1 10 7 1 10 12 1 10 10 12 1 8 1 8 1 10 12 1 1 10 7 12 1 1 1 10 7 12 1 1 10 12 1 1 10 7 12 1 1 10 12 1 1 10 7 12 1 1 10 7 12 1 1 10 12 1 1 10 7 12 1 1 10 7 12 1 1 10 7 12 1 1 8 1 10 12 1 100 1 10 10 12 1 10 12 1 1 8 1 10 7 12 1 1 9 100 12 1 1 1 10 7 12 1 1 1 10 12 1 1 10 7 12 1 1 10 7 12 1 1 10 7 12 1 1 11 7 12 1 1 1 10 12 1 1 10 12 1 1 7 1 11 12 1 10 7 12 1 1 1 10 12 1 1 10 12 1 1 10 12 1 1 10 12 1 1 8 1 10 7 12 1 1 100 1 10 12 1 10 12 1 10 12 1 1 10 12 1 9 10 12 1 9 10 12 1 9 10 12 1 9 10 12 1 9 10 12 1 9 10 12 1 9 10 12 1 9 10 12 1 10 12 1 10 12 1 1 10 12 1 1 10 12 1 10 12 1 10 12 1 10 12 1 1 18 12 1 10 12 1 1 7 1 18 12 1 18 11 7 12 1 1 8 1 8 1 10 12 1 10 12 1 11 12 1 1 9 12 1 11 7 1 1 1 1 1 1 1 1 1 1 1 1 1 1 1 1 1 1 1 1 1 1 1 1 1 1 1 1 1 1 1 1 1 1 1 1 1 1 1 1 100 100 1 1 1 1 1 1 1 1 1 1 100 1 1 1 1 1 1 1 1 1 1 1 1 1 1 1 1 1 1 1 1 1 1 1 1 1 1 1 1 1 1 1 1 1 1 1 1 1 1 1 1 1 1 1 1 1 1 1 1 1 1 1 1 1 100 1 100 1 100 1 100 1 100 1 100 1 100 1 100 1 1 1 1 1 1 1 1 1 1 1 7 1 1 1 1 1 1 1 1 1 1 1 1 1 1 1 1 16 15 10 12 15 10 12 15 10 12 15 10 7 12 1 1 1 1 100 1 100 1 1
staticfield sun/reflect/annotation/AnnotationParser EMPTY_ANNOTATIONS_ARRAY [Ljava/lang/annotation/Annotation; 0 [Ljava/lang/annotation/Annotation;
staticfield sun/reflect/annotation/AnnotationParser EMPTY_ANNOTATION_ARRAY [Ljava/lang/annotation/Annotation; 0 [Ljava/lang/annotation/Annotation;
ciMethod sun/reflect/annotation/AnnotationParser toArray (Ljava/util/Map;)[Ljava/lang/annotation/Annotation; 512 0 2278 0 0
ciMethod sun/reflect/annotation/AnnotationParser parseAnnotations ([BLjdk/internal/reflect/ConstantPool;Ljava/lang/Class;)Ljava/util/Map; 172 0 4010 0 -1
ciMethod sun/reflect/annotation/AnnotationParser parseParameterAnnotations ([BLjdk/internal/reflect/ConstantPool;Ljava/lang/Class;)[[Ljava/lang/annotation/Annotation; 6 0 12 0 -1
ciMethod sun/reflect/annotation/AnnotationParser parseAnnotation2 (Ljava/nio/ByteBuffer;Ljdk/internal/reflect/ConstantPool;Ljava/lang/Class;Z[Ljava/lang/Class;)Ljava/lang/annotation/Annotation; 512 218 1104 0 -1
ciMethod sun/reflect/annotation/AnnotationParser parseParameterAnnotations2 ([BLjdk/internal/reflect/ConstantPool;Ljava/lang/Class;)[[Ljava/lang/annotation/Annotation; 6 16 12 0 -1
ciMethod sun/reflect/annotation/AnnotationParser parseAnnotation (Ljava/nio/ByteBuffer;Ljdk/internal/reflect/ConstantPool;Ljava/lang/Class;Z)Ljava/lang/annotation/Annotation; 6 0 12 0 -1
instanceKlass org/eclipse/jdt/ls/core/internal/handlers/ResponseStore$1
instanceKlass org/eclipse/ltk/internal/core/refactoring/history/RefactoringHistoryService$1
ciInstanceKlass java/util/LinkedHashMap 1 1 386 9 7 12 1 1 1 9 12 1 1 9 12 1 9 7 12 1 1 9 12 1 10 7 12 1 1 1 10 12 1 1 10 12 1 1 9 12 1 9 12 1 1 9 12 1 10 12 1 1 100 1 10 10 12 1 1 10 12 1 10 12 1 1 9 12 1 1 9 12 1 10 12 1 1 10 100 12 1 1 1 10 12 1 10 12 1 10 12 10 12 1 1 10 7 12 1 1 1 10 12 1 1 10 12 1 1 9 7 1 10 12 1 10 12 1 1 9 12 1 1 7 1 10 12 1 7 1 100 1 10 10 12 1 1 10 12 1 1 9 12 1 1 7 1 10 7 1 10 12 1 9 12 1 7 1 10 100 1 10 11 7 12 1 1 1 100 1 10 11 7 12 1 1 100 1 7 1 10 8 1 10 12 1 1 10 12 1 10 12 1 1 10 12 1 10 12 1 1 10 100 1 10 12 1 7 1 1 1 1 5 0 1 1 1 3 1 3 1 3 1 1 1 1 1 1 1 1 1 1 1 1 1 1 1 1 1 1 1 1 1 1 1 1 1 1 1 1 1 1 1 1 1 1 1 1 1 1 1 1 1 1 1 1 1 1 1 7 1 1 1 1 1 1 1 1 7 1 1 1 1 1 1 1 1 1 1 1 1 1 1 1 1 1 1 1 1 1 1 1 1 1 1 1 1 100 1 1 1 1 1 1 1 1 1 1 1 1 1 1 100 1 1 1 1 1 1 1 1 1 7 1 1 1 1 1 1 1 1 1 1 1 1 1 1 1 1 1 1 1 1 1 1 1 1 1 1 1 1 1 1 1 100 1 100 1 100 1 100 1 1 1 1 1 100 1 7 1 1 1 1 1 1 1 1 1
ciMethod java/util/Map computeIfAbsent (Ljava/lang/Object;Ljava/util/function/Function;)Ljava/lang/Object; 66 0 33 0 -1
instanceKlass sun/util/resources/OpenListResourceBundle
instanceKlass sun/util/resources/Bundles$1
instanceKlass java/util/ListResourceBundle
instanceKlass org/eclipse/osgi/storage/ManifestLocalization$EmptyResouceBundle
instanceKlass java/util/ResourceBundle$2
instanceKlass java/util/PropertyResourceBundle
ciInstanceKlass java/util/ResourceBundle 1 1 821 9 7 12 1 1 1 10 7 12 1 1 1 9 12 1 1 9 12 1 1 10 12 1 1 7 1 7 1 10 12 1 100 1 7 1 10 8 1 10 12 1 1 10 12 1 1 10 7 12 1 1 1 8 1 10 12 1 10 12 1 10 7 12 1 1 1 18 12 1 1 10 7 12 1 1 1 7 1 10 12 1 1 10 12 1 1 9 12 1 1 9 12 1 100 1 10 10 7 12 1 1 10 7 12 1 1 1 10 12 1 1 10 12 1 1 10 12 1 1 10 12 1 10 12 1 1 100 1 10 10 12 1 10 12 1 1 10 7 12 1 1 1 9 7 12 1 1 1 10 7 12 1 1 1 100 1 8 1 10 12 1 10 12 1 1 10 12 1 10 12 1 10 12 1 10 100 1 10 7 12 1 1 1 9 100 12 1 1 1 10 7 12 1 1 1 7 1 10 12 1 9 12 1 1 11 7 12 1 1 7 1 10 12 1 10 12 1 1 10 12 1 100 1 10 12 1 1 10 12 1 1 100 1 8 1 10 10 12 1 1 8 1 10 12 1 1 9 12 1 10 12 1 1 11 7 12 1 1 1 11 12 1 10 12 1 1 10 12 1 1 10 12 1 1 10 7 12 1 1 1 11 12 1 9 12 1 1 10 7 12 1 1 1 100 1 11 12 1 1 11 12 1 10 12 1 1 10 12 1 1 9 12 1 10 12 1 11 12 1 8 1 10 7 12 1 1 1 10 12 1 1 10 12 1 1 10 12 1 10 12 1 1 10 12 1 1 10 10 12 1 10 12 1 10 12 1 1 10 12 1 1 10 12 1 1 10 12 1 1 10 12 1 1 8 1 10 12 1 10 12 1 11 12 1 1 11 7 12 1 1 11 12 1 10 12 1 8 1 10 8 1 10 7 12 1 1 1 10 12 1 7 1 8 1 10 7 1 7 1 10 12 1 1 10 100 12 1 1 1 100 1 10 12 1 1 10 12 1 10 12 1 1 8 1 8 1 7 1 10 12 1 100 1 10 12 1 10 8 1 10 12 1 8 1 10 12 1 10 12 1 1 10 12 1 1 9 12 1 1 9 12 1 1 8 1 8 1 8 1 10 12 1 10 10 12 1 9 12 1 10 12 1 1 10 12 1 1 5 0 10 12 1 10 12 1 11 12 1 1 10 12 1 11 12 1 10 12 1 1 5 0 8 1 10 12 1 11 12 1 1 18 12 1 1 11 7 12 1 1 1 18 12 1 10 12 1 11 12 1 7 1 10 11 12 1 1 9 12 1 10 12 1 1 11 100 12 1 1 11 12 1 11 12 1 7 1 8 1 10 9 12 1 9 12 1 1 10 100 12 1 1 1 10 12 10 12 1 7 1 10 10 7 12 1 1 1 7 1 10 7 1 10 12 1 10 8 1 8 1 10 7 12 1 1 1 10 7 12 1 1 1 1 1 1 3 1 1 1 1 1 1 1 1 1 1 1 1 1 1 1 1 1 1 1 1 1 1 1 1 1 1 1 1 1 1 1 1 1 1 1 1 1 1 1 1 1 1 1 1 1 1 1 1 1 1 1 1 1 1 1 1 1 1 1 1 1 1 1 1 1 1 1 1 1 1 1 1 1 1 1 1 1 1 7 1 1 1 1 1 1 1 1 1 1 1 1 1 1 1 1 1 1 1 1 1 1 1 1 1 1 1 1 1 1 1 1 1 1 1 1 1 1 1 1 1 1 1 1 1 1 1 100 1 100 1 100 1 100 1 100 1 1 16 15 10 12 1 16 16 15 10 12 16 1 15 10 12 15 10 7 12 1 1 1 1 1 1 1 1 1 1 1 1 1 1 100 1 100 1 1
staticfield java/util/ResourceBundle NONEXISTENT_BUNDLE Ljava/util/ResourceBundle; java/util/ResourceBundle$2
staticfield java/util/ResourceBundle cacheList Ljava/util/concurrent/ConcurrentMap; java/util/concurrent/ConcurrentHashMap
staticfield java/util/ResourceBundle referenceQueue Ljava/lang/ref/ReferenceQueue; java/lang/ref/ReferenceQueue
staticfield java/util/ResourceBundle TRACE_ON Z 0
staticfield java/util/ResourceBundle $assertionsDisabled Z 1
ciInstanceKlass java/util/function/BiFunction 1 1 65 10 100 12 1 1 1 18 12 1 1 11 7 12 1 1 11 100 12 1 7 1 1 1 1 1 1 1 1 1 1 1 1 1 1 1 1 1 1 1 1 1 1 1 1 1 1 1 16 15 11 12 15 10 100 12 1 1 1 1 100 1 100 1 1
ciInstanceKlass java/util/ImmutableCollections$MapN 1 1 149 100 1 10 7 12 1 1 1 7 1 8 1 10 12 1 9 7 12 1 1 1 7 1 9 12 1 1 10 7 12 1 1 1 10 12 1 1 100 1 7 1 10 8 1 10 12 1 1 10 12 1 10 12 1 1 10 10 12 1 1 10 12 1 1 7 1 10 12 1 10 7 12 1 1 1 100 1 8 1 10 100 1 10 12 1 1 1 1 1 1 1 1 1 1 1 1 1 1 1 1 1 1 1 1 1 1 100 1 1 1 1 1 1 1 1 1 1 1 1 1 1 1 1 1 1 1 100 1 7 1 1 1 1 1 1 1 1 1 1 1 100 1 1 100 1 7 1 1
ciInstanceKlass java/lang/reflect/ReflectAccess 1 1 191 10 7 12 1 1 1 7 1 10 12 1 10 7 12 1 1 1 10 12 1 1 10 12 1 1 10 12 1 1 10 12 1 1 10 12 1 1 10 12 1 1 10 12 1 10 7 12 1 1 10 12 1 1 10 12 1 1 10 12 1 10 7 12 1 1 10 12 1 10 7 12 1 1 1 10 12 1 1 10 12 1 1 10 100 12 1 1 1 100 1 100 1 1 1 1 1 1 1 1 1 1 1 1 1 1 1 1 1 1 1 1 1 1 1 1 1 1 1 1 1 1 1 1 1 1 1 1 1 1 1 1 1 1 1 1 1 1 1 1 1 1 1 1 1 1 1 1 1 1 1 1 1 1 1 1 1 1 1 1 1 1 1 1 1 1 1 1 1 1 1 1 1 1 1 1 100 1 100 1 100 1 1 1 1 1 100 1 1 1 1
ciInstanceKlass jdk/internal/access/JavaLangReflectAccess 1 0 64 100 1 100 1 1 1 1 1 1 1 1 1 1 1 1 1 1 1 1 1 1 1 1 1 1 1 1 1 1 1 1 1 1 1 1 1 1 1 1 1 1 1 1 1 1 1 1 1 1 100 1 100 1 100 1 1 1 1 100 1 1 1 1
ciMethod jdk/internal/access/JavaLangReflectAccess copyMethod (Ljava/lang/reflect/Method;)Ljava/lang/reflect/Method; 0 0 1 0 -1
ciMethod jdk/internal/access/JavaLangReflectAccess copyField (Ljava/lang/reflect/Field;)Ljava/lang/reflect/Field; 0 0 1 0 -1
ciMethod java/lang/reflect/ReflectAccess copyMethod (Ljava/lang/reflect/Method;)Ljava/lang/reflect/Method; 534 0 19056 0 0
ciMethod java/lang/reflect/ReflectAccess copyField (Ljava/lang/reflect/Field;)Ljava/lang/reflect/Field; 682 0 7168 0 0
ciInstanceKlass java/util/function/Supplier 1 0 14 100 1 100 1 1 1 1 1 1 1 1 1 1
ciMethod java/util/function/Supplier get ()Ljava/lang/Object; 0 0 1 0 -1
ciInstanceKlass java/lang/invoke/DirectMethodHandle$Constructor 1 1 91 10 7 12 1 1 1 9 7 12 1 1 1 9 12 1 1 9 12 1 1 10 100 12 1 1 1 100 1 10 12 1 9 12 1 9 12 1 10 12 1 10 12 1 1 9 12 1 1 10 12 1 1 10 7 12 1 1 1 1 1 1 1 1 1 1 1 1 1 1 100 1 100 1 1 1 1 1 1 1 1 1 1 1 1 1 1 1 1 1 1
staticfield java/lang/invoke/DirectMethodHandle$Constructor $assertionsDisabled Z 1
ciInstanceKlass java/util/function/Predicate 1 1 101 10 7 12 1 1 1 18 12 1 1 18 12 1 18 18 12 1 18 12 1 11 7 12 1 1 10 7 12 1 1 1 11 12 1 1 1 1 1 1 1 1 1 1 1 1 1 1 1 1 1 1 1 1 1 1 1 1 1 1 1 1 1 1 1 1 1 1 1 1 1 16 15 11 12 15 11 12 15 11 12 15 10 12 1 15 11 12 15 10 7 12 1 1 1 1 100 1 100 1 1
ciMethod java/util/function/Predicate test (Ljava/lang/Object;)Z 0 0 1 0 -1
ciInstanceKlass java/util/ArrayList$ArrayListSpliterator 1 1 101 9 7 12 1 1 1 10 7 12 1 1 1 9 12 1 1 9 12 1 9 12 1 9 7 12 1 1 9 12 1 10 12 1 1 10 12 1 100 1 10 9 12 1 1 11 7 12 1 1 1 100 1 10 100 1 10 12 1 1 1 1 1 1 1 1 1 1 1 1 1 1 1 1 1 1 1 1 1 1 1 1 1 1 1 1 1 1 1 100 1 1 1 1 1 1 1 1 1 1 1
ciInstanceKlass java/util/function/IntFunction 1 0 14 100 1 100 1 1 1 1 1 1 1 1 1 1
ciMethod java/util/function/IntFunction apply (I)Ljava/lang/Object; 0 0 1 0 -1
ciInstanceKlass java/util/ImmutableCollections$Set12 1 1 149 10 7 12 1 1 1 10 7 12 1 1 1 9 7 12 1 1 1 9 7 12 1 1 9 12 1 10 7 12 1 1 1 100 1 7 1 10 8 1 10 12 1 1 10 12 1 10 12 1 1 10 12 1 10 12 1 1 7 1 10 12 1 100 1 8 1 10 100 1 10 12 1 9 12 1 1 10 12 1 10 12 1 1 10 7 12 1 1 10 100 12 1 1 1 100 1 7 1 1 1 1 1 1 1 1 1 1 1 1 1 1 1 1 1 1 1 1 1 1 1 1 1 1 1 1 1 100 1 7 1 1 1 1 1 1 1 1 1 1 1 1 1 1 1 1 1 1 1
ciInstanceKlass java/nio/HeapByteBuffer 1 1 360 10 7 12 1 1 1 9 7 12 1 1 1 9 12 1 9 12 1 10 12 1 1 10 12 1 9 12 1 1 9 12 1 1 9 12 1 1 10 12 1 10 7 12 1 1 1 10 12 1 10 12 1 100 1 10 10 12 1 10 12 1 1 10 12 1 10 12 1 1 100 1 10 12 10 7 12 1 1 1 10 12 1 10 12 1 100 1 10 10 12 1 1 10 12 1 9 12 1 1 100 1 10 10 12 10 12 1 9 12 1 1 10 12 1 1 10 12 10 12 1 1 9 12 1 10 7 12 1 1 1 10 12 1 10 12 10 12 1 1 100 1 10 12 1 7 1 10 10 12 1 1 10 12 1 1 100 1 10 100 1 10 10 12 1 1 10 12 1 1 100 1 10 7 1 10 10 12 1 1 10 12 1 1 100 1 10 100 1 10 10 100 12 1 1 1 10 12 1 1 100 1 10 100 1 10 10 100 12 1 1 1 10 12 1 1 100 1 10 100 1 10 10 12 1 1 10 12 1 1 10 12 10 7 12 1 1 1 9 12 1 1 7 10 7 12 1 1 1 10 12 1 1 1 1 1 1 1 1 1 1 1 1 1 1 1 1 1 1 1 1 1 1 1 1 1 1 1 1 1 1 1 1 1 1 1 1 1 1 1 1 1 1 1 1 1 1 1 1 1 1 1 100 1 1 1 1 1 1 1 1 1 1 100 1 1 1 1 1 100 1 1 1 1 1 1 1 1 1 100 1 1 1 1 1 1 1 1 1 1 100 1 1 1 1 1 1 1 1 1 1 100 1 1 1 1 1 1 1 1
staticfield java/nio/HeapByteBuffer ARRAY_BASE_OFFSET J 16
staticfield java/nio/HeapByteBuffer ARRAY_INDEX_SCALE J 1
staticfield java/nio/HeapByteBuffer $assertionsDisabled Z 1
ciInstanceKlass java/util/Collections$EmptySet 1 1 100 10 7 12 1 1 1 10 7 12 1 1 1 11 100 12 1 1 1 100 1 10 100 12 1 1 1 10 100 12 1 1 1 9 12 1 1 100 1 100 1 1 1 1 5 0 1 1 1 1 1 1 1 1 1 1 1 1 1 1 1 1 1 1 1 1 1 1 1 1 1 1 1 1 1 1 1 1 1 1 1 1 1 1 1 1 1 1 1 1 1 1 1 1 1 1 1 1 1 1
ciInstanceKlass java/util/Collections$EmptyMap 1 1 125 10 7 12 1 1 1 10 7 12 1 1 1 100 1 11 12 1 1 10 100 12 1 1 1 100 1 10 9 12 1 1 100 1 100 1 1 1 1 5 0 1 1 1 1 1 1 1 1 1 1 1 1 1 1 1 1 1 1 1 1 1 1 1 1 1 1 1 1 1 1 1 1 1 1 1 1 1 1 1 1 1 1 1 1 1 1 1 1 1 1 1 1 1 1 1 1 1 1 1 1 1 1 1 1 1 1 1 1 1 1 1 1 1 1 1 1 1 1 1 1 1 100 1 1
ciInstanceKlass java/lang/invoke/BoundMethodHandle$Species_L 1 1 126 10 7 12 1 1 1 9 7 12 1 1 1 9 12 1 1 10 12 1 9 7 12 1 1 1 10 7 12 1 1 1 10 12 1 1 10 7 12 1 1 1 100 1 10 100 12 1 1 1 9 12 1 10 12 1 9 12 1 10 12 1 9 12 1 10 12 1 9 12 1 10 12 1 10 12 1 1 10 12 1 1 1 1 1 1 1 1 1 1 1 1 1 1 1 1 1 1 1 1 1 1 1 1 1 1 1 1 1 1 1 1 1 1 1 1 1 1 1 1 1 1 1 100 1 1
ciInstanceKlass java/lang/invoke/BoundMethodHandle$Species_LL 1 1 73 1 7 1 7 1 1 1 1 1 1 1 1 12 9 1 1 1 12 10 12 9 12 9 1 1 12 10 1 1 1 100 1 7 1 1 12 10 1 7 1 1 12 10 1 1 1 12 10 1 1 1 12 10 1 1 1 12 10 1 1 1 12 10 1 1 1 12 10 1 1 1 1
ciInstanceKlass java/lang/invoke/BoundMethodHandle$Species_LLLLL 1 1 82 1 7 1 7 1 1 1 1 1 1 1 1 1 1 1 12 9 1 1 1 12 10 12 9 12 9 12 9 12 9 12 9 1 1 12 10 1 1 1 100 1 7 1 1 12 10 1 7 1 1 12 10 1 1 1 12 10 1 1 1 12 10 1 1 1 12 10 1 1 1 12 10 1 1 1 12 10 1 1 1 1
ciInstanceKlass java/util/concurrent/atomic/AtomicLong 1 1 192 10 7 12 1 1 1 9 7 12 1 1 1 9 12 1 1 9 12 1 10 7 12 1 1 1 10 12 1 10 12 1 1 10 12 1 1 10 12 1 10 12 1 5 0 10 12 1 1 11 7 12 1 1 1 10 12 1 1 11 100 12 1 1 10 7 12 1 1 1 10 12 1 1 10 12 1 10 12 1 10 12 1 10 12 1 10 12 1 1 10 12 1 10 12 1 10 12 1 10 12 1 10 12 1 10 12 1 1 9 12 1 1 10 12 1 1 8 10 12 1 1 7 1 1 1 5 0 1 1 1 1 1 1 1 1 1 1 1 1 1 1 1 1 1 1 1 1 1 1 1 1 1 1 1 1 1 1 1 1 1 1 1 1 1 1 1 1 1 1 1 1 1 1 1 1 1 1 1 1 1 1 1 1 1 1 1 1 1 1 1 1
staticfield java/util/concurrent/atomic/AtomicLong VM_SUPPORTS_LONG_CAS Z 1
staticfield java/util/concurrent/atomic/AtomicLong U Ljdk/internal/misc/Unsafe; jdk/internal/misc/Unsafe
staticfield java/util/concurrent/atomic/AtomicLong VALUE J 16
ciMethod java/util/concurrent/atomic/AtomicLong getAndIncrement ()J 512 0 282 0 -1
ciInstanceKlass java/time/Instant 1 1 579 100 1 10 7 12 1 1 1 8 1 10 7 12 1 1 1 10 12 1 10 7 12 1 1 1 5 0 10 7 12 1 1 1 10 12 1 10 12 1 10 12 1 10 12 1 3 8 1 9 7 12 1 1 1 11 7 12 1 1 1 9 12 1 11 12 1 1 10 12 1 1 100 1 7 1 10 12 1 1 8 1 10 12 1 1 10 12 1 8 1 11 12 1 1 10 7 12 1 1 1 10 12 1 10 12 1 9 100 12 1 1 1 18 12 1 1 10 12 1 1 9 12 1 1 5 0 5 0 8 1 10 12 1 10 12 1 10 7 1 9 12 1 1 9 12 1 1 9 12 1 9 12 1 11 100 12 1 1 1 100 1 11 100 12 1 1 1 9 12 1 1 11 12 1 11 7 12 1 1 1 9 100 12 1 1 1 10 12 1 1 100 1 8 1 10 10 11 12 1 1 10 100 12 1 1 1 11 7 12 1 1 1 10 12 1 1 11 12 1 9 12 1 11 12 1 1 10 100 12 1 1 1 5 0 8 1 10 12 1 5 0 8 1 10 12 1 1 11 100 12 1 1 9 12 1 10 5 0 5 0 10 12 1 10 12 1 10 12 1 10 12 1 3 3 8 1 11 12 11 12 1 7 1 5 0 5 0 10 12 1 10 100 12 1 1 10 12 1 10 12 1 10 12 1 10 12 1 10 12 1 10 12 1 11 100 12 1 1 11 12 1 1 10 12 1 1 10 12 1 1 10 12 1 10 12 1 10 12 1 5 0 5 0 5 0 11 12 1 1 10 12 1 10 12 3 10 100 12 1 1 1 10 100 12 1 1 10 12 1 1 10 12 1 1 10 12 1 1 100 1 10 12 1 100 1 8 1 10 11 100 12 1 1 1 11 12 1 1 11 100 12 1 1 11 12 1 10 12 1 10 12 1 10 12 10 12 1 10 12 1 9 12 1 5 0 9 12 1 7 1 7 1 1 1 1 1 5 0 1 1 1 1 1 1 1 1 1 1 1 1 1 1 1 1 1 1 1 1 1 1 1 1 1 1 1 1 1 1 1 1 1 1 1 1 1 1 1 1 1 1 1 1 1 1 1 1 1 1 1 1 1 1 1 1 1 1 1 1 1 1 1 1 1 1 1 1 1 1 1 1 1 1 1 1 1 1 1 1 1 1 1 1 1 1 1 1 1 1 1 1 1 1 1 1 1 1 1 1 1 1 1 1 1 100 1 1 1 1 1 1 1 1 1 1 1 1 1 1 1 1 1 1 16 15 16 15 10 100 12 1 1 1 1 100 1 100 1 1
staticfield java/time/Instant EPOCH Ljava/time/Instant; java/time/Instant
staticfield java/time/Instant MIN Ljava/time/Instant; java/time/Instant
staticfield java/time/Instant MAX Ljava/time/Instant; java/time/Instant
ciMethod java/time/Instant now ()Ljava/time/Instant; 2 0 1 0 -1
ciInstanceKlass java/util/logging/Level 1 1 294 10 7 12 1 1 1 10 12 1 10 7 12 1 1 100 1 10 9 12 1 1 9 12 1 1 9 12 1 9 12 1 9 12 1 1 10 7 12 1 1 1 10 12 1 1 10 12 1 1 10 7 12 1 1 1 9 7 12 1 1 1 11 7 12 1 1 1 10 7 12 1 1 1 8 1 10 7 12 1 1 1 10 12 1 1 9 7 12 1 1 10 10 12 1 1 10 12 1 10 12 1 10 12 1 7 1 18 12 1 1 10 12 1 1 10 7 12 1 1 1 10 12 1 1 10 7 12 1 1 1 10 12 1 1 10 12 1 100 1 10 12 1 10 12 1 1 10 12 1 1 18 100 1 18 12 1 10 12 1 8 1 3 9 12 1 8 1 9 12 8 1 9 12 8 1 9 12 8 1 9 12 8 1 9 12 8 1 9 12 8 1 9 12 8 1 3 9 12 9 12 1 1 7 1 1 1 1 1 5 0 1 1 1 1 1 1 1 1 1 1 1 1 1 1 1 1 1 1 1 1 7 1 1 1 1 1 1 1 1 1 1 1 1 1 1 1 1 1 1 1 1 1 1 1 1 1 1 16 1 15 10 12 1 1 16 1 15 10 12 1 8 1 15 10 7 12 1 1 1 15 10 100 12 1 1 1 1 1 100 1 100 1 1
staticfield java/util/logging/Level OFF Ljava/util/logging/Level; java/util/logging/Level
staticfield java/util/logging/Level SEVERE Ljava/util/logging/Level; java/util/logging/Level
staticfield java/util/logging/Level WARNING Ljava/util/logging/Level; java/util/logging/Level
staticfield java/util/logging/Level INFO Ljava/util/logging/Level; java/util/logging/Level
staticfield java/util/logging/Level CONFIG Ljava/util/logging/Level; java/util/logging/Level
staticfield java/util/logging/Level FINE Ljava/util/logging/Level; java/util/logging/Level
staticfield java/util/logging/Level FINER Ljava/util/logging/Level; java/util/logging/Level
staticfield java/util/logging/Level FINEST Ljava/util/logging/Level; java/util/logging/Level
staticfield java/util/logging/Level ALL Ljava/util/logging/Level; java/util/logging/Level
staticfield java/util/logging/Level standardLevels [Ljava/util/logging/Level; 9 [Ljava/util/logging/Level;
instanceKlass java/util/logging/LogManager$RootLogger
ciInstanceKlass java/util/logging/Logger 1 1 742 10 7 12 1 1 1 9 7 12 1 1 1 10 12 1 1 10 7 12 1 1 9 12 1 1 9 12 1 9 12 1 1 9 12 1 1 7 1 10 9 12 1 1 9 12 1 1 10 12 1 1 9 12 1 10 7 12 1 1 1 7 1 8 1 10 12 1 10 12 1 10 12 1 1 7 1 10 12 1 9 12 1 1 10 12 1 1 7 1 10 9 7 12 1 1 10 7 12 1 1 1 10 7 12 1 1 1 10 12 1 1 10 12 1 10 7 12 1 1 1 10 12 1 1 10 10 12 10 12 1 8 1 10 12 1 10 12 1 1 10 12 1 8 1 10 12 10 12 1 1 10 12 1 1 10 12 1 1 9 7 12 1 1 10 12 1 1 9 12 1 1 10 7 12 1 1 1 10 12 1 1 11 100 12 1 1 10 12 1 1 10 12 1 10 7 12 1 1 1 9 12 1 10 12 1 1 9 12 1 10 12 1 1 10 12 1 10 12 1 1 9 12 1 1 10 12 1 10 12 1 1 10 12 1 10 12 1 10 12 1 11 100 1 10 12 1 1 10 12 1 1 10 12 1 10 12 1 10 100 12 1 1 10 12 1 10 12 1 9 7 12 1 1 1 8 1 10 12 1 1 8 1 10 12 1 7 1 10 10 12 1 1 10 12 1 10 12 1 10 12 1 8 1 8 1 8 1 9 12 1 10 12 9 12 1 9 12 1 9 12 1 9 12 1 9 12 1 10 12 1 9 12 1 1 10 12 1 1 10 12 1 9 12 1 9 12 1 1 10 12 1 1 9 12 1 10 7 12 1 1 1 10 12 1 1 10 12 1 9 12 1 1 9 12 1 1 10 7 12 1 1 1 7 10 12 1 1 9 12 1 10 100 12 1 1 1 10 12 1 1 9 12 1 1 10 9 12 1 10 7 12 1 1 1 10 12 1 1 10 7 12 1 1 10 12 1 10 12 1 10 12 1 9 100 12 1 1 1 11 100 12 1 1 1 100 1 18 12 1 1 10 7 12 1 1 1 10 12 1 100 1 18 12 1 1 10 10 12 1 1 9 12 1 18 12 1 10 12 1 10 12 1 10 12 1 8 1 8 1 100 1 10 9 12 1 1 10 7 12 1 1 1 11 7 12 1 1 11 12 1 7 1 10 12 1 11 12 1 10 12 1 10 12 1 10 12 1 1 10 12 1 10 12 1 10 10 12 1 10 12 1 10 12 1 9 12 1 10 12 1 8 10 1 1 1 1 1 1 1 1 1 1 1 1 1 1 1 1 1 1 1 1 1 1 1 1 1 1 100 1 1 1 1 1 1 1 1 1 1 1 1 1 1 1 1 1 1 1 1 1 1 1 1 1 1 1 1 1 1 1 1 1 1 1 1 1 1 1 1 1 1 1 1 1 1 1 1 1 1 1 1 1 1 1 1 1 1 1 1 1 1 1 1 1 1 1 1 1 1 1 1 1 1 1 1 1 1 1 1 1 1 1 1 7 1 1 1 1 1 1 1 1 1 1 1 1 1 1 1 1 100 1 1 1 1 1 1 1 1 1 1 1 1 1 1 1 1 1 1 1 1 1 1 1 1 100 1 1 16 15 10 12 16 8 1 8 1 15 10 100 12 1 1 1 15 10 100 12 1 1 1 1 1 1 1 1 100 1 100 1 1
staticfield java/util/logging/Logger emptyHandlers [Ljava/util/logging/Handler; 0 [Ljava/util/logging/Handler;
staticfield java/util/logging/Logger offValue I 2147483647
staticfield java/util/logging/Logger SYSTEM_BUNDLE Ljava/util/logging/Logger$LoggerBundle; java/util/logging/Logger$LoggerBundle
staticfield java/util/logging/Logger NO_RESOURCE_BUNDLE Ljava/util/logging/Logger$LoggerBundle; java/util/logging/Logger$LoggerBundle
staticfield java/util/logging/Logger treeLock Ljava/lang/Object; java/lang/Object
staticfield java/util/logging/Logger global Ljava/util/logging/Logger; java/util/logging/Logger
ciMethod java/util/logging/Logger log (Ljava/util/logging/LogRecord;)V 2 6 1 0 -1
ciMethod java/util/logging/Logger log (Ljava/util/logging/Level;Ljava/lang/String;Ljava/lang/Object;)V 8 0 4 0 0
ciMethod java/util/logging/Logger isLoggable (Ljava/util/logging/Level;)Z 98 0 422 0 -1
ciMethod java/util/logging/Logger getEffectiveLoggerBundle ()Ljava/util/logging/Logger$LoggerBundle; 2 2 1 0 -1
ciMethod java/util/logging/Logger doLog (Ljava/util/logging/LogRecord;)V 2 0 1 0 -1
ciInstanceKlass java/util/logging/Logger$LoggerBundle 1 1 53 7 1 10 7 12 1 1 1 9 7 12 1 1 1 9 12 1 1 8 1 10 7 12 1 1 1 9 12 1 1 9 12 1 10 12 1 1 1 1 1 1 1 1 1 1 1 1 1 1 1 1 1
ciInstanceKlass java/util/stream/Sink 1 1 73 100 1 8 1 10 12 1 1 7 1 7 1 7 1 1 1 1 1 1 1 1 1 1 1 1 1 1 1 1 1 1 1 1 1 1 1 1 1 1 1 100 1 100 1 100 1 100 1 100 1 100 1 100 1 1 1 1 1 1 1 1 1 1 100 1 8 1 1 12 10 1 1
ciMethod java/util/stream/Sink begin (J)V 512 0 1280 0 -1
ciMethod java/util/stream/Sink end ()V 512 0 1282 0 -1
ciInstanceKlass java/util/stream/Node$Builder 1 0 38 7 1 7 1 7 1 1 1 1 1 1 1 1 1 100 1 1 1 100 1 1 100 1 1 100 1 1 1 100 1 8 1 1 12 10 1 1
ciMethod java/util/stream/Node$Builder build ()Ljava/util/stream/Node; 0 0 1 0 -1
ciInstanceKlass java/util/stream/Node 1 1 147 100 1 10 12 1 1 11 7 12 1 1 1 11 12 1 1 10 100 12 1 1 1 11 100 12 1 1 1 18 12 1 1 11 100 12 1 1 1 11 12 1 1 11 12 1 11 12 1 1 9 100 12 1 1 1 7 1 1 1 1 1 1 1 1 1 1 1 1 1 1 1 1 1 1 1 1 1 1 1 1 1 1 1 1 1 1 1 1 1 1 100 1 1 1 1 1 1 1 1 1 1 1 1 1 1 1 1 1 1 100 1 100 1 100 1 100 1 100 1 100 1 100 1 1 16 15 11 12 15 10 100 12 1 1 1 1 1 1 1 1 1 100 1 100 1 1
ciMethod java/util/stream/Node count ()J 0 0 1 0 -1
ciMethod java/util/stream/Node getChildCount ()I 262 0 131 0 0
ciMethod java/util/stream/Node asArray (Ljava/util/function/IntFunction;)[Ljava/lang/Object; 0 0 1 0 -1
ciInstanceKlass java/util/stream/FindOps$FindSink$OfRef 1 1 105 10 7 12 1 1 1 9 7 12 1 1 1 9 12 1 1 10 7 12 1 1 1 10 12 1 1 7 1 9 7 12 1 1 1 10 12 1 18 12 1 1 18 12 1 10 12 1 9 12 1 1 9 12 1 1 1 1 1 1 1 1 1 1 1 1 1 1 1 1 1 1 7 1 1 16 1 15 10 12 1 1 16 1 16 15 10 16 1 15 10 7 12 1 1 1 1 1 1 1 100 1 100 1 1
staticfield java/util/stream/FindOps$FindSink$OfRef OP_FIND_FIRST Ljava/util/stream/TerminalOp; java/util/stream/FindOps$FindOp
staticfield java/util/stream/FindOps$FindSink$OfRef OP_FIND_ANY Ljava/util/stream/TerminalOp; java/util/stream/FindOps$FindOp
ciInstanceKlass java/util/stream/StreamShape 1 1 59 7 1 9 12 1 1 9 12 1 9 12 1 9 12 1 9 12 1 1 10 100 12 1 1 10 7 12 1 1 1 10 12 1 1 8 10 8 8 8 10 12 1 1 1 1 1 1 1 1 1 1 1 1 1 1 1 1 1
staticfield java/util/stream/StreamShape REFERENCE Ljava/util/stream/StreamShape; java/util/stream/StreamShape
staticfield java/util/stream/StreamShape INT_VALUE Ljava/util/stream/StreamShape; java/util/stream/StreamShape
staticfield java/util/stream/StreamShape LONG_VALUE Ljava/util/stream/StreamShape; java/util/stream/StreamShape
staticfield java/util/stream/StreamShape DOUBLE_VALUE Ljava/util/stream/StreamShape; java/util/stream/StreamShape
staticfield java/util/stream/StreamShape $VALUES [Ljava/util/stream/StreamShape; 4 [Ljava/util/stream/StreamShape;
ciInstanceKlass java/util/stream/Nodes 1 1 472 7 1 10 7 12 1 1 1 7 1 8 1 10 12 1 18 12 1 1 9 100 12 1 1 1 10 100 12 1 1 1 100 1 10 12 1 9 7 12 1 1 1 9 12 1 1 9 12 1 1 9 12 1 1 100 1 10 12 1 100 1 100 1 10 12 1 100 1 100 1 10 12 1 100 1 100 1 10 12 1 100 1 10 12 1 100 1 10 12 1 5 0 7 1 10 12 1 10 12 1 1 7 1 10 100 1 10 12 1 100 1 10 12 1 10 12 1 1 100 1 10 100 1 10 12 1 100 1 10 10 12 1 1 100 1 10 100 1 10 12 1 100 1 10 10 12 1 1 100 1 10 10 100 12 1 1 1 100 1 11 12 1 1 100 1 8 1 10 11 100 12 1 1 100 1 100 1 10 12 1 10 12 1 1 10 12 1 1 100 1 10 12 1 10 7 1 10 12 1 1 100 1 10 12 1 10 10 12 1 100 1 10 12 1 10 10 12 1 1 100 1 10 12 1 10 10 12 1 100 1 10 10 10 12 1 1 100 1 10 12 1 10 10 12 1 100 1 10 10 10 12 1 1 11 12 1 11 12 1 1 100 1 10 12 1 10 11 11 100 1 10 12 1 10 11 11 100 1 10 12 1 10 11 11 100 1 10 12 1 10 7 1 10 7 1 10 7 1 10 7 1 10 9 12 1 9 12 1 1 9 12 1 1 1 1 1 1 1 1 1 1 1 1 1 1 1 1 1 1 1 1 1 1 1 1 1 1 1 100 1 1 1 1 1 1 1 1 1 1 1 1 1 1 1 100 1 1 1 1 100 1 1 100 1 1 100 1 1 1 1 1 1 1 1 1 1 1 1 1 1 1 1 1 1 1 1 1 1 1 1 1 1 1 1 1 1 1 1 1 1 1 1 100 1 100 1 100 1 100 1 100 1 100 1 100 1 100 1 100 1 100 1 100 1 100 1 1 16 15 10 12 16 15 10 100 12 1 1 1 1 1 1 1 1 1 1 1 1 1 1 1 1 1 1 1 1 1 1 1 1 1 1 1 1 1 1 100 1 100 1 1
staticfield java/util/stream/Nodes EMPTY_NODE Ljava/util/stream/Node; java/util/stream/Nodes$EmptyNode$OfRef
staticfield java/util/stream/Nodes EMPTY_INT_NODE Ljava/util/stream/Node$OfInt; java/util/stream/Nodes$EmptyNode$OfInt
staticfield java/util/stream/Nodes EMPTY_LONG_NODE Ljava/util/stream/Node$OfLong; java/util/stream/Nodes$EmptyNode$OfLong
staticfield java/util/stream/Nodes EMPTY_DOUBLE_NODE Ljava/util/stream/Node$OfDouble; java/util/stream/Nodes$EmptyNode$OfDouble
staticfield java/util/stream/Nodes EMPTY_INT_ARRAY [I 0
staticfield java/util/stream/Nodes EMPTY_LONG_ARRAY [J 0
staticfield java/util/stream/Nodes EMPTY_DOUBLE_ARRAY [D 0
ciMethod java/util/stream/Nodes builder ()Ljava/util/stream/Node$Builder; 6 0 40 0 0
ciMethod java/util/stream/Nodes builder (JLjava/util/function/IntFunction;)Ljava/util/stream/Node$Builder; 512 0 4488 0 0
ciMethod java/util/stream/Nodes flatten (Ljava/util/stream/Node;Ljava/util/function/IntFunction;)Ljava/util/stream/Node; 512 0 4483 0 0
instanceKlass java/util/stream/Nodes$FixedNodeBuilder
ciInstanceKlass java/util/stream/Nodes$ArrayNode 1 1 121 100 1 10 7 12 1 1 1 5 0 100 1 8 1 10 12 1 11 7 12 1 1 1 7 1 9 7 12 1 1 9 12 1 1 10 100 12 1 1 1 10 7 12 1 1 1 100 1 10 11 100 12 1 1 1 8 1 10 7 12 1 1 1 10 12 1 1 10 7 12 1 1 1 7 1 1 1 1 1 1 1 1 1 1 1 1 1 1 1 1 1 1 1 1 1 1 1 1 1 1 1 1 1 1 1 1 1 1 1 1 1 1 1 1 1 1 1 1 1 1
ciMethod java/util/stream/Nodes$ArrayNode asArray (Ljava/util/function/IntFunction;)[Ljava/lang/Object; 512 0 4448 0 0
ciMethod java/util/stream/Nodes$ArrayNode <init> (JLjava/util/function/IntFunction;)V 506 0 4448 0 0
ciInstanceKlass java/util/stream/Nodes$FixedNodeBuilder 1 1 119 7 1 10 7 12 1 1 1 9 7 12 1 1 1 5 0 100 1 10 12 1 9 12 1 1 9 12 1 1 100 1 8 1 7 1 10 7 12 1 1 1 10 7 12 1 1 1 10 12 1 8 1 10 7 12 1 1 8 1 8 1 8 1 10 100 12 1 1 1 10 7 12 1 1 1 7 1 1 1 1 1 1 1 1 1 1 1 1 1 1 100 1 1 1 1 1 1 1 1 1 1 1 1 1 1 1 1 1 1 1 1 1 1 1 1 7 1 1
staticfield java/util/stream/Nodes$FixedNodeBuilder $assertionsDisabled Z 1
ciMethod java/util/stream/Nodes$FixedNodeBuilder <init> (JLjava/util/function/IntFunction;)V 506 0 4448 0 0
ciMethod java/util/stream/Nodes$FixedNodeBuilder build ()Ljava/util/stream/Node; 512 0 4448 0 0
ciInstanceKlass java/util/stream/ReferencePipeline$2 1 1 55 9 7 12 1 1 1 10 7 12 1 1 1 7 1 10 12 1 1 1 1 1 1 1 1 1 1 1 1 1 1 1 1 1 1 1 1 1 1 1 1 1 1 1 1 1 1 100 1 12 1 1 1 1 1
ciMethod java/util/stream/AbstractPipeline opWrapSink (ILjava/util/stream/Sink;)Ljava/util/stream/Sink; 0 0 1 0 -1
ciInstanceKlass java/util/stream/ReferencePipeline$3 1 1 55 9 7 12 1 1 1 10 7 12 1 1 1 7 1 10 12 1 1 1 1 1 1 1 1 1 1 1 1 1 1 1 1 1 1 1 1 1 1 1 1 1 1 1 1 1 1 100 1 12 1 1 1 1 1
ciInstanceKlass java/util/stream/ReferencePipeline$7 1 1 55 9 7 12 1 1 1 10 7 12 1 1 1 7 1 10 12 1 1 1 1 1 1 1 1 1 1 1 1 1 1 1 1 1 1 1 1 1 1 1 1 1 1 1 1 1 1 100 1 12 1 1 1 1 1
ciInstanceKlass java/util/stream/ReferencePipeline$3$1 1 1 61 9 7 12 1 1 1 10 7 12 1 1 1 9 12 1 1 9 7 12 1 1 1 11 7 12 1 1 1 11 7 12 1 1 1 1 1 1 1 1 1 1 1 1 1 1 1 1 1 1 1 1 1 12 1 1 1 100 1 1 1
ciInstanceKlass java/util/stream/ReferencePipeline$2$1 1 1 70 9 7 12 1 1 1 10 7 12 1 1 1 9 12 1 1 5 0 11 7 12 1 1 1 9 7 12 1 1 1 11 7 12 1 1 1 11 12 1 1 1 1 1 1 1 1 1 1 1 1 1 1 1 1 1 1 1 1 1 1 1 12 1 1 1 100 1 1 1
ciMethod java/util/Spliterators$ArraySpliterator <init> ([Ljava/lang/Object;III)V 514 0 5190 0 0
ciMethod java/util/stream/StreamOpFlag fromCharacteristics (Ljava/util/Spliterator;)I 512 0 6990 0 0
ciMethod java/util/stream/StreamOpFlag isKnown (I)Z 458 0 24315 0 0
ciMethod java/util/stream/StreamOpFlag combineOpFlags (II)I 520 0 8621 0 0
ciMethod java/util/stream/StreamOpFlag getMask (I)I 550 0 8621 0 0
ciMethod java/util/stream/ReferencePipeline$Head <init> (Ljava/util/Spliterator;IZ)V 512 0 6989 0 0
ciMethod java/util/stream/ReferencePipeline <init> (Ljava/util/stream/AbstractPipeline;I)V 516 0 8109 0 0
ciMethod java/util/stream/ReferencePipeline <init> (Ljava/util/Spliterator;IZ)V 512 0 6993 0 0
ciMethod java/util/stream/AbstractPipeline opIsStateful ()Z 0 0 1 0 -1
ciMethod java/util/stream/AbstractPipeline <init> (Ljava/util/stream/AbstractPipeline;I)V 518 0 7189 0 344
ciMethod java/util/stream/AbstractPipeline <init> (Ljava/util/Spliterator;IZ)V 512 0 6994 0 0
ciMethod java/util/stream/AbstractPipeline sourceSpliterator (I)Ljava/util/Spliterator; 512 0 6954 0 0
ciMethod java/util/stream/AbstractPipeline getOutputShape ()Ljava/util/stream/StreamShape; 0 0 1 0 -1
ciMethod java/util/stream/AbstractPipeline forEachWithCancel (Ljava/util/Spliterator;Ljava/util/stream/Sink;)Z 0 0 1 0 -1
ciMethod java/util/stream/AbstractPipeline evaluateToNode (Ljava/util/stream/PipelineHelper;Ljava/util/Spliterator;ZLjava/util/function/IntFunction;)Ljava/util/stream/Node; 0 0 1 0 -1
ciMethod java/util/stream/AbstractPipeline makeNodeBuilder (JLjava/util/function/IntFunction;)Ljava/util/stream/Node$Builder; 0 0 1 0 -1
ciMethod java/util/stream/AbstractPipeline evaluateToArrayNode (Ljava/util/function/IntFunction;)Ljava/util/stream/Node; 512 0 4482 0 0
ciMethod java/util/stream/PipelineHelper <init> ()V 522 0 14183 0 0
ciMethod java/lang/reflect/Modifier isAbstract (I)Z 38 0 3715 0 -1
ciMethod java/lang/reflect/Modifier isStatic (I)Z 512 0 36645 0 88
ciMethod java/lang/reflect/Modifier isFinal (I)Z 402 0 6073 0 0
ciMethod java/lang/reflect/Modifier isSynthetic (I)Z 646 0 14746 0 0
ciMethod java/util/Collections emptySet ()Ljava/util/Set; 560 0 3316 0 0
ciMethod java/util/Collection toArray ([Ljava/lang/Object;)[Ljava/lang/Object; 0 0 1 0 -1
ciMethod java/util/Collection toArray ()[Ljava/lang/Object; 0 0 1 0 -1
ciMethod jdk/internal/util/Preconditions checkIndex (IILjava/util/function/BiFunction;)I 580 0 3706 0 -1
ciMethod java/lang/Integer valueOf (I)Ljava/lang/Integer; 152 0 5351 0 0
ciMethod java/lang/Integer <init> (I)V 528 0 1886 0 0
ciMethod java/lang/Number <init> ()V 608 0 9227 0 0
ciMethod java/util/Arrays spliterator ([Ljava/lang/Object;II)Ljava/util/Spliterator; 530 0 5111 0 0
ciMethod java/util/Arrays stream ([Ljava/lang/Object;II)Ljava/util/stream/Stream; 530 0 5108 0 0
ciMethod java/util/Arrays stream ([Ljava/lang/Object;)Ljava/util/stream/Stream; 526 0 4913 0 0
ciMethod java/util/Arrays copyOf ([Ljava/lang/Object;I)[Ljava/lang/Object; 14 0 7978 0 664
ciMethod java/util/Arrays copyOf ([Ljava/lang/Object;ILjava/lang/Class;)[Ljava/lang/Object; 66 0 5353 0 -1
ciMethod jdk/internal/util/ArraysSupport hugeLength (II)I 0 0 1 0 -1
ciMethod jdk/internal/util/ArraysSupport newLength (III)I 406 0 7700 0 0
ciMethod java/lang/Math max (II)I 516 0 114956 0 -1
ciMethod jdk/internal/access/JavaLangAccess getConstantPool (Ljava/lang/Class;)Ljdk/internal/reflect/ConstantPool; 0 0 1 0 -1
ciMethod java/lang/Thread threadId ()J 256 0 128 0 -1
ciMethod java/lang/Thread currentThread ()Ljava/lang/Thread; 0 0 1 0 -1
ciMethod java/lang/reflect/Member getName ()Ljava/lang/String; 0 0 1 0 -1
ciMethod java/lang/reflect/Member getDeclaringClass ()Ljava/lang/Class; 0 0 1 0 -1
ciMethod java/lang/reflect/Executable getAnnotation (Ljava/lang/Class;)Ljava/lang/annotation/Annotation; 30 0 6703 0 -1
ciMethod java/lang/reflect/Executable isSynthetic ()Z 646 0 13781 0 0
ciMethod java/lang/reflect/Executable <init> ()V 516 0 7980 0 0
ciMethod java/lang/reflect/Executable getModifiers ()I 0 0 1 0 -1
ciMethod java/lang/reflect/Executable declaredAnnotations ()Ljava/util/Map; 526 0 7542 0 -1
ciMethod java/lang/reflect/Executable getDeclaringClass ()Ljava/lang/Class; 0 0 1 0 -1
ciMethod java/lang/reflect/Executable handleParameterNumberMismatch (I[Ljava/lang/Class;)Z 0 0 1 0 -1
ciMethod java/lang/reflect/AccessibleObject getDeclaredAnnotations ()[Ljava/lang/annotation/Annotation; 0 0 1 0 -1
ciMethod java/lang/reflect/AccessibleObject <init> ()V 592 0 13232 0 0
ciMethod jdk/internal/misc/Unsafe compareAndSetReference (Ljava/lang/Object;JLjava/lang/Object;Ljava/lang/Object;)Z 256 0 128 0 -1
ciMethod jdk/internal/misc/Unsafe allocateInstance (Ljava/lang/Class;)Ljava/lang/Object; 256 0 128 0 -1
ciMethod java/util/Iterator next ()Ljava/lang/Object; 0 0 1 0 -1
ciMethod java/util/Iterator hasNext ()Z 0 0 1 0 -1
ciMethod java/util/Set contains (Ljava/lang/Object;)Z 0 0 1 0 -1
ciMethod java/lang/StringBuilder append (Ljava/lang/String;)Ljava/lang/StringBuilder; 14 0 116672 0 -1
ciMethod java/lang/StringBuilder append (Ljava/lang/Object;)Ljava/lang/StringBuilder; 4 0 7210 0 -1
ciMethod java/lang/StringBuilder <init> ()V 12 0 24502 0 -1
ciMethod java/lang/reflect/AnnotatedElement getAnnotation (Ljava/lang/Class;)Ljava/lang/annotation/Annotation; 0 0 1 0 -1
ciMethod java/lang/reflect/AnnotatedElement getAnnotations ()[Ljava/lang/annotation/Annotation; 0 0 1 0 -1
ciMethod java/lang/Class getDeclaredField (Ljava/lang/String;)Ljava/lang/reflect/Field; 230 0 120 36 -1
ciMethod java/lang/Class getDeclaredMethods ()[Ljava/lang/reflect/Method; 768 0 3283 0 0
ciMethod java/lang/Class getDeclaredFields ()[Ljava/lang/reflect/Field; 568 0 2220 0 0
ciMethod java/lang/Class getGenericInterfaces ()[Ljava/lang/reflect/Type; 38 0 49 0 0
ciMethod java/lang/Class getGenericSuperclass ()Ljava/lang/reflect/Type; 694 0 2097 0 0
ciMethod java/lang/Class getDeclaredMethods0 (Z)[Ljava/lang/reflect/Method; 258 0 129 0 -1
ciMethod java/lang/Class getDeclaredFields0 (Z)[Ljava/lang/reflect/Field; 258 0 129 0 -1
ciMethod java/lang/Class getGenericSignature0 ()Ljava/lang/String; 258 0 129 0 -1
ciMethod java/lang/Class newReflectionData (Ljava/lang/ref/SoftReference;I)Ljava/lang/Class$ReflectionData; 176 0 1164 0 0
ciMethod java/lang/Class privateGetDeclaredFields (Z)[Ljava/lang/reflect/Field; 512 0 2613 0 0
ciMethod java/lang/Class copyMethods ([Ljava/lang/reflect/Method;)[Ljava/lang/reflect/Method; 228 4174 3369 0 1032
ciMethod java/lang/Class copyFields ([Ljava/lang/reflect/Field;)[Ljava/lang/reflect/Field; 572 4064 2221 0 0
ciMethod java/lang/Class getSimpleName ()Ljava/lang/String; 22 0 863 0 -1
ciMethod java/lang/Class privateGetDeclaredMethods (Z)[Ljava/lang/reflect/Method; 514 0 4124 0 0
ciMethod java/lang/Class getFactory ()Lsun/reflect/generics/factory/GenericsFactory; 40 0 56 0 0
ciMethod java/lang/Class getInterfaces0 ()[Ljava/lang/Class; 176 0 87 0 -1
ciMethod java/lang/Class reflectionData ()Ljava/lang/Class$ReflectionData; 512 0 5389 0 248
ciMethod java/lang/Class getInterfaces (Z)[Ljava/lang/Class; 514 0 1338 0 0
ciMethod java/lang/Class getInterfaces ()[Ljava/lang/Class; 512 0 1135 0 0
ciMethod java/lang/Class getGenericInfo ()Lsun/reflect/generics/repository/ClassRepository; 516 0 3053 0 0
ciMethod java/lang/Class getReflectionFactory ()Ljdk/internal/reflect/ReflectionFactory; 512 0 9573 0 120
ciMethod java/lang/Class checkMemberAccess (Ljava/lang/SecurityManager;ILjava/lang/Class;Z)V 0 0 1 0 -1
ciMethod java/lang/Class cast (Ljava/lang/Object;)Ljava/lang/Object; 310 0 61557 0 -1
ciMethod java/lang/Class getSuperclass ()Ljava/lang/Class; 260 0 130 0 -1
ciMethod java/lang/Class isInterface ()Z 256 0 128 0 -1
ciMethod java/lang/Class isAssignableFrom (Ljava/lang/Class;)Z 256 0 128 0 -1
ciMethod java/util/Map values ()Ljava/util/Collection; 0 0 1 0 -1
ciMethod java/util/Map get (Ljava/lang/Object;)Ljava/lang/Object; 0 0 1 0 -1
ciMethod java/lang/Boolean booleanValue ()Z 256 0 128 0 -1
ciMethod java/security/AccessController doPrivileged (Ljava/security/PrivilegedAction;)Ljava/lang/Object; 40 0 3751 0 -1
ciMethod jdk/internal/access/SharedSecrets getJavaLangAccess ()Ljdk/internal/access/JavaLangAccess; 778 0 7097 0 -1
ciMethod java/lang/Object getClass ()Ljava/lang/Class; 256 0 128 0 -1
ciMethod java/lang/Object <init> ()V 1024 0 868616 0 136
ciInstanceKlass  @bci jdk/internal/misc/ExtendedMapMode <clinit> ()V 0 <appendix> form vmentry <vmtarget> ; 1 1 35 1 7 1 100 1 1 1 1 1 1 1 7 1 1 12 9 1 1 1 1 1 7 1 1 12 10 1 7 12 9 1 1 1 1
staticfield  @bci jdk/internal/misc/ExtendedMapMode <clinit> ()V 0 <appendix> form vmentry <vmtarget> ; _D_0 Ljava/lang/invoke/LambdaForm; java/lang/invoke/LambdaForm
ciInstanceKlass lombok/patcher/scripts/AddFieldScript 1 1 131 7 1 7 1 1 1 1 1 1 1 1 1 1 1 1 1 1 1 100 1 8 1 10 12 1 1 9 12 10 12 1 1 8 1 9 12 8 1 9 12 10 12 1 10 12 1 1 1 1 1 1 1 10 12 1 100 1 8 1 10 8 8 1 9 12 9 12 1 1 1 11 7 1 12 1 1 11 7 1 12 1 1 7 1 10 7 1 12 1 1 11 12 1 1 1 1 1 1 10 12 1 1 1 1 1 1 1 1 7 1 3 10 12 1 1 1 1 1 1 1 1 1 1 1 1 1 1 1 1 1
instanceKlass java/util/stream/SpinedBuffer
ciInstanceKlass java/util/stream/AbstractSpinedBuffer 1 1 86 7 1 10 7 12 1 1 1 9 12 1 1 100 1 100 1 10 8 1 10 12 1 1 10 12 1 10 12 1 1 10 12 1 100 1 10 12 1 1 10 100 12 1 1 1 9 12 1 9 12 1 9 12 1 1 10 12 1 1 1 3 1 3 1 3 1 3 1 1 1 1 1 1 1 1 1 1 1 1 1 1 1 1 1 1
instanceKlass java/util/stream/Nodes$SpinedNodeBuilder
ciInstanceKlass java/util/stream/SpinedBuffer 1 1 261 100 1 10 7 12 1 1 1 9 7 12 1 1 1 7 1 9 12 1 1 10 12 1 9 12 1 9 12 1 1 9 12 1 1 7 10 12 1 1 10 12 1 10 100 12 1 1 1 100 10 12 1 10 12 1 1 10 12 1 1 9 12 1 100 1 10 100 12 1 1 1 10 12 1 10 12 1 8 1 10 7 12 1 1 1 100 1 5 0 100 1 8 1 10 11 7 12 1 1 1 10 12 1 1 10 12 1 1 10 100 12 1 1 1 11 100 12 1 1 1 10 12 1 100 1 10 10 100 12 1 1 1 18 12 1 10 12 1 1 100 1 10 8 1 10 12 1 1 11 100 12 1 1 10 100 1 10 12 1 100 1 1 1 1 1 1 3 1 1 1 1 1 1 1 1 1 1 1 1 1 1 1 1 1 1 1 1 1 1 1 1 1 1 1 1 1 1 1 1 1 1 1 1 1 1 1 1 1 1 1 1 1 1 1 1 1 1 1 100 1 100 1 100 1 100 1 100 1 100 1 100 1 100 1 1 16 15 11 12 1 1 15 10 100 12 1 1 1 1 1 1 1 1 1 1 100 1 100 1 1
ciInstanceKlass java/util/stream/Nodes$SpinedNodeBuilder 1 1 110 10 7 12 1 1 1 9 7 12 1 1 1 9 12 1 100 1 8 1 10 12 1 10 12 1 1 10 12 1 1 8 1 10 12 1 10 12 1 1 8 1 10 12 1 8 1 10 12 1 1 10 12 1 1 7 1 10 7 12 1 1 1 100 1 100 1 1 1 1 1 1 1 1 1 1 1 1 1 1 1 1 1 1 1 1 1 1 1 1 1 1 1 1 1 1 1 1 1 1 1 1 1 1 1 1 1 1 1 1
staticfield java/util/stream/Nodes$SpinedNodeBuilder $assertionsDisabled Z 1
ciInstanceKlass  @bci java/util/Comparator thenComparing (Ljava/util/Comparator;)Ljava/util/Comparator; 7 <appendix> member <vmtarget> ; 1 1 42 1 7 1 7 1 7 1 100 1 1 1 1 1 1 12 10 12 9 12 9 1 1 1 1 12 11 1 1 1 100 8 8 8 3 8 8 1 12 10 1 1
ciInstanceKlass  @bci java/util/Comparator comparing (Ljava/util/function/Function;)Ljava/util/Comparator; 6 <appendix> member <vmtarget> ; 1 1 39 1 7 1 7 1 7 1 100 1 1 1 1 1 12 10 12 9 1 1 1 1 12 11 1 1 1 100 8 8 8 3 8 8 1 12 10 1 1
ciInstanceKlass  @bci java/util/Comparator comparing (Ljava/util/function/Function;Ljava/util/Comparator;)Ljava/util/Comparator; 12 <appendix> member <vmtarget> ; 1 1 43 1 7 1 7 1 7 1 100 1 1 1 1 1 1 1 12 10 12 9 12 9 1 1 1 1 12 11 1 1 1 100 8 8 8 3 8 8 1 12 10 1 1
ciInstanceKlass sun/reflect/generics/parser/SignatureParser 1 1 426 7 1 10 7 12 1 1 1 9 12 1 1 9 12 1 1 9 12 1 9 12 1 1 10 7 12 1 1 1 100 1 10 10 12 1 1 10 12 1 1 10 12 1 100 1 100 1 10 8 1 10 12 1 1 8 1 10 12 1 1 10 12 1 10 12 1 8 1 10 12 1 1 10 10 12 1 10 12 1 1 10 12 1 1 10 12 1 1 10 12 1 1 10 12 1 1 10 12 1 1 10 7 12 1 1 1 10 12 1 1 10 12 1 7 1 7 1 10 12 1 8 1 10 12 1 10 12 1 1 11 7 12 1 1 1 10 12 1 11 12 1 11 12 1 1 7 1 10 12 1 10 12 1 1 10 12 1 10 12 10 12 1 10 12 1 10 7 12 1 1 1 10 12 1 1 10 12 1 1 10 12 1 1 8 1 8 1 8 1 10 12 1 1 10 12 1 1 8 1 10 12 1 8 1 10 7 12 1 1 10 12 1 1 7 1 10 7 12 1 1 10 12 1 1 8 1 8 1 8 1 10 12 1 1 10 12 1 1 7 1 7 1 10 12 1 10 7 12 1 1 10 7 12 1 1 8 1 8 1 10 7 12 1 1 8 1 10 12 1 8 1 10 7 12 1 1 10 12 1 1 10 100 12 1 1 10 100 12 1 1 10 100 12 1 1 10 100 12 1 1 10 100 12 1 1 10 100 12 1 1 10 100 12 1 1 10 7 12 1 1 8 1 8 1 7 1 7 1 10 12 1 1 10 12 1 1 10 12 1 10 7 12 1 1 8 1 10 12 1 8 1 10 7 1 7 1 10 7 12 1 1 10 12 1 8 1 10 7 12 1 1 1 1 1 1 3 1 3 1 1 1 1 1 1 1 1 1 1 1 1 1 1 1 1 1 1 1 1 1 1 1 1 1 1 1 1 1 1 1 1 1 1 1 1 1 1 1 1 1 1 1 1 1 1 1
staticfield sun/reflect/generics/parser/SignatureParser $assertionsDisabled Z 1
ciInstanceKlass sun/reflect/generics/tree/Tree 1 0 7 100 1 100 1 1 1
ciInstanceKlass sun/reflect/generics/tree/TypeTree 1 0 13 100 1 100 1 100 1 1 1 1 1 1 1
ciInstanceKlass sun/reflect/generics/tree/FieldTypeSignature 1 0 13 100 1 100 1 100 1 100 1 100 1 1 1
ciInstanceKlass sun/reflect/generics/tree/ClassTypeSignature 1 1 48 10 7 12 1 1 1 9 7 12 1 1 1 10 12 1 11 7 12 1 1 1 100 1 1 1 1 1 1 1 1 1 1 1 1 1 1 1 1 1 1 1 1 1 1 1 1 1
ciInstanceKlass sun/reflect/generics/scope/Scope 1 0 11 100 1 100 1 1 1 1 1 1 1
instanceKlass sun/reflect/generics/scope/ConstructorScope
instanceKlass sun/reflect/generics/scope/MethodScope
instanceKlass sun/reflect/generics/scope/ClassScope
ciInstanceKlass sun/reflect/generics/scope/AbstractScope 1 1 80 10 7 12 1 1 1 9 7 12 1 1 1 9 12 1 1 10 12 1 1 10 12 1 1 11 7 12 1 1 1 11 7 12 1 1 1 10 7 12 1 1 1 10 12 1 11 100 12 1 1 1 1 1 1 1 1 1 1 1 1 1 1 1 1 1 1 1 1 1 1 1 1 1 1 100 1 1 1 1
ciInstanceKlass sun/reflect/generics/scope/ClassScope 1 1 79 10 7 12 1 1 1 10 7 12 1 1 1 100 1 10 12 1 1 10 100 12 1 1 1 10 12 1 1 10 100 12 1 1 10 12 1 1 10 12 1 10 100 12 1 1 10 12 1 100 1 1 1 1 1 1 1 1 1 1 1 1 1 1 1 1 1 1 1 1 1 100 1 100 1 1 1 1 1
ciInstanceKlass sun/reflect/generics/factory/GenericsFactory 1 0 32 100 1 100 1 1 1 1 1 1 1 1 1 1 1 1 1 1 1 1 1 1 1 1 1 1 1 1 1 1 1 1
ciInstanceKlass sun/reflect/generics/factory/CoreReflectionFactory 1 1 190 10 7 12 1 1 1 9 7 12 1 1 1 9 12 1 1 7 1 10 12 1 1 7 1 10 12 1 1 9 12 1 1 100 1 100 1 8 1 10 12 1 10 10 12 1 10 12 1 1 10 7 12 1 1 1 10 7 12 1 1 10 7 12 1 1 10 12 1 1 11 7 12 1 1 1 10 12 1 10 12 1 1 100 1 100 1 10 12 1 10 7 12 1 1 1 10 12 1 10 100 12 1 1 9 100 12 1 1 1 9 7 1 9 100 1 9 100 1 9 100 1 9 100 1 9 100 1 9 100 1 9 100 1 10 12 1 1 100 1 1 1 1 1 1 1 1 1 1 1 1 1 1 1 1 1 1 1 1 1 1 1 1 1 1 1 1 1 1 1 1 1 1 1 1 1 1 1 1 1 1 1 1 1 1 1 1 1 1 1
staticfield sun/reflect/generics/factory/CoreReflectionFactory $assertionsDisabled Z 1
ciInstanceKlass sun/reflect/generics/visitor/TypeTreeVisitor 1 0 44 100 1 100 1 1 1 1 1 1 1 1 1 1 1 1 1 1 1 1 1 1 1 1 1 1 1 1 1 1 1 1 1 1 1 1 1 1 1 1 1 1 1 1
ciInstanceKlass sun/reflect/generics/visitor/Reifier 1 1 286 10 7 12 1 1 1 9 7 12 1 1 1 10 12 1 7 1 11 7 12 1 1 1 9 12 1 1 9 12 1 1 100 1 10 10 12 1 1 10 7 12 1 1 1 10 12 1 1 11 7 12 1 1 1 10 7 12 1 1 1 11 7 12 1 1 1 11 12 1 1 11 7 12 1 1 1 7 1 7 1 10 10 12 1 10 12 1 11 12 1 10 12 1 1 8 1 8 1 10 12 1 1 10 12 1 11 12 1 1 10 12 1 1 11 12 1 1 10 7 12 1 1 1 11 7 1 11 12 1 1 10 7 12 1 1 11 12 1 1 10 7 12 1 1 10 12 1 11 12 1 1 11 12 1 1 11 12 1 11 12 1 11 12 1 11 12 1 11 12 1 11 12 1 11 12 1 11 12 1 10 12 1 10 7 12 1 1 100 1 1 1 1 1 1 1 1 1 1 1 1 1 1 1 1 100 1 1 1 1 1 1 1 1 1 1 1 1 1 1 1 1 1 1 1 1 1 1 1 100 1 1 1 1 1 1 1 1 1 1 1 1 1 1 1 1 1 1 1 1 1 1 1 1 1 1 1 1 1 1 1 1 1 1 1 1 1 1 1 1 1 1 1 1 1 1 1 1 1 1 1 1 1 1 1 1
staticfield sun/reflect/generics/visitor/Reifier $assertionsDisabled Z 1
ciInstanceKlass java/lang/reflect/GenericArrayType 1 0 11 100 1 100 1 100 1 1 1 1 1
ciInstanceKlass sun/reflect/annotation/AnnotationType 1 1 266 10 7 12 1 1 1 11 7 12 1 1 1 7 1 10 12 1 1 11 12 1 1 9 12 1 1 100 1 10 12 1 10 7 1 10 7 12 1 1 1 100 1 8 1 10 12 1 7 1 10 12 1 10 7 12 1 1 1 7 1 7 1 10 12 1 9 12 1 1 10 12 1 9 12 1 9 12 1 10 7 12 1 1 1 10 7 12 1 1 1 10 12 1 10 12 1 10 12 1 100 1 10 10 12 1 1 8 1 10 12 1 10 12 1 1 10 12 1 10 12 1 1 10 12 1 1 11 7 12 1 1 1 10 12 1 1 7 1 7 1 11 12 1 1 11 12 1 1 10 7 12 1 1 1 11 12 1 1 9 7 12 1 1 1 11 12 1 1 9 12 1 11 12 1 1 9 12 1 9 12 1 9 7 12 1 1 1 9 7 1 9 7 1 9 7 1 9 7 1 9 7 1 9 7 1 9 7 1 8 1 8 1 8 1 8 1 10 12 1 10 12 1 1 1 1 1 1 1 1 1 1 1 1 1 1 1 1 1 1 1 1 1 1 1 1 1 1 1 1 1 1 1 1 1 1 1 1 1 1 1 1 1 1 1 1
staticfield sun/reflect/annotation/AnnotationType $assertionsDisabled Z 1
ciInstanceKlass java/lang/annotation/RetentionPolicy 1 1 55 7 1 9 12 1 1 9 12 1 9 12 1 9 12 1 1 10 7 12 1 1 10 7 12 1 1 1 10 12 1 1 8 10 8 8 10 12 1 1 1 1 1 1 1 1 1 1 1 1 1 1 1 1 1
staticfield java/lang/annotation/RetentionPolicy SOURCE Ljava/lang/annotation/RetentionPolicy; java/lang/annotation/RetentionPolicy
staticfield java/lang/annotation/RetentionPolicy CLASS Ljava/lang/annotation/RetentionPolicy; java/lang/annotation/RetentionPolicy
staticfield java/lang/annotation/RetentionPolicy RUNTIME Ljava/lang/annotation/RetentionPolicy; java/lang/annotation/RetentionPolicy
staticfield java/lang/annotation/RetentionPolicy $VALUES [Ljava/lang/annotation/RetentionPolicy; 3 [Ljava/lang/annotation/RetentionPolicy;
ciInstanceKlass java/lang/reflect/InvocationHandler 1 0 41 10 100 12 1 1 1 10 100 12 1 1 1 10 100 12 1 1 1 100 1 100 1 1 1 1 100 1 1 1 1 1 1 1 1 1 1 1 1 1 1
ciInstanceKlass sun/reflect/annotation/AnnotationInvocationHandler 1 1 866 10 7 12 1 1 1 10 7 12 1 1 1 10 12 1 1 7 1 100 1 7 1 10 8 1 10 12 1 1 10 12 1 1 10 12 1 10 12 1 9 7 12 1 1 1 9 12 1 1 10 7 1 10 12 1 1 8 1 10 12 1 10 12 1 1 100 1 8 1 10 12 1 8 10 12 1 8 1 10 12 1 10 100 12 1 1 1 8 1 11 7 12 1 1 1 100 1 10 12 1 7 1 10 12 1 1 10 12 1 1 10 12 1 10 7 12 1 1 1 10 12 1 7 1 10 12 1 1 7 1 10 7 1 10 7 1 10 7 1 10 7 1 10 7 1 10 7 1 10 7 1 10 10 12 1 10 12 1 10 12 1 8 1 10 7 12 1 1 11 12 1 1 11 7 12 1 1 11 12 1 1 11 7 12 1 1 11 12 1 7 1 8 1 11 12 1 7 1 8 1 10 12 1 11 12 1 10 12 1 1 10 12 1 1 10 12 1 100 1 10 12 1 1 10 12 1 100 1 10 12 1 1 10 12 1 100 1 10 12 1 1 10 12 1 100 1 10 12 1 1 10 12 1 100 1 10 12 1 1 10 12 1 100 1 10 12 1 10 10 12 1 1 10 12 1 11 100 12 1 1 1 18 12 1 1 11 12 1 1 10 12 1 11 100 12 1 1 18 12 1 11 12 1 11 100 12 1 1 18 12 1 11 12 1 10 12 1 10 12 1 100 1 10 100 12 1 1 1 18 12 1 11 100 12 1 1 1 100 1 18 10 12 1 10 12 1 100 1 18 18 10 12 1 1 8 1 10 12 1 1 10 12 8 1 10 12 1 8 1 8 1 8 1 10 12 1 10 12 10 12 8 1 8 1 8 1 10 12 1 8 1 8 1 8 1 8 1 8 1 8 1 8 1 8 1 10 12 1 1 10 12 8 1 10 12 1 1 8 1 10 12 1 10 12 8 1 10 12 1 10 12 1 10 12 1 1 100 1 10 11 100 12 1 1 11 12 1 10 100 12 1 1 10 100 12 1 1 8 1 8 1 10 100 12 1 1 1 11 12 1 1 10 12 1 10 12 1 10 12 1 1 10 12 1 10 12 1 1 10 12 1 1 100 1 100 1 10 12 1 1 10 100 12 1 1 1 10 12 1 1 10 10 12 1 10 12 1 10 12 1 10 12 1 10 12 1 10 12 1 10 12 1 10 12 1 9 12 1 1 10 10 12 1 9 12 1 1 10 12 1 100 1 10 12 1 10 100 12 1 1 1 100 10 12 1 100 1 10 12 1 10 12 1 10 12 1 10 12 1 9 100 12 1 1 9 8 1 10 10 12 10 12 1 10 10 12 1 10 12 1 10 12 1 10 12 1 10 12 1 10 12 1 10 12 1 10 12 1 10 12 1 10 100 12 1 1 1 8 10 100 12 1 1 8 10 100 12 1 1 1 100 1 100 1 8 1 10 10 12 1 1 100 1 10 100 1 10 12 1 10 10 12 1 10 12 1 1 11 12 1 1 10 100 12 1 1 1 10 12 1 1 10 100 12 1 1 1 10 12 1 100 1 100 1 1 1 1 5 0 1 1 1 1 1 1 1 1 1 1 1 1 1 1 1 1 1 1 1 1 1 1 1 1 1 1 1 1 1 1 1 1 1 1 1 1 1 1 1 1 1 1 1 1 1 1 1 1 1 1 1 1 1 1 1 1 1 1 1 1 1 1 1 1 1 1 1 1 1 1 1 1 1 1 1 1 1 1 1 1 1 1 1 1 1 1 1 1 1 1 1 1 1 1 1 1 1 1 1 1 1 1 1 1 1 1 1 1 1 1 1 1 1 1 100 1 100 1 1 1 1 1 1 1 16 1 15 16 16 1 15 10 12 1 16 16 1 15 16 16 15 16 15 16 15 16 15 10 12 16 15 10 100 12 1 1 1 1 1 1 1 100 1 100 1 1
staticfield sun/reflect/annotation/AnnotationInvocationHandler $assertionsDisabled Z 1
instanceKlass jdk/proxy5/$Proxy41
instanceKlass jdk/proxy5/$Proxy40
instanceKlass jdk/proxy7/$Proxy39
instanceKlass jdk/proxy7/$Proxy38
instanceKlass jdk/proxy7/$Proxy37
instanceKlass jdk/proxy6/$Proxy36
instanceKlass jdk/proxy7/$Proxy35
instanceKlass jdk/proxy7/$Proxy34
instanceKlass jdk/proxy7/$Proxy33
instanceKlass jdk/proxy8/$Proxy32
instanceKlass jdk/proxy7/$Proxy31
instanceKlass jdk/proxy7/$Proxy30
instanceKlass jdk/proxy7/$Proxy29
instanceKlass jdk/proxy7/$Proxy28
instanceKlass jdk/proxy7/$Proxy27
instanceKlass jdk/proxy7/$Proxy26
instanceKlass jdk/proxy7/$Proxy25
instanceKlass jdk/proxy6/$Proxy24
instanceKlass jdk/proxy7/$Proxy23
instanceKlass jdk/proxy7/$Proxy22
instanceKlass jdk/proxy1/$Proxy21
instanceKlass jdk/proxy6/$Proxy20
instanceKlass jdk/proxy6/$Proxy19
instanceKlass jdk/proxy6/$Proxy18
instanceKlass jdk/proxy1/$Proxy17
instanceKlass jdk/proxy1/$Proxy16
instanceKlass com/google/inject/internal/$Proxy15
instanceKlass jdk/proxy3/$Proxy14
instanceKlass jdk/proxy5/$Proxy13
instanceKlass jdk/proxy4/$Proxy12
instanceKlass jdk/proxy3/$Proxy11
instanceKlass jdk/proxy3/$Proxy10
instanceKlass jdk/proxy3/$Proxy9
instanceKlass com/sun/proxy/jdk/proxy1/$Proxy8
instanceKlass jdk/proxy1/$Proxy7
instanceKlass jdk/proxy3/$Proxy6
instanceKlass jdk/proxy3/$Proxy5
instanceKlass org/eclipse/core/net/internal/proxy/win32/$Proxy4
instanceKlass jdk/proxy2/$Proxy3
instanceKlass com/sun/proxy/jdk/proxy1/$Proxy2
instanceKlass com/sun/proxy/jdk/proxy1/$Proxy1
instanceKlass jdk/proxy1/$Proxy0
ciInstanceKlass java/lang/reflect/Proxy 1 1 631 100 1 10 7 12 1 1 1 10 7 12 1 1 1 9 7 12 1 1 1 10 7 12 1 1 1 10 100 12 1 1 1 10 12 1 1 10 7 12 1 1 7 1 10 12 1 1 9 12 1 1 10 7 12 1 1 1 18 12 1 1 10 7 12 1 1 1 10 7 12 1 1 1 10 7 12 1 1 1 18 10 12 1 1 9 100 12 1 1 1 10 100 12 1 1 1 10 12 1 1 10 12 1 1 10 12 1 1 10 12 1 1 100 1 100 1 100 1 10 100 12 1 1 1 10 12 1 100 1 10 12 1 1 100 1 10 100 1 10 12 1 1 10 12 1 10 100 12 1 1 1 100 1 100 1 10 8 1 10 12 1 1 10 10 12 1 18 12 1 1 10 7 12 1 1 1 7 1 10 12 1 10 7 12 1 1 10 12 1 10 100 1 8 1 10 11 7 1 10 12 1 1 10 12 1 1 9 12 1 1 100 1 10 9 12 1 1 10 100 12 1 1 1 100 1 10 12 1 1 10 12 100 1 10 100 12 1 1 10 12 1 1 10 100 12 1 1 1 10 100 12 1 1 1 10 12 1 1 10 12 1 1 10 12 1 10 100 12 1 1 1 10 12 1 1 100 1 10 12 1 18 12 1 1 11 100 12 1 1 8 1 10 12 1 10 12 1 1 10 12 1 1 10 12 1 1 10 100 12 1 1 1 10 12 1 1 100 1 10 12 1 1 10 12 1 1 10 12 1 10 12 1 1 10 10 12 1 8 1 10 12 1 8 1 10 12 1 11 7 12 1 1 100 1 10 100 1 10 11 12 1 1 11 100 12 1 1 11 12 1 11 100 12 1 1 11 100 1 11 12 1 10 12 1 10 12 1 1 11 11 11 12 1 8 1 100 1 10 12 1 8 1 10 12 1 8 1 10 12 1 10 12 1 1 10 12 1 1 9 12 1 10 12 1 1 100 1 100 1 10 12 1 10 10 10 12 1 1 100 1 10 12 1 10 12 1 10 12 1 1 10 12 1 10 12 1 9 12 1 10 7 1 10 100 1 1 1 1 5 0 1 1 1 1 1 8 1 1 1 1 1 1 1 1 1 1 1 1 1 1 1 1 1 1 1 1 1 1 1 1 1 1 1 1 1 1 1 1 1 1 1 1 1 1 1 1 1 1 1 1 1 1 1 1 1 1 1 1 1 1 1 1 1 1 1 1 1 1 1 1 1 1 1 1 1 1 1 1 1 1 1 1 1 1 1 1 1 1 1 1 1 1 1 1 1 1 1 1 1 1 1 1 1 1 1 1 1 1 1 1 1 1 1 1 1 1 1 1 1 1 1 1 100 1 100 1 1 16 15 10 12 16 15 10 12 16 15 10 7 1 16 16 15 10 12 15 10 7 12 1 1 1 1 100 1 1 1 1 1 1
staticfield java/lang/reflect/Proxy constructorParams [Ljava/lang/Class; 1 [Ljava/lang/Class;
staticfield java/lang/reflect/Proxy proxyCache Ljdk/internal/loader/ClassLoaderValue; jdk/internal/loader/ClassLoaderValue
staticfield java/lang/reflect/Proxy DEFAULT_METHODS_MAP Ljava/lang/ClassValue; java/lang/reflect/Proxy$1
staticfield java/lang/reflect/Proxy EMPTY_ARGS [Ljava/lang/Object; 0 [Ljava/lang/Object;
staticfield java/lang/reflect/Proxy $assertionsDisabled Z 1
ciInstanceKlass com/sun/proxy/jdk/proxy1/$Proxy1 1 1 134 1 7 1 7 1 100 1 1 12 10 1 1 1 1 1 100 1 100 1 100 1 1 12 9 12 9 1 7 1 1 12 11 1 100 1 12 10 1 100 1 12 10 1 1 1 12 9 1 100 1 100 1 1 12 10 1 1 1 12 9 1 100 1 1 1 12 9 1 7 1 1 1 100 1 100 1 1 12 10 1 8 1 1 12 10 8 1 1 12 10 8 8 1 8 8 1 100 1 12 10 1 12 10 1 100 10 1 100 1 1 1 100 1 100 1 12 10 1 12 10 1 100 1 1 12 10 12 10 10 1 1 1 1
staticfield com/sun/proxy/jdk/proxy1/$Proxy1 m0 Ljava/lang/reflect/Method; java/lang/reflect/Method
staticfield com/sun/proxy/jdk/proxy1/$Proxy1 m1 Ljava/lang/reflect/Method; java/lang/reflect/Method
staticfield com/sun/proxy/jdk/proxy1/$Proxy1 m2 Ljava/lang/reflect/Method; java/lang/reflect/Method
staticfield com/sun/proxy/jdk/proxy1/$Proxy1 m3 Ljava/lang/reflect/Method; java/lang/reflect/Method
ciInstanceKlass java/lang/ArrayIndexOutOfBoundsException 0 0 45 10 100 12 1 1 1 10 12 1 100 1 10 8 1 10 12 1 1 10 12 1 10 12 1 1 100 1 1 1 1 5 0 1 1 1 1 1 1 1 1 1 1 1 1
ciInstanceKlass java/lang/AssertionError 0 0 79 10 100 12 1 1 1 10 12 1 10 100 12 1 1 1 10 100 1 100 1 10 12 1 1 10 12 1 10 12 1 10 12 1 10 12 1 10 12 1 10 12 1 10 12 1 1 1 1 5 0 1 1 1 1 1 1 1 1 1 1 100 1 1 1 1 1 1 1 1 1 1 1 1 1 1 1 1 1
instanceKlass java/nio/file/ClosedDirectoryStreamException
instanceKlass java/nio/file/ClosedFileSystemException
instanceKlass org/apache/http/conn/ssl/SSLInitializationException
instanceKlass org/eclipse/m2e/core/internal/project/registry/StaleMutableProjectRegistryException
instanceKlass java/util/concurrent/CancellationException
instanceKlass java/nio/channels/OverlappingFileLockException
ciInstanceKlass java/lang/IllegalStateException 1 0 35 10 100 12 1 1 1 10 12 1 10 12 1 10 12 1 100 1 1 1 1 5 0 1 1 1 1 1 1 1 1 1 1 1 1
ciInstanceKlass java/util/LinkedHashMap$LinkedValues 1 1 173 9 7 12 1 1 1 10 7 12 1 1 1 9 12 1 1 9 7 12 1 1 1 10 12 1 7 1 10 12 1 10 12 1 1 100 1 10 7 12 1 1 1 7 1 10 12 1 1 10 12 1 1 100 1 10 9 12 1 9 12 1 1 9 100 12 1 1 1 11 100 12 1 1 1 9 12 1 9 12 1 9 12 1 100 1 10 100 1 10 10 12 1 1 9 100 1 9 12 1 9 12 1 10 12 1 1 10 12 1 1 10 100 1 1 1 1 1 1 1 1 1 1 1 1 1 1 1 1 1 1 1 1 1 1 1 1 1 1 1 1 1 1 1 1 1 1 1 1 1 1 1 1 1 1 1 1 1 1 1 1 1 1 1 1 1 1 1 1 1 100 1 1
ciInstanceKlass java/lang/reflect/TypeVariable 1 0 39 100 1 100 1 100 1 100 1 1 1 1 1 1 1 1 1 1 1 1 1 1 1 100 1 8 1 1 12 10 1 1 1 8 1 1 1 8 1
ciInstanceKlass java/lang/reflect/AnnotatedType 1 1 25 100 1 100 1 100 1 1 1 1 1 1 1 1 1 1 1 1 1 1 1 1 1 1 1
ciInstanceKlass java/util/logging/LogRecord 1 1 449 7 1 5 0 10 7 12 1 1 1 10 7 12 1 1 1 10 7 12 1 1 1 7 1 9 7 12 1 1 1 9 12 1 1 9 12 1 1 10 7 12 1 1 1 9 12 1 1 10 7 12 1 1 1 10 12 1 10 12 1 9 12 1 1 9 12 1 10 7 12 1 1 1 9 12 1 1 9 12 1 1 9 12 1 9 12 1 1 9 12 1 100 1 10 10 12 1 9 12 1 9 12 1 9 12 1 1 10 12 1 10 12 1 1 9 12 1 1 10 100 12 1 1 1 8 10 100 12 1 1 1 8 10 12 1 8 8 8 8 10 12 1 8 8 1 8 1 10 12 1 1 3 8 8 8 10 12 1 10 12 1 1 10 12 1 10 12 1 1 10 12 1 1 10 100 12 1 1 1 10 100 12 1 1 1 10 12 1 7 1 10 12 1 5 0 5 0 10 12 1 1 7 1 10 12 1 1 100 1 18 12 1 1 10 12 1 10 12 1 100 1 10 10 12 1 1 100 1 10 100 12 1 1 1 10 12 11 100 12 1 1 1 11 12 1 11 12 1 1 10 100 12 1 1 1 10 100 12 1 1 1 10 100 12 1 1 1 100 1 7 1 10 10 12 1 18 12 1 1 10 7 12 1 1 1 11 7 12 1 1 1 10 12 1 11 12 1 10 12 1 10 7 1 10 12 1 9 12 1 1 9 9 12 1 1 100 1 1 1 5 0 1 1 1 1 1 1 1 1 1 1 1 1 1 1 1 1 1 1 1 1 1 1 1 1 1 1 1 1 1 1 1 1 1 1 1 1 1 1 1 1 1 1 1 1 1 1 1 1 1 1 1 1 1 1 1 1 1 1 1 1 1 1 100 1 1 1 1 1 1 1 1 1 1 1 1 1 1 1 1 1 1 100 1 1 1 1 1 1 1 1 1 1 1 1 1 8 1 16 15 10 12 16 15 10 100 12 1 1 15 10 7 12 1 1 1 1 1 1 1 100 1 1 100 1 100 1 1
staticfield java/util/logging/LogRecord globalSequenceNumber Ljava/util/concurrent/atomic/AtomicLong; java/util/concurrent/atomic/AtomicLong
staticfield java/util/logging/LogRecord serialPersistentFields [Ljava/io/ObjectStreamField; 12 [Ljava/io/ObjectStreamField;
ciInstanceKlass java/lang/StackStreamFactory$StackFrameTraverser 1 1 220 100 1 7 1 10 7 12 1 1 1 10 7 12 1 1 9 12 1 1 10 12 1 1 9 12 1 1 10 7 12 1 1 1 7 1 9 12 1 1 9 7 12 1 1 1 10 12 1 1 10 7 12 1 1 1 11 7 12 1 1 1 100 1 10 12 1 7 1 10 12 1 1 10 12 1 9 12 1 1 10 7 12 1 1 10 7 12 1 1 1 10 12 1 9 12 1 10 12 1 11 7 12 1 1 1 10 12 1 9 12 1 1 9 100 12 1 1 1 100 1 10 8 1 10 12 1 1 10 12 1 8 1 10 12 1 10 12 1 1 10 100 12 1 1 1 8 1 9 12 1 1 11 7 12 1 1 1 1 1 3 1 1 1 1 1 1 1 1 1 1 1 1 1 1 1 1 1 1 1 100 1 1 1 1 1 1 1 1 1 1 1 1 1 1 1 1 1 1 1 1 100 1 1 1 1 1 1 1 1 1 1 1 1 1 1 1 1 1 1
ciInstanceKlass java/util/stream/ReduceOps$8ReducingSink 1 1 78 9 7 12 1 1 1 9 12 1 1 10 7 12 1 1 1 9 12 1 11 7 12 1 1 1 10 7 12 1 1 1 10 12 1 1 10 12 1 1 10 12 1 1 100 1 100 1 1 1 1 1 1 1 1 1 1 1 1 1 1 1 1 1 1 1 100 1 12 1 1 1 1 1 1 100 1 1
ciInstanceKlass java/util/stream/SortedOps 1 1 100 10 100 12 1 1 1 7 1 10 12 1 10 12 1 100 1 10 100 1 10 100 1 10 100 1 1 1 1 1 1 1 1 1 1 1 1 1 1 1 1 1 1 1 1 1 1 1 1 1 1 1 1 1 1 1 1 1 1 100 1 100 1 100 1 100 1 100 1 100 1 100 1 100 1 100 1 100 1 100 1 100 1 1 1 1 1 1 1 1 1 1 1 1 1 1 1 1 1 1
instanceKlass java/util/stream/SortedOps$OfRef
ciInstanceKlass java/util/stream/ReferencePipeline$StatefulOp 1 1 66 10 7 12 1 1 1 9 7 12 1 1 1 10 100 12 1 1 1 100 1 10 12 1 10 12 1 1 10 7 12 1 1 1 1 1 1 1 1 1 1 1 1 1 1 1 1 1 1 1 100 1 1 1 1 1 1 1 1 1 1 1 1 1 1 1
staticfield java/util/stream/ReferencePipeline$StatefulOp $assertionsDisabled Z 1
ciInstanceKlass java/util/stream/SortedOps$OfRef 1 1 147 9 7 12 1 1 1 9 7 12 1 1 1 9 12 1 10 7 12 1 1 1 9 7 12 1 1 1 11 7 12 1 1 1 9 12 1 1 9 12 1 10 7 12 1 1 1 9 12 1 1 10 12 1 1 9 12 1 7 1 10 12 1 7 1 10 10 100 12 1 1 1 10 12 1 1 11 100 12 1 1 1 10 100 12 1 1 1 10 100 12 1 1 1 1 1 1 1 1 1 1 1 1 1 1 1 1 1 1 1 1 1 1 1 1 1 1 1 1 1 1 1 1 1 1 1 1 1 1 1 1 1 1 1 1 1 1 1 100 1 1 100 1 1 1 1 1
ciInstanceKlass java/lang/reflect/UndeclaredThrowableException 0 0 105 10 100 12 1 1 1 10 12 1 1 10 100 12 1 1 1 8 1 10 100 12 1 1 1 100 1 10 100 12 1 1 1 11 100 12 1 1 1 10 100 12 1 1 1 10 100 12 1 1 1 10 12 1 1 100 1 10 12 1 9 100 12 1 1 1 1 1 1 5 0 1 1 1 1 1 1 1 1 1 1 1 1 1 1 1 1 1 1 1 100 1 100 1 1 1 1 1 1 1 1 1 1 1 1
ciInstanceKlass com/google/common/base/Preconditions 1 1 221 10 100 12 1 1 1 100 1 10 10 100 12 1 1 1 10 12 1 10 12 1 1 10 100 12 1 1 1 10 100 1 10 100 12 1 1 10 100 12 1 1 100 1 10 10 100 1 10 10 8 1 10 7 12 1 1 1 100 1 10 12 1 1 10 8 1 100 1 10 8 1 10 12 1 1 10 12 1 10 12 1 1 8 1 10 12 1 10 12 1 8 1 10 12 1 1 8 1 8 1 8 1 1 1 1 1 1 1 1 1 1 1 1 1 1 1 1 1 1 1 1 1 1 1 1 1 1 1 1 1 1 1 1 1 1 1 1 1 1 1 1 1 1 1 1 1 1 1 1 1 1 1 1 1 1 1 1 1 1 1 1 1 1 1 1 1 1 1 1 1 1 1 1 1 1 1 1 1 1 1 1 1 1 1 1 1 1 1 1 1 1 1 1 1 1 1 1 1 1 1 1 1 1 1 1 1 1 1 1 1 1 1 1 1 1 1 1 1 1 1
instanceKlass com/google/common/collect/RegularImmutableMap
instanceKlass com/google/common/collect/ImmutableBiMap
instanceKlass com/google/common/collect/ImmutableMap$IteratorBasedImmutableMap
ciInstanceKlass com/google/common/collect/ImmutableMap 1 1 520 10 100 12 1 1 1 10 12 1 9 7 12 1 1 1 10 100 12 1 1 1 7 1 10 7 12 1 1 1 10 12 1 1 7 1 10 12 1 1 100 1 10 12 1 8 1 10 100 12 1 1 1 10 12 1 10 12 1 1 100 1 100 1 10 8 1 10 12 1 1 8 1 10 12 1 8 1 10 12 1 1 10 12 1 100 1 10 12 1 1 100 1 10 12 1 1 11 100 12 1 1 1 10 12 1 1 9 12 1 1 10 100 12 1 1 1 100 10 12 1 10 100 12 1 1 1 11 12 1 1 11 12 1 10 12 1 10 12 1 10 11 100 12 1 1 1 11 100 12 1 1 11 12 1 10 12 1 10 100 12 1 1 10 7 1 100 1 10 10 12 1 1 10 12 1 10 12 1 1 10 100 12 1 1 1 9 12 1 10 12 1 1 9 12 1 10 12 1 10 12 10 100 12 1 1 100 1 10 12 1 10 12 1 1 18 12 1 1 10 100 12 1 1 1 9 12 1 10 12 1 10 12 1 10 100 12 1 1 9 12 1 1 100 1 10 12 1 10 12 1 10 100 12 1 1 1 10 100 12 1 1 1 10 12 1 1 100 1 10 12 1 100 1 8 1 10 10 12 100 1 1 1 1 1 1 1 1 1 1 1 1 1 1 1 1 5 0 1 1 1 1 1 1 1 1 1 1 1 1 1 1 1 1 1 1 1 1 1 1 1 1 1 1 1 1 1 1 1 1 1 1 1 1 1 1 1 1 1 1 1 1 1 1 1 1 1 1 1 1 1 1 1 1 1 1 1 1 1 1 1 1 1 1 1 1 1 1 1 1 1 1 1 1 1 1 1 1 1 1 1 1 1 1 1 1 1 1 1 1 1 1 1 1 1 1 1 1 1 1 1 1 1 1 1 1 1 1 1 1 1 1 1 1 1 1 1 1 1 1 1 1 1 1 1 1 1 1 1 1 1 1 1 1 1 1 1 1 1 1 1 1 1 1 1 1 1 1 1 1 1 1 1 1 1 1 1 1 1 1 1 1 1 1 1 1 1 1 1 1 1 1 1 1 1 1 1 1 1 1 1 1 1 1 1 1 16 15 16 1 15 10 100 12 1 1 1 1 1 1 1 1 100 1 1 100 1 100 1 1 1 100 1 8 1 1 12 10 1 1
staticfield com/google/common/collect/ImmutableMap EMPTY_ENTRY_ARRAY [Ljava/util/Map$Entry; 0 [Ljava/util/Map$Entry;
instanceKlass sun/reflect/generics/repository/FieldRepository
instanceKlass sun/reflect/generics/repository/GenericDeclRepository
ciInstanceKlass sun/reflect/generics/repository/AbstractRepository 1 1 53 9 7 12 1 1 1 9 12 1 1 10 12 1 1 10 7 12 1 1 1 10 7 12 1 1 1 10 12 1 1 1 1 1 1 1 1 1 1 1 1 1 1 1 1 1 1 1 1 1 1 1 1
instanceKlass sun/reflect/generics/repository/ConstructorRepository
instanceKlass sun/reflect/generics/repository/ClassRepository
ciInstanceKlass sun/reflect/generics/repository/GenericDeclRepository 1 1 83 10 7 12 1 1 1 9 7 12 1 1 1 10 12 1 1 10 7 12 1 1 10 12 1 1 7 1 11 12 1 1 9 12 1 7 1 10 12 1 1 10 7 12 1 1 1 10 7 12 1 1 1 1 1 1 1 1 1 1 1 1 1 1 1 1 1 1 1 1 1 1 1 1 1 1 1 100 1 1 1 1 1
staticfield sun/reflect/generics/repository/GenericDeclRepository EMPTY_TYPE_VARS [Ljava/lang/reflect/TypeVariable; 0 [Ljava/lang/reflect/TypeVariable;
ciInstanceKlass sun/reflect/generics/repository/ClassRepository 1 1 114 10 7 12 1 1 1 10 7 12 1 1 1 10 12 1 1 7 1 10 9 12 1 1 10 12 1 1 9 12 1 1 10 12 1 1 10 7 12 1 1 10 12 1 1 10 12 1 1 7 1 10 12 1 1 10 7 12 1 1 1 10 7 12 1 1 10 12 1 1 7 1 11 7 1 10 12 1 8 1 10 12 1 9 12 1 1 1 1 1 1 1 1 1 1 1 1 1 1 1 1 1 1 1 1 100 1 1 1 1 1 1 1 1
staticfield sun/reflect/generics/repository/ClassRepository NONE Lsun/reflect/generics/repository/ClassRepository; sun/reflect/generics/repository/ClassRepository
ciInstanceKlass sun/reflect/generics/tree/FormalTypeParameter 1 1 51 10 7 12 1 1 1 9 7 12 1 1 1 9 12 1 1 10 12 1 11 7 12 1 1 1 100 1 1 1 1 1 1 1 1 1 1 1 1 1 1 1 1 1 1 1 1 1 1 1 1
ciInstanceKlass sun/reflect/generics/tree/Signature 1 0 11 100 1 100 1 100 1 1 1 1 1
ciInstanceKlass sun/reflect/generics/tree/ClassSignature 1 1 58 10 7 12 1 1 1 9 7 12 1 1 1 9 12 1 1 9 12 1 1 10 12 1 11 100 12 1 1 1 100 1 1 1 1 1 1 1 1 1 1 1 1 1 1 1 1 1 1 1 1 1 1 1 1 1 1 1
ciInstanceKlass java/lang/reflect/ParameterizedType 1 0 14 100 1 100 1 100 1 1 1 1 1 1 1 1
ciInstanceKlass sun/reflect/generics/reflectiveObjects/ParameterizedTypeImpl 1 1 178 10 7 12 1 1 1 9 7 12 1 1 1 9 12 1 1 10 7 12 1 1 1 9 12 1 1 10 12 1 10 12 1 1 100 1 8 1 10 12 1 1 10 100 12 1 1 1 10 100 12 1 1 1 10 12 1 10 12 1 10 7 12 1 1 100 1 11 12 1 1 11 12 1 10 100 12 1 1 1 11 12 1 1 10 100 12 1 1 10 12 1 1 10 12 1 100 1 10 11 100 12 1 1 10 12 1 1 8 1 10 12 1 8 1 10 12 1 1 10 12 1 100 1 8 1 8 1 8 1 10 12 1 10 12 1 1 10 12 1 10 10 12 1 1 1 1 1 1 1 1 1 1 1 1 1 1 1 100 1 1 1 1 1 1 1 1 1 1 1 1 1 1 1 1 1 1 1
ciInstanceKlass sun/reflect/generics/reflectiveObjects/TypeVariableImpl 1 1 273 10 7 12 1 1 1 9 7 12 1 1 1 9 12 1 1 9 12 1 1 7 1 100 1 100 1 100 1 100 1 10 12 1 8 1 10 12 1 1 11 7 12 1 1 1 10 12 1 1 10 10 12 1 10 12 1 100 1 10 12 1 1 10 100 12 1 1 100 1 10 7 12 1 1 1 100 1 10 12 1 1 10 12 1 7 1 10 7 1 11 12 1 1 11 10 7 12 1 1 1 11 12 1 1 10 7 1 10 12 1 1 10 12 1 1 10 12 1 1 11 100 12 1 1 7 1 10 12 1 1 10 100 12 1 1 1 10 12 1 1 10 12 1 8 1 10 10 100 12 1 1 1 10 12 1 1 10 12 1 1 11 12 1 1 10 12 1 100 1 10 11 12 1 10 100 12 1 1 1 10 12 1 1 9 100 12 1 1 1 11 12 1 1 100 1 8 1 10 12 1 8 1 10 12 1 9 12 1 1 1 1 1 1 1 1 1 1 1 1 1 1 1 1 1 1 1 1 1 1 1 1 1 1 1 1 1 1 1 1 1 1 1 1 1 1 1 1 1 1 1 1 1 1 1 1 100 1 1 1 1 1 1 1 1 1 1 100 1 1 1 1 1
staticfield sun/reflect/generics/reflectiveObjects/TypeVariableImpl EMPTY_ANNOTATION_ARRAY [Ljava/lang/annotation/Annotation; 0 [Ljava/lang/annotation/Annotation;
ciInstanceKlass java/lang/reflect/WildcardType 1 0 12 100 1 100 1 100 1 1 1 1 1 1
ciInstanceKlass jdk/proxy1/$Proxy7 1 1 144 1 7 1 7 1 100 1 1 12 10 1 1 1 1 1 100 1 100 1 100 1 1 12 9 12 9 1 7 1 1 12 11 1 100 1 12 10 1 100 1 12 10 1 1 1 12 9 1 100 1 100 1 1 12 10 1 1 1 12 9 1 100 1 1 12 9 1 1 12 9 1 1 1 12 9 1 7 1 1 1 100 1 100 1 1 12 10 1 8 1 1 12 10 8 1 1 12 10 8 8 1 8 8 8 8 1 100 1 12 10 1 12 10 1 100 10 1 100 1 1 1 100 1 100 1 12 10 1 12 10 1 100 1 1 12 10 12 10 10 1 1 1 1
staticfield jdk/proxy1/$Proxy7 m0 Ljava/lang/reflect/Method; java/lang/reflect/Method
staticfield jdk/proxy1/$Proxy7 m1 Ljava/lang/reflect/Method; java/lang/reflect/Method
staticfield jdk/proxy1/$Proxy7 m2 Ljava/lang/reflect/Method; java/lang/reflect/Method
staticfield jdk/proxy1/$Proxy7 m3 Ljava/lang/reflect/Method; java/lang/reflect/Method
staticfield jdk/proxy1/$Proxy7 m4 Ljava/lang/reflect/Method; java/lang/reflect/Method
staticfield jdk/proxy1/$Proxy7 m5 Ljava/lang/reflect/Method; java/lang/reflect/Method
ciInstanceKlass sun/reflect/generics/repository/FieldRepository 1 1 74 10 7 12 1 1 1 10 7 12 1 1 1 10 12 1 1 7 1 10 9 12 1 1 10 12 1 1 10 12 1 1 10 12 1 1 7 1 11 12 1 1 10 7 12 1 1 10 12 1 1 1 1 1 1 1 1 1 1 1 1 1 1 1 100 1 1 1 1 1 1 1 1 1
ciInstanceKlass sun/reflect/annotation/TypeAnnotationParser 1 1 532 10 100 12 1 1 1 10 7 12 1 1 1 7 1 10 12 1 10 7 12 1 1 1 10 100 12 1 1 1 11 7 12 1 1 1 9 12 1 1 11 12 1 1 7 9 7 12 1 1 1 10 7 12 1 1 1 10 12 1 1 7 1 9 12 1 1 10 7 12 1 1 1 10 12 1 1 10 7 1 10 12 1 1 10 7 12 1 1 1 10 12 1 10 12 1 100 1 9 7 12 1 1 1 10 12 1 10 10 12 1 1 9 12 1 10 12 1 10 12 1 10 12 1 9 100 12 1 1 1 9 12 1 1 10 12 1 1 9 12 1 10 12 1 1 9 12 1 100 1 9 12 1 100 1 100 1 10 8 1 10 12 1 1 10 12 1 8 1 10 12 1 1 10 12 1 10 12 1 1 10 12 1 1 11 11 12 1 1 11 100 12 1 1 11 12 1 1 10 12 1 1 100 1 100 1 10 12 1 1 10 12 1 1 10 12 1 100 1 11 12 1 10 12 1 9 12 1 9 12 1 10 100 12 1 1 1 11 100 12 1 1 1 10 11 12 1 1 11 12 1 1 10 100 12 1 1 1 10 12 1 1 3 10 12 1 1 7 1 10 11 12 1 10 100 12 1 1 1 10 12 1 1 9 100 12 1 1 1 11 100 12 1 1 1 100 1 8 1 8 1 10 12 1 10 12 1 1 10 12 1 1 10 100 12 1 1 1 10 12 1 100 1 100 1 10 12 1 10 12 1 1 10 12 1 10 12 1 10 12 1 1 9 12 1 9 12 1 9 12 1 9 12 1 10 12 1 8 1 10 12 1 1 1 3 3 3 3 3 3 3 3 3 3 1 3 1 3 1 3 1 3 1 3 1 3 1 3 1 3 1 3 1 3 1 3 1 3 1 1 1 1 1 1 1 1 1 1 1 1 1 1 1 1 1 1 1 1 1 1 1 1 1 1 100 100 1 100 1 100 1 1 1 1 1 1 1 1 1 1 1 1 1 1 1 1 1 1 1 1 100 100 100 1 1 1 1 1 1 1 1 1 1 1 1 1 1 1 1 1 1 1 1 1 100 1 1 1 1 1 1 1 1 1 1 1 1 1 1 1 1 1 1 1 1 1 1 1 1 1 1 1 1 1 1 1 1 1 1 1 1 1 1 1 1 100 1 1 1 1 1 1 1 1 1 1 1 1 1 1 1 1
staticfield sun/reflect/annotation/TypeAnnotationParser EMPTY_TYPE_ANNOTATION_ARRAY [Lsun/reflect/annotation/TypeAnnotation; 0 [Lsun/reflect/annotation/TypeAnnotation;
ciInstanceKlass sun/reflect/annotation/TypeAnnotation$TypeAnnotationTarget 1 1 96 7 1 9 12 1 1 9 12 1 9 12 1 9 12 1 9 12 1 9 12 1 9 12 1 9 12 1 9 12 1 9 12 1 9 12 1 9 12 1 9 12 1 1 10 100 12 1 1 10 7 12 1 1 1 10 12 1 1 8 10 8 8 8 8 8 8 8 8 8 8 8 10 12 1 1 1 1 1 1 1 1 1 1 1 1 1 1 1 1 1 1 100 1 1 1
staticfield sun/reflect/annotation/TypeAnnotation$TypeAnnotationTarget CLASS_TYPE_PARAMETER Lsun/reflect/annotation/TypeAnnotation$TypeAnnotationTarget; sun/reflect/annotation/TypeAnnotation$TypeAnnotationTarget
staticfield sun/reflect/annotation/TypeAnnotation$TypeAnnotationTarget METHOD_TYPE_PARAMETER Lsun/reflect/annotation/TypeAnnotation$TypeAnnotationTarget; sun/reflect/annotation/TypeAnnotation$TypeAnnotationTarget
staticfield sun/reflect/annotation/TypeAnnotation$TypeAnnotationTarget CLASS_EXTENDS Lsun/reflect/annotation/TypeAnnotation$TypeAnnotationTarget; sun/reflect/annotation/TypeAnnotation$TypeAnnotationTarget
staticfield sun/reflect/annotation/TypeAnnotation$TypeAnnotationTarget CLASS_IMPLEMENTS Lsun/reflect/annotation/TypeAnnotation$TypeAnnotationTarget; sun/reflect/annotation/TypeAnnotation$TypeAnnotationTarget
staticfield sun/reflect/annotation/TypeAnnotation$TypeAnnotationTarget CLASS_TYPE_PARAMETER_BOUND Lsun/reflect/annotation/TypeAnnotation$TypeAnnotationTarget; sun/reflect/annotation/TypeAnnotation$TypeAnnotationTarget
staticfield sun/reflect/annotation/TypeAnnotation$TypeAnnotationTarget METHOD_TYPE_PARAMETER_BOUND Lsun/reflect/annotation/TypeAnnotation$TypeAnnotationTarget; sun/reflect/annotation/TypeAnnotation$TypeAnnotationTarget
staticfield sun/reflect/annotation/TypeAnnotation$TypeAnnotationTarget FIELD Lsun/reflect/annotation/TypeAnnotation$TypeAnnotationTarget; sun/reflect/annotation/TypeAnnotation$TypeAnnotationTarget
staticfield sun/reflect/annotation/TypeAnnotation$TypeAnnotationTarget METHOD_RETURN Lsun/reflect/annotation/TypeAnnotation$TypeAnnotationTarget; sun/reflect/annotation/TypeAnnotation$TypeAnnotationTarget
staticfield sun/reflect/annotation/TypeAnnotation$TypeAnnotationTarget METHOD_RECEIVER Lsun/reflect/annotation/TypeAnnotation$TypeAnnotationTarget; sun/reflect/annotation/TypeAnnotation$TypeAnnotationTarget
staticfield sun/reflect/annotation/TypeAnnotation$TypeAnnotationTarget METHOD_FORMAL_PARAMETER Lsun/reflect/annotation/TypeAnnotation$TypeAnnotationTarget; sun/reflect/annotation/TypeAnnotation$TypeAnnotationTarget
staticfield sun/reflect/annotation/TypeAnnotation$TypeAnnotationTarget THROWS Lsun/reflect/annotation/TypeAnnotation$TypeAnnotationTarget; sun/reflect/annotation/TypeAnnotation$TypeAnnotationTarget
staticfield sun/reflect/annotation/TypeAnnotation$TypeAnnotationTarget RECORD_COMPONENT Lsun/reflect/annotation/TypeAnnotation$TypeAnnotationTarget; sun/reflect/annotation/TypeAnnotation$TypeAnnotationTarget
staticfield sun/reflect/annotation/TypeAnnotation$TypeAnnotationTarget $VALUES [Lsun/reflect/annotation/TypeAnnotation$TypeAnnotationTarget; 12 [Lsun/reflect/annotation/TypeAnnotation$TypeAnnotationTarget;
instanceKlass sun/reflect/annotation/AnnotatedTypeFactory$AnnotatedParameterizedTypeImpl
ciInstanceKlass sun/reflect/annotation/AnnotatedTypeFactory$AnnotatedTypeBaseImpl 1 1 312 10 7 12 1 1 1 9 7 12 1 1 1 9 12 1 1 9 12 1 1 10 7 12 1 1 1 10 7 12 1 1 1 9 12 1 1 10 12 1 1 10 12 1 1 10 12 1 1 11 7 12 1 1 1 7 1 11 7 12 1 1 1 7 1 11 12 1 1 10 100 12 1 1 1 100 1 100 1 8 1 10 12 1 10 12 1 1 10 12 1 1 9 100 12 1 1 1 10 12 1 1 10 12 1 1 9 12 1 9 100 12 1 1 10 12 1 1 10 12 1 1 100 1 10 12 1 10 100 12 1 1 10 12 1 1 11 100 12 1 1 1 11 100 100 1 10 10 12 1 10 12 1 1 10 12 1 1 11 100 12 1 1 1 11 12 1 10 11 100 12 1 1 1 18 12 1 1 11 12 1 1 8 1 10 100 12 1 1 1 11 12 1 1 100 1 10 12 1 1 8 1 10 12 1 1 11 100 1 11 12 1 11 10 100 12 1 1 10 12 1 1 11 10 100 12 1 1 11 12 1 1 100 1 10 12 1 1 100 1 100 1 100 1 100 1 10 12 1 1 10 12 1 1 1 1 1 1 1 1 1 1 1 1 1 1 1 1 1 1 1 1 1 1 1 1 1 1 1 1 1 1 1 1 1 1 1 1 1 1 1 1 16 15 11 16 1 15 10 100 12 1 1 1 1 1 1 100 1 100 1 1
ciInstanceKlass sun/reflect/annotation/AnnotatedTypeFactory$AnnotatedParameterizedTypeImpl 1 1 255 10 7 12 1 1 1 10 100 12 1 1 1 11 100 12 1 1 1 100 1 9 100 12 1 1 1 10 100 12 1 1 1 10 12 1 1 100 1 10 12 1 10 12 1 1 10 100 12 1 1 1 10 12 1 1 10 100 12 1 1 10 12 1 1 11 100 12 1 1 1 9 12 1 1 11 12 1 1 100 10 12 1 1 11 12 1 1 10 12 1 1 9 12 1 1 10 12 1 100 1 10 12 1 10 12 1 1 10 12 1 1 10 12 1 1 11 12 1 11 100 12 1 1 1 10 12 1 1 11 100 12 1 1 1 18 12 1 1 11 12 1 1 8 1 8 1 8 1 10 100 12 1 1 1 11 12 1 1 100 1 10 12 1 100 1 10 12 1 1 11 10 12 1 1 10 12 1 1 100 1 10 100 12 1 1 1 1 1 1 1 1 1 1 1 1 1 1 1 1 1 1 1 1 1 1 1 1 1 1 1 1 1 100 100 1 1 1 1 1 1 1 1 1 1 1 1 1 1 1 1 1 1 16 1 15 11 16 1 15 10 100 12 1 1 1 1 1 1 1 100 1 100 1 1
instanceKlass com/google/common/collect/ImmutableMultimap$EntryCollection
instanceKlass com/google/common/collect/ImmutableMultiset
instanceKlass com/google/common/collect/ImmutableMultimap$Values
instanceKlass com/google/common/collect/ImmutableSet
instanceKlass com/google/common/collect/ImmutableList
ciInstanceKlass com/google/common/collect/ImmutableCollection 1 1 203 100 1 10 7 12 1 1 1 7 1 10 100 12 1 1 1 9 12 1 1 10 12 1 1 10 7 12 1 1 1 10 12 1 1 10 12 1 1 10 12 1 10 12 1 10 100 12 1 1 1 10 7 12 1 1 1 10 12 1 1 100 1 10 10 100 12 1 1 1 10 12 1 1 10 100 12 1 1 1 10 12 1 100 1 10 12 10 12 1 11 100 12 1 1 1 11 100 1 10 12 1 100 1 8 1 10 12 1 7 1 100 1 1 1 1 3 1 1 5 0 1 1 1 1 1 1 1 1 1 1 1 1 1 1 1 1 1 1 100 1 1 1 1 1 1 1 1 1 1 1 1 1 1 1 1 1 1 1 1 1 1 1 1 1 1 1 1 1 1 1 1 1 1 1 1 1 1 1 1 1 1 1 1 1 1 1 1 1 1 1 1 1 1 1 1 1 1 1 1 100 1 1
staticfield com/google/common/collect/ImmutableCollection EMPTY_ARRAY [Ljava/lang/Object; 0 [Ljava/lang/Object;
instanceKlass com/google/common/collect/RegularImmutableMap$Values
instanceKlass com/google/common/collect/Lists$StringAsImmutableList
instanceKlass com/google/common/collect/RegularImmutableList
instanceKlass com/google/common/collect/ImmutableList$SubList
instanceKlass com/google/common/collect/SingletonImmutableList
instanceKlass com/google/common/collect/ImmutableList$ReverseImmutableList
instanceKlass com/google/common/collect/ImmutableAsList
ciInstanceKlass com/google/common/collect/ImmutableList 1 1 462 10 100 12 1 1 1 9 7 12 1 1 1 7 1 10 12 1 1 100 1 10 7 12 1 1 1 100 1 3 8 1 10 100 12 1 1 1 10 100 12 1 1 1 10 12 1 1 7 1 10 12 1 1 11 100 12 1 1 1 10 12 1 7 1 10 12 1 1 10 12 1 1 10 12 1 1 10 12 1 11 11 100 12 1 1 10 12 1 11 12 1 1 10 12 1 7 1 10 12 1 10 12 1 1 10 12 1 1 10 12 1 10 7 12 1 1 100 1 10 100 12 1 1 100 1 10 7 12 1 1 1 10 100 12 1 1 1 10 12 1 10 12 1 10 12 1 10 7 12 1 1 10 12 1 10 12 10 10 12 1 1 10 12 1 100 1 10 12 1 1 10 12 1 10 12 1 1 11 100 12 1 1 10 100 12 1 1 1 10 12 1 10 12 1 1 10 12 1 1 10 12 1 1 100 1 10 100 1 10 18 12 1 1 10 100 12 1 1 1 100 1 10 12 1 10 12 1 1 10 12 1 100 1 8 1 10 12 1 100 1 10 8 1 10 100 12 1 1 1 10 12 1 10 12 1 10 12 1 100 1 100 1 1 1 1 5 0 1 1 1 1 1 1 1 1 1 1 1 1 1 1 1 1 1 1 1 1 1 1 1 1 1 1 1 1 1 1 1 1 1 1 1 1 1 1 1 1 1 1 1 1 1 1 1 1 1 1 1 1 1 1 1 1 1 1 1 1 1 1 1 1 1 1 1 1 1 1 1 1 1 1 1 1 1 1 1 1 1 1 1 1 1 1 1 1 1 1 1 1 1 1 1 1 1 1 1 1 1 1 1 1 1 1 1 1 1 1 1 1 1 1 1 1 1 1 1 1 1 1 1 1 1 1 1 1 1 1 1 1 1 1 1 1 1 1 1 1 1 1 1 1 1 1 1 1 1 1 1 1 1 1 1 1 1 1 1 1 1 1 1 1 16 15 11 15 10 100 12 1 1 1 1 1 1 1 1 100 1 100 1 1 1 100 1 8 1 1 12 10 1 1
ciInstanceKlass com/google/common/collect/SingletonImmutableList 1 1 114 10 7 12 1 1 1 10 7 12 1 1 1 9 7 12 1 1 1 10 12 1 1 10 7 12 1 1 1 10 7 12 1 1 1 11 7 12 1 1 1 10 12 1 1 10 12 1 1 100 1 10 10 12 1 1 10 100 12 1 1 1 10 12 1 10 10 12 1 1 10 12 1 1 10 12 1 1 1 1 1 1 1 1 1 1 1 1 1 1 1 1 1 1 1 1 1 1 1 1 1 1 1 1 1 1 1 1 1 1 1 1 1 1
ciInstanceKlass com/google/common/collect/RegularImmutableList 1 1 92 10 7 12 1 1 1 9 7 12 1 1 1 10 7 12 1 1 1 10 7 12 1 1 1 100 1 10 100 12 1 1 1 10 12 1 1 10 12 1 1 7 1 10 12 1 9 12 1 1 1 1 1 1 1 1 1 1 1 1 1 1 1 1 1 1 1 1 1 1 1 1 1 1 1 1 1 1 1 1 1 1 1 1 1 1 1 1 1 1 1 1
staticfield com/google/common/collect/RegularImmutableList EMPTY Lcom/google/common/collect/ImmutableList; com/google/common/collect/RegularImmutableList
ciInstanceKlass com/google/common/collect/Iterators$SingletonIterator 1 1 49 10 7 12 1 1 1 9 7 12 1 1 1 9 12 1 1 100 1 10 1 1 1 1 1 1 1 1 1 1 1 1 1 1 1 1 1 1 1 1 1 1 1 1 1 1 100 1 1
ciInstanceKlass com/google/common/collect/Iterators$ArrayItr 1 1 53 10 7 12 1 1 1 9 7 12 1 1 1 7 1 10 12 1 9 12 1 1 1 1 1 1 1 1 1 1 1 1 1 1 1 1 1 1 1 1 1 1 1 1 1 1 1 1 1 1 100 1 1
staticfield com/google/common/collect/Iterators$ArrayItr EMPTY Lcom/google/common/collect/UnmodifiableListIterator; com/google/common/collect/Iterators$ArrayItr
ciInstanceKlass jdk/proxy5/$Proxy13 1 1 144 1 7 1 7 1 100 1 1 12 10 1 1 1 1 1 100 1 100 1 7 1 1 12 9 12 9 1 7 1 1 12 11 1 100 1 12 10 1 100 1 12 10 1 1 1 12 9 1 100 1 7 1 1 12 10 1 1 1 12 9 1 100 1 1 1 12 9 1 7 1 1 12 9 1 1 12 9 1 1 1 100 1 100 1 1 12 10 1 8 1 1 12 10 8 1 1 12 10 8 8 1 8 8 8 8 1 100 1 12 10 1 12 10 1 100 10 1 100 1 1 1 100 1 100 1 12 10 1 12 10 1 100 1 1 12 10 12 10 10 1 1 1 1
staticfield jdk/proxy5/$Proxy13 m0 Ljava/lang/reflect/Method; java/lang/reflect/Method
staticfield jdk/proxy5/$Proxy13 m1 Ljava/lang/reflect/Method; java/lang/reflect/Method
staticfield jdk/proxy5/$Proxy13 m2 Ljava/lang/reflect/Method; java/lang/reflect/Method
staticfield jdk/proxy5/$Proxy13 m3 Ljava/lang/reflect/Method; java/lang/reflect/Method
staticfield jdk/proxy5/$Proxy13 m4 Ljava/lang/reflect/Method; java/lang/reflect/Method
staticfield jdk/proxy5/$Proxy13 m5 Ljava/lang/reflect/Method; java/lang/reflect/Method
ciInstanceKlass jdk/proxy3/$Proxy5 1 1 144 1 7 1 7 1 100 1 1 12 10 1 1 1 1 1 100 1 100 1 7 1 1 12 9 12 9 1 7 1 1 12 11 1 100 1 12 10 1 100 1 12 10 1 1 1 12 9 1 100 1 7 1 1 12 10 1 1 1 12 9 1 7 1 1 12 9 1 1 12 9 1 1 1 12 9 1 7 1 1 1 100 1 100 1 1 12 10 1 8 1 1 12 10 8 1 1 12 10 8 8 1 8 8 8 8 1 100 1 12 10 1 12 10 1 100 10 1 100 1 1 1 100 1 100 1 12 10 1 12 10 1 100 1 1 12 10 12 10 10 1 1 1 1
staticfield jdk/proxy3/$Proxy5 m0 Ljava/lang/reflect/Method; java/lang/reflect/Method
staticfield jdk/proxy3/$Proxy5 m1 Ljava/lang/reflect/Method; java/lang/reflect/Method
staticfield jdk/proxy3/$Proxy5 m2 Ljava/lang/reflect/Method; java/lang/reflect/Method
staticfield jdk/proxy3/$Proxy5 m3 Ljava/lang/reflect/Method; java/lang/reflect/Method
staticfield jdk/proxy3/$Proxy5 m4 Ljava/lang/reflect/Method; java/lang/reflect/Method
staticfield jdk/proxy3/$Proxy5 m5 Ljava/lang/reflect/Method; java/lang/reflect/Method
ciInstanceKlass  @bci org/eclipse/jdt/ls/core/internal/handlers/BundleUtils getBundles (Ljava/lang/String;Lorg/osgi/framework/wiring/FrameworkWiring;)[Lorg/osgi/framework/Bundle; 142 <appendix> argL0 ; 1 1 23 1 7 1 7 1 100 1 1 12 10 1 1 1 7 1 7 1 1 12 10 1 1
ciInstanceKlass com/google/inject/spi/Message 0 0 202 10 10 9 9 100 10 9 10 10 10 10 10 11 9 10 10 10 10 11 10 10 100 10 10 11 11 10 10 10 11 10 10 10 100 100 100 1 1 1 1 1 1 1 1 1 5 0 1 1 1 1 1 1 1 1 1 1 1 1 1 1 1 1 1 1 1 1 1 1 1 1 1 1 1 1 1 1 1 1 1 1 1 100 100 1 1 1 1 1 1 1 1 1 1 1 1 1 1 1 1 1 1 1 1 1 1 1 1 1 1 1 1 1 1 1 1 1 100 1 100 1 1 12 100 12 12 12 1 12 100 12 12 100 12 12 12 100 12 12 100 12 12 100 12 100 12 12 100 12 12 12 1 12 12 100 12 12 12 12 12 12 1 1 1 1 1 1 1 1 1 1 1 1 1 1 1 1 1 1 1 1 1 1 1 1 1 1 1 1 1 1 1 1 1 1 1 1 1 1 1 1
ciInstanceKlass com/google/inject/TypeLiteral 1 1 299 10 10 10 9 10 9 10 9 8 10 7 10 10 7 100 8 10 7 11 7 10 10 10 10 10 10 10 10 10 7 10 7 11 10 11 10 100 11 10 7 11 11 10 10 10 8 10 10 10 8 10 7 10 10 7 10 8 10 100 100 10 8 10 10 10 10 10 10 10 10 7 1 1 1 1 1 1 1 1 1 1 1 1 1 1 1 1 1 1 1 1 1 1 1 1 1 1 1 1 1 1 1 1 1 1 1 1 1 1 1 1 1 1 1 1 1 1 1 1 1 1 1 1 1 1 1 1 1 1 100 1 1 1 1 1 1 1 1 1 1 1 1 1 1 1 1 1 1 1 1 1 1 1 1 1 1 1 1 1 1 1 1 1 1 1 1 1 1 1 1 1 1 1 1 1 1 1 1 1 12 12 12 12 7 12 12 12 12 7 12 1 12 12 1 1 1 12 1 12 1 12 12 100 12 12 12 12 12 7 12 12 1 12 1 12 12 12 100 12 12 12 1 12 12 12 12 12 1 12 12 7 12 1 12 1 12 1 1 1 1 1 12 12 12 12 12 12 1 1 1 1 1 1 1 1 1 1 1 1 1 1 1 1 1 1 1 1 1 1 1 1 1 1 1 1 1 1 1 1 1 1 1 1 1 1 1 1 1 1 1 1 1 1 1 1 1 1 1
ciInstanceKlass com/google/inject/Key 1 1 270 10 10 9 10 10 10 9 10 9 10 9 10 10 10 11 11 11 10 10 10 10 7 10 10 9 100 10 8 10 10 8 10 10 10 10 11 11 8 10 11 10 10 10 7 10 7 10 10 10 10 10 8 10 8 10 10 10 8 7 1 1 1 7 1 7 1 1 1 1 1 1 1 1 1 1 1 1 1 1 1 1 1 1 1 1 1 1 1 1 1 1 1 1 1 1 1 1 1 1 1 1 1 1 1 1 1 1 1 1 1 1 1 1 7 1 1 1 1 1 1 1 1 1 1 1 1 100 1 1 1 1 1 1 1 1 1 1 1 1 1 1 1 1 1 1 1 1 1 1 1 1 1 1 1 1 1 1 1 1 1 1 1 1 7 1 1 1 1 1 1 1 1 1 12 12 12 12 7 12 7 12 12 12 12 12 12 12 12 12 12 12 12 12 12 1 12 12 1 1 12 12 1 12 12 12 12 12 7 12 12 12 12 7 12 1 12 1 12 12 12 12 12 1 12 1 12 12 12 1 1 1 1 1 1 1 1 1 1 1 1 1 1 1 1 1 1 1 1 1 1 1 1 1 1 1 1 1 1 1 1 1 1 1 1 1 1 1 1 1
ciInstanceKlass com/google/inject/spi/Dependency 1 1 160 10 9 8 10 7 9 9 9 7 10 10 10 11 11 11 7 10 11 10 7 10 10 10 10 100 10 10 10 10 10 1 1 1 1 1 1 1 1 1 1 1 1 1 1 1 1 1 1 1 1 1 1 1 1 1 1 1 1 1 1 1 1 7 7 1 1 1 1 1 1 1 1 1 1 1 1 1 1 1 1 1 1 1 1 1 1 1 1 12 12 7 12 1 12 12 12 1 7 12 12 7 12 7 12 12 12 1 12 12 7 12 1 7 12 7 12 12 12 1 12 12 12 12 1 1 1 1 1 1 1 1 1 1 1 1 1 1 1 1 1 1 1 1 1 1 1 1 1 1 1 1 1 1 1 1 1 1 1 1
ciInstanceKlass com/google/inject/internal/Errors 1 1 740 100 10 100 100 10 10 10 10 10 10 10 9 9 9 9 7 10 9 8 7 10 10 9 8 100 10 10 9 10 10 9 8 9 8 9 100 10 9 8 10 9 8 8 10 9 8 9 8 9 8 9 8 9 8 9 8 9 8 9 8 9 8 9 100 10 9 8 9 8 9 8 8 9 8 9 100 10 9 8 10 10 9 8 9 8 9 8 9 8 9 8 9 8 9 8 9 8 9 8 9 8 9 8 9 8 10 100 10 9 8 9 8 9 100 10 9 8 8 10 10 9 8 9 8 8 100 10 10 100 10 10 10 11 10 9 10 9 8 9 8 8 9 8 10 10 10 10 11 11 11 10 9 10 10 11 10 10 100 10 10 11 10 10 100 10 10 11 10 8 10 100 10 10 100 1 1 1 1 1 1 1 1 1 1 1 1 1 1 1 1 1 1 1 1 1 1 1 1 1 1 1 1 1 1 1 1 1 1 1 1 1 1 1 1 1 1 1 1 1 1 1 1 1 1 1 1 1 1 1 1 1 1 1 1 1 1 1 1 1 1 1 1 1 1 1 1 1 1 1 1 1 1 1 1 1 1 1 1 1 1 1 1 1 1 1 1 1 1 1 1 1 1 1 1 1 1 1 1 1 1 1 1 1 1 1 1 1 1 1 1 1 1 1 1 1 1 1 1 1 1 1 1 1 1 1 1 1 1 1 1 1 1 1 1 1 1 1 1 1 1 1 1 1 1 1 1 1 1 1 1 1 1 1 1 1 1 1 1 1 1 1 1 1 1 1 1 1 1 1 1 1 1 1 1 1 1 1 1 1 1 1 1 1 1 1 1 1 1 1 1 1 1 1 1 1 1 1 1 1 1 1 1 1 1 1 1 1 1 1 1 1 1 1 100 1 1 1 1 1 1 1 1 1 1 1 1 1 1 1 1 1 100 100 1 1 1 1 1 1 1 1 1 1 1 1 1 1 1 1 1 1 1 1 1 1 1 1 1 1 1 1 1 1 1 1 1 1 1 1 1 1 1 1 1 1 1 12 1 1 12 12 100 12 12 12 12 12 12 7 12 12 1 12 100 12 1 1 100 12 12 12 1 1 12 12 100 12 12 12 12 1 12 1 12 1 12 12 1 12 12 1 1 12 12 1 12 1 12 1 12 1 12 1 12 1 12 1 12 1 12 1 12 1 12 12 1 12 1 12 1 1 12 1 12 1 12 12 1 100 12 12 1 12 1 12 1 12 1 12 1 12 1 12 1 12 1 12 1 12 1 12 1 12 1 100 1 12 12 1 12 1 12 1 12 12 1 1 100 12 12 1 12 1 1 1 12 1 12 12 12 12 12 12 12 1 12 1 1 12 1 12 12 12 12 12 12 12 12 100 12 100 12 12 12 12 1 12 12 12 100 12 1 12 12 1 100 12 1 12 12 1 1 1 1 1 1 1 1 1 1 1 1 1 1 1 1 1 1 1 1 1 1 1 1 1 1 1 1 1 1 1 1 1 1 1 1 1 1 1 1 1 1 1 1 1 1 1 1 1 1 1 1 1 1 1 1 1 1 1 1 1 1 1 1 1 1 1 1 1 1 1 1 1 1 1 1 1 1 1 1 1 1 1 1 1 1 1 1 1 1 1 1 1 1 1 1 1 1 1 1 1 1 1 1 1 1 1 1 1
ciInstanceKlass com/google/inject/ConfigurationException 0 0 80 10 9 10 9 10 10 8 10 100 10 8 10 100 1 1 1 1 1 1 1 1 1 5 0 1 1 1 1 1 1 1 1 1 1 1 1 1 1 1 1 1 1 1 1 1 1 1 1 1 12 12 100 12 12 100 12 12 1 100 12 1 12 1 12 1 1 1 1 1 1 1 1 1 1 1 1 1 1 1
ciInstanceKlass com/google/inject/internal/ErrorsException 0 0 23 10 9 100 100 1 1 1 1 1 1 1 1 1 1 1 1 1 12 12 1 1 1
ciInstanceKlass com/google/inject/internal/util/SourceProvider 1 1 173 10 10 9 10 11 11 11 7 10 10 10 9 7 10 10 10 10 11 8 10 10 100 10 8 11 7 8 10 9 8 10 10 9 7 1 1 1 1 1 1 1 1 1 1 1 1 1 1 1 1 1 1 1 1 1 1 1 1 7 1 1 1 1 1 7 7 1 1 1 1 1 1 1 1 1 1 1 1 1 1 1 1 1 1 1 100 7 1 1 1 1 1 1 1 100 1 1 1 1 1 1 1 1 1 12 12 12 7 12 12 12 12 1 12 12 12 12 1 12 12 7 12 7 12 12 1 7 12 12 1 1 1 1 12 12 1 12 12 12 1 1 1 1 1 1 1 1 1 1 1 1 1 1 1 1 1 1 1 1 1 1 1 1 1 1 1 1 1 1 1 1 1
staticfield com/google/inject/internal/util/SourceProvider UNKNOWN_SOURCE Ljava/lang/Object; "[unknown source]"
staticfield com/google/inject/internal/util/SourceProvider DEFAULT_INSTANCE Lcom/google/inject/internal/util/SourceProvider; com/google/inject/internal/util/SourceProvider
instanceKlass com/google/common/collect/ImmutableEnumSet
instanceKlass com/google/common/collect/ImmutableSet$CachingAsList
instanceKlass com/google/common/collect/SingletonImmutableSet
ciInstanceKlass com/google/common/collect/ImmutableSet 1 1 332 7 1 100 1 100 1 7 1 10 100 12 1 1 1 9 7 12 1 1 1 7 1 10 12 1 1 7 1 10 12 1 10 12 1 1 10 7 1 10 12 1 1 10 12 1 1 7 1 3 8 1 10 7 12 1 1 1 7 1 10 12 1 1 7 1 10 12 1 1 11 7 12 1 1 10 12 1 11 12 1 1 7 1 10 12 1 1 10 12 1 1 10 12 1 1 11 100 12 1 1 1 10 12 1 11 100 12 1 1 11 12 1 1 10 12 1 7 1 10 12 1 10 12 1 10 12 1 1 10 10 12 1 10 100 12 1 1 10 10 12 1 10 12 1 1 10 100 1 10 100 12 1 1 1 10 12 1 1 100 1 10 10 12 1 100 1 8 1 10 12 1 8 1 10 100 12 1 1 1 10 10 7 12 1 1 1 3 10 12 1 6 0 3 8 1 100 1 9 100 12 1 1 1 10 7 12 1 1 1 10 12 1 1 1 1 3 1 1 1 1 1 1 5 0 1 1 1 1 1 1 1 1 1 1 1 1 1 1 1 1 1 1 1 1 1 1 1 1 1 1 1 1 1 1 1 1 1 1 1 1 1 1 1 1 1 1 1 1 1 1 1 100 1 1 1 1 1 1 1 1 1 1 1 1 1 1 1 1 1 1 1 1 1 1 1 1 1 1 1 1 1 1 1 1 1 1 1 1 1 1 1 1 1 1 1 1 1 1 1 100 1 1 100 1 1 100 1 1 100 1 1
instanceKlass com/google/common/collect/ImmutableSet$EmptySetBuilderImpl
instanceKlass com/google/common/collect/ImmutableSet$JdkBackedSetBuilderImpl
instanceKlass com/google/common/collect/ImmutableSet$RegularSetBuilderImpl
ciInstanceKlass com/google/common/collect/ImmutableSet$SetBuilderImpl 1 1 90 10 7 12 1 1 1 9 7 12 1 1 1 9 12 1 1 10 7 12 1 1 1 10 7 12 1 1 1 10 12 1 1 10 100 12 1 1 1 10 12 1 1 1 1 1 1 1 1 1 1 1 1 1 1 1 1 1 1 1 1 1 1 1 1 1 1 1 1 1 1 1 1 1 1 1 1 1 1 1 1 1 1 1 100 1 1 100 1 1
instanceKlass com/google/common/collect/ImmutableList$Builder
instanceKlass com/google/common/collect/ImmutableSet$Builder
ciInstanceKlass com/google/common/collect/ImmutableCollection$Builder 1 1 95 100 1 8 1 10 12 1 1 10 100 12 1 1 1 3 10 7 12 1 1 10 100 12 1 1 1 11 7 12 1 1 1 11 7 12 1 1 1 11 12 1 1 1 1 1 3 1 1 1 1 1 1 1 1 1 1 1 1 1 1 1 1 1 1 1 1 1 1 1 1 1 100 1 1 1 1 1 1 1 1 1 1 1 1 1 1 1 1 1 1 1 100 1 1
ciInstanceKlass com/google/common/collect/ImmutableSet$RegularSetBuilderImpl 1 1 184 7 1 10 7 12 1 1 1 9 7 12 1 1 1 9 12 1 1 9 12 1 10 12 1 10 7 12 1 1 9 12 1 10 7 12 1 1 1 9 12 1 10 12 1 1 9 12 1 10 12 1 10 12 1 1 10 12 1 10 7 12 1 1 10 7 12 1 1 10 7 12 1 1 1 10 12 1 1 100 1 10 10 10 12 1 10 12 1 10 12 1 1 10 12 6 0 10 12 1 1 10 12 1 1 10 12 1 10 7 12 1 1 1 7 1 10 12 1 3 9 7 12 1 1 1 10 7 12 1 1 1 1 1 1 1 3 1 1 1 1 1 1 1 1 1 1 1 1 1 1 1 1 1 1 1 1 1 1 1 1 1 1 1 1 1 1 1 1 1 1 1 1 1 1 1 1 1 1 1 1 1 1 1
ciInstanceKlass com/google/common/collect/ImmutableSet$Builder 1 1 147 10 7 12 1 1 1 10 7 12 1 1 100 1 10 9 12 1 1 10 7 12 1 1 1 10 7 12 1 1 1 100 1 10 12 1 9 12 1 1 10 12 1 10 7 12 1 10 7 12 1 1 10 12 1 10 12 1 1 10 12 1 10 12 1 1 10 12 1 10 12 1 1 10 12 1 10 12 1 1 10 10 12 1 10 12 1 10 12 1 10 12 1 1 1 1 1 1 1 1 1 1 1 1 1 1 1 1 1 1 1 1 1 1 1 1 1 1 1 1 1 1 1 1 1 1 1 1 1 1 1 1 1 1 1 1 1 1 100 1 1 100 1 1 1 1 1
ciInstanceKlass com/google/common/collect/ImmutableSet$EmptySetBuilderImpl 1 1 60 9 7 12 1 1 1 10 7 12 1 1 1 7 1 100 1 10 10 12 1 1 10 100 12 1 1 1 10 12 1 1 1 1 1 1 1 1 1 1 1 1 1 1 1 1 1 1 1 1 1 1 1 1 1 1 1 1 1 1
staticfield com/google/common/collect/ImmutableSet$EmptySetBuilderImpl INSTANCE Lcom/google/common/collect/ImmutableSet$EmptySetBuilderImpl; com/google/common/collect/ImmutableSet$EmptySetBuilderImpl
ciInstanceKlass com/google/common/collect/Lists 1 1 405 10 100 12 1 1 1 7 1 10 10 100 12 1 1 1 10 100 12 1 1 1 10 12 1 10 100 12 1 1 1 100 1 10 12 1 11 100 12 1 1 1 10 12 1 1 10 100 12 1 1 8 1 10 100 12 1 1 1 5 0 10 100 12 1 1 1 8 1 100 1 10 10 100 12 1 1 100 1 10 10 12 1 10 100 1 10 12 1 100 1 10 12 1 10 100 12 1 1 1 10 100 12 1 1 1 10 12 1 7 1 7 1 10 12 1 100 1 10 10 12 1 1 100 1 10 12 1 100 1 10 100 1 100 1 10 12 1 100 1 100 1 10 12 1 100 1 10 12 1 1 100 1 10 12 1 1 100 1 10 12 1 10 11 100 1 11 100 12 1 1 1 11 12 1 1 10 12 1 1 11 12 1 11 12 1 1 10 100 12 1 1 1 10 12 1 1 11 12 1 1 11 100 12 1 1 1 10 12 1 1 11 12 1 11 11 11 12 1 10 12 1 10 12 1 11 12 1 11 12 1 11 12 1 100 1 10 10 100 1 10 100 1 10 11 12 1 1 1 1 1 1 1 1 1 1 1 1 1 1 1 1 1 1 1 1 1 1 1 1 1 1 1 1 1 1 1 1 1 1 1 1 1 1 1 1 1 1 1 1 1 1 1 1 1 1 1 1 1 1 1 1 1 1 1 1 1 1 1 1 1 1 1 1 1 1 1 1 1 1 1 1 1 1 1 1 1 1 1 1 1 1 1 1 1 1 1 1 1 1 1 1 1 1 1 1 1 1 1 1 1 1 1 1 1 1 1 1 1 1 1 1 1 1 1 1 1 1 1 1 1 1 1 1 1 1 1 1 1 1 1 1 1 1 1 1 1 1 1 1 1 1 1 1 1 1 1 1 1 1 1 1 100 1 1
ciInstanceKlass com/google/common/collect/Hashing 1 1 70 100 1 10 7 12 1 1 1 7 1 5 0 5 0 10 7 12 1 1 1 10 12 1 1 10 12 1 1 10 7 12 1 1 10 12 1 3 1 1 1 1 1 1 1 1 1 1 1 1 1 1 1 1 1 1 1 1 1 1 1 1 1 1 1 1 1 1 1 1
instanceKlass com/google/common/collect/ImmutableMapEntry$NonTerminalImmutableMapEntry
ciInstanceKlass com/google/common/collect/ImmutableMapEntry 1 1 73 7 1 10 7 12 1 1 1 10 7 12 1 1 10 12 1 1 10 12 1 10 12 1 1 1 1 1 1 1 1 1 1 1 1 1 1 1 1 1 1 1 1 1 1 1 1 1 1 1 1 1 1 1 1 1 1 1 1 1 1 1 1 1 100 1 1 100 1 1 100 1 1
ciInstanceKlass com/google/common/collect/RegularImmutableMap 1 1 322 10 7 12 1 1 1 10 7 12 1 1 1 9 12 1 1 10 12 1 100 1 10 100 12 1 1 10 7 12 1 1 1 6 0 10 7 12 1 1 1 10 7 12 1 1 1 7 1 11 12 1 1 11 12 1 10 7 12 1 1 1 10 7 12 1 1 1 10 12 1 1 10 12 1 1 10 12 1 1 7 1 10 12 1 1 100 1 10 12 1 10 100 12 1 1 1 10 12 1 1 10 100 12 1 1 10 12 1 1 10 12 1 10 12 1 10 12 1 1 10 12 1 10 12 10 7 1 9 12 1 9 12 1 1 9 12 1 1 10 10 12 1 1 8 1 100 1 10 10 12 1 1 8 1 10 12 1 10 12 1 1 10 12 1 1 10 10 12 1 1 10 12 1 10 10 12 1 11 100 12 1 1 100 1 10 12 1 100 1 10 12 1 100 1 10 10 12 1 9 12 1 1 1 1 1 1 1 1 1 6 0 1 3 1 1 1 1 1 1 5 0 1 1 1 1 1 1 1 1 1 1 1 1 1 1 1 1 1 1 1 1 1 1 1 1 1 1 1 1 1 1 1 1 1 1 1 1 1 1 1 1 100 1 1 1 1 1 1 1 1 1 1 1 1 1 1 1 1 1 1 1 1 1 1 1 1 1 1 1 1 1 1 1 1 1 1 1 1 1 1 1 1 1 1 1 1 1 1 1 1 1 100 1 1 1 1 100 1 1 1 1
staticfield com/google/common/collect/RegularImmutableMap EMPTY Lcom/google/common/collect/ImmutableMap; com/google/common/collect/RegularImmutableMap
ciInstanceKlass com/google/inject/internal/MoreTypes 1 1 412 10 10 10 10 10 7 10 10 10 100 10 10 100 10 10 10 7 7 10 10 10 9 10 7 7 7 11 7 10 10 7 10 10 7 11 11 10 7 11 7 100 11 11 10 8 10 10 10 10 7 100 100 10 8 10 10 8 10 10 10 10 10 10 11 11 10 10 10 10 10 10 10 10 10 10 10 10 10 100 10 9 11 10 8 7 9 7 10 9 10 7 10 9 7 9 7 9 7 9 7 9 7 9 7 9 7 9 7 10 7 1 1 1 1 1 1 1 1 1 1 1 1 1 1 1 1 1 1 1 1 1 1 1 1 1 1 1 1 1 1 1 1 1 1 1 1 1 1 1 1 1 1 1 1 1 1 1 1 1 1 1 1 1 1 1 1 1 1 1 1 1 1 1 1 1 1 1 1 1 1 1 1 1 1 1 1 1 1 100 1 1 1 1 1 1 1 1 1 1 100 1 1 1 1 1 1 1 1 1 1 1 1 1 1 1 1 1 1 1 1 100 1 1 1 1 1 1 1 1 1 1 1 1 1 12 12 12 12 12 1 12 12 12 1 12 1 12 12 12 1 1 12 7 12 12 12 7 12 1 1 1 12 1 12 12 1 12 12 1 12 12 12 1 12 1 1 12 12 12 1 12 7 12 12 7 12 1 1 1 1 12 12 1 12 12 12 100 12 7 12 12 12 12 12 12 12 12 12 12 12 12 12 12 1 12 12 12 1 1 12 1 1 12 12 1 12 1 1 1 1 1 1 1 1 12 1 1 1 1 1 1 1 1 1 1 1 1 1 1 1 1 1 1 1 1 1 1 1 1 1 1 1 1 1 1 1 1 1 1 1 1 1 1 1 1 1 1 1 1 1 1 1 1 1 1 1 1 1 1 1 1 1 1 1 1 1 1 1 1 1 1 1 1 1 1 1 1 1 1 1 1
staticfield com/google/inject/internal/MoreTypes EMPTY_TYPE_ARRAY [Ljava/lang/reflect/Type; 0 [Ljava/lang/reflect/Type;
staticfield com/google/inject/internal/MoreTypes PRIMITIVE_TO_WRAPPER Lcom/google/common/collect/ImmutableMap; com/google/common/collect/RegularImmutableMap
ciInstanceKlass com/google/inject/internal/DeclaredMembers 1 1 168 10 10 10 18 11 18 18 11 11 18 11 7 10 18 18 18 10 10 18 7 7 10 10 7 7 100 1 1 1 1 1 1 1 1 1 1 1 1 1 1 1 1 1 1 1 1 1 1 1 1 1 1 1 1 1 1 12 7 12 7 12 1 15 16 15 16 12 7 12 15 16 15 16 12 7 12 16 15 16 12 12 1 12 15 16 15 16 15 16 7 12 12 15 16 1 1 12 12 1 1 1 1 1 1 1 1 10 1 10 1 1 1 1 1 1 10 1 10 1 1 1 1 1 1 1 10 1 1 1 1 10 1 10 1 10 1 1 1 1 1 10 1 1 1 1 7 12 12 12 12 12 12 12 1 1 100 1 1 1 1 1 1 1 1 100 1 1
ciInstanceKlass  @bci com/google/inject/internal/DeclaredMembers getDeclaredMethods (Ljava/lang/Class;)[Ljava/lang/reflect/Method; 7 <appendix> argL0 ; 1 1 21 1 7 1 7 1 100 1 1 12 10 1 1 1 7 1 1 12 10 1 1
ciInstanceKlass  @bci com/google/inject/internal/DeclaredMembers getDeclaredMethods (Ljava/lang/Class;)[Ljava/lang/reflect/Method; 15 <appendix> argL0 ; 1 1 21 1 7 1 7 1 100 1 1 12 10 1 1 1 7 1 1 12 10 1 1
ciInstanceKlass  @bci com/google/inject/internal/DeclaredMembers getDeclaredMethods (Ljava/lang/Class;)[Ljava/lang/reflect/Method; 20 <appendix> argL0 ; 1 1 21 1 7 1 7 1 100 1 1 12 10 1 1 1 7 1 1 12 10 1 1
ciInstanceKlass  @bci com/google/inject/internal/DeclaredMembers getDeclaredMethods (Ljava/lang/Class;)[Ljava/lang/reflect/Method; 33 <appendix> argL0 ; 1 1 23 1 7 1 7 1 100 1 1 12 10 1 1 1 7 1 7 1 1 12 10 1 1
ciInstanceKlass  @bci com/google/inject/internal/DeclaredMembers getDeclaredMethods (Ljava/lang/Class;)[Ljava/lang/reflect/Method; 38 <appendix> argL0 ; 1 1 21 1 7 1 7 1 100 1 1 12 10 1 1 1 7 1 1 12 10 1 1
ciInstanceKlass  @bci com/google/inject/internal/DeclaredMembers getDeclaredMethods (Ljava/lang/Class;)[Ljava/lang/reflect/Method; 62 <appendix> argL0 ; 1 1 21 1 7 1 7 1 100 1 1 12 10 1 1 1 7 1 1 12 10 1 1
ciInstanceKlass com/google/inject/Key$AnnotationStrategy 1 0 21 100 100 1 1 1 1 1 1 1 1 1 1 1 1 1 1 100 1 1 1
ciInstanceKlass com/google/inject/Key$NullAnnotationStrategy 1 1 71 9 10 100 7 10 10 100 8 10 8 8 10 9 7 100 1 1 1 1 1 1 1 1 1 1 1 1 1 1 1 1 1 1 1 1 1 1 1 1 1 1 1 1 1 1 1 1 1 1 1 1 12 100 12 100 1 12 12 1 1 12 1 12 1 1 1 1 1 1 1
staticfield com/google/inject/Key$NullAnnotationStrategy INSTANCE Lcom/google/inject/Key$NullAnnotationStrategy; com/google/inject/Key$NullAnnotationStrategy
staticfield com/google/inject/Key$NullAnnotationStrategy $VALUES [Lcom/google/inject/Key$NullAnnotationStrategy; 1 [Lcom/google/inject/Key$NullAnnotationStrategy;
ciInstanceKlass com/google/common/collect/ImmutableMapEntry$NonTerminalImmutableMapEntry 1 1 42 10 7 12 1 1 1 9 7 12 1 1 1 1 1 1 1 1 1 1 1 1 1 1 1 1 1 1 1 1 1 1 1 1 1 1 1 1 1 1 1 1
instanceKlass com/google/common/collect/CompoundOrdering
instanceKlass com/google/common/collect/AllEqualOrdering
instanceKlass com/google/common/collect/ExplicitOrdering
instanceKlass com/google/common/collect/NaturalOrdering
instanceKlass com/google/common/collect/LexicographicalOrdering
instanceKlass com/google/common/collect/UsingToStringOrdering
instanceKlass com/google/common/collect/ByFunctionOrdering
instanceKlass com/google/common/collect/NullsLastOrdering
instanceKlass com/google/common/collect/NullsFirstOrdering
instanceKlass com/google/common/collect/ComparatorOrdering
instanceKlass com/google/common/collect/ReverseOrdering
ciInstanceKlass com/google/common/collect/Ordering 1 1 394 9 100 12 1 1 1 7 1 7 1 10 12 1 1 10 100 12 1 1 1 100 1 10 12 1 10 100 12 1 1 1 10 12 1 1 9 100 12 1 1 9 100 12 1 1 9 100 12 1 1 1 10 7 12 1 1 100 1 10 12 1 100 1 10 100 1 10 100 1 10 12 1 10 100 12 1 1 1 10 12 1 1 100 1 100 1 10 12 1 10 12 1 7 1 10 11 100 12 1 1 1 11 12 1 1 10 12 1 1 11 100 12 1 1 1 10 12 1 10 12 1 1 10 12 1 10 12 100 1 11 12 1 1 5 0 11 12 1 1 10 100 12 1 1 1 10 12 1 1 10 12 1 10 100 12 1 1 1 10 12 1 1 8 1 10 100 12 1 1 1 10 12 1 1 100 1 3 10 12 1 1 10 12 1 10 100 1 10 12 1 1 11 100 12 1 1 10 12 1 10 100 12 1 1 1 10 12 1 1 10 12 1 10 12 1 1 10 12 1 10 100 12 1 1 10 12 1 10 100 12 1 1 1 10 12 1 1 1 1 1 3 1 3 1 1 1 1 1 1 1 1 1 1 1 1 1 1 1 1 1 1 1 1 1 1 1 1 1 1 1 1 1 1 1 1 1 1 1 1 1 1 1 1 1 1 1 1 1 1 1 1 1 1 1 1 1 1 1 1 1 1 1 1 1 1 1 1 1 1 1 1 1 1 1 1 1 1 1 1 1 1 1 1 1 1 1 1 1 1 1 1 1 1 100 1 1 1 1 1 1 1 1 1 1 1 1 1 1 1 1 1 1 1 1 1 1 1 1 1 1 1 1 1 1 1 1 1 1 1 1 1 1 1 1 1 1 1 1 1 1 1 1 100 1 1 100 1 1 100 1 100 1 1
ciInstanceKlass com/google/common/collect/ComparatorOrdering 1 1 76 10 7 12 1 1 1 10 7 12 1 1 1 7 1 9 7 12 1 1 1 11 12 1 1 11 12 1 1 11 12 1 1 11 12 1 1 100 1 1 1 1 1 1 5 0 1 1 1 1 1 1 1 1 1 1 1 1 1 1 1 1 1 1 1 1 1 1 1 1 1 1 1 1 1 1
ciInstanceKlass com/google/common/collect/LexicographicalOrdering 1 1 107 10 7 12 1 1 1 9 7 12 1 1 1 11 7 12 1 1 1 11 7 12 1 1 1 11 12 1 1 11 7 12 1 1 1 11 12 1 1 11 12 1 1 3 100 1 10 10 12 1 1 8 1 10 12 1 10 12 1 1 10 12 1 100 1 1 1 1 1 1 5 0 1 1 1 1 1 1 1 1 1 1 1 1 1 1 1 1 1 1 1 1 1 1 1 1 1 1 1 1 1 1 1 1 1 1 1
ciInstanceKlass com/google/inject/internal/Annotations 1 1 526 10 10 10 10 10 10 10 10 8 10 9 11 7 10 10 7 100 10 10 10 10 10 10 10 10 7 10 11 10 10 10 100 10 10 10 10 9 18 10 10 10 7 10 11 9 10 10 11 10 10 10 8 10 9 9 8 9 7 10 7 8 10 7 10 10 8 10 8 7 10 100 100 10 9 10 10 10 10 10 10 10 10 10 10 10 10 10 9 7 11 10 100 10 10 10 11 8 10 10 10 10 10 7 10 10 8 10 8 10 10 7 7 7 10 10 7 7 1 1 1 1 1 1 1 1 1 100 1 1 1 1 1 1 1 1 1 1 1 1 1 1 1 1 1 1 1 1 1 1 1 1 1 1 1 100 1 1 1 1 1 1 1 1 1 1 1 1 100 1 1 1 1 1 1 1 1 1 1 1 1 7 1 1 1 1 1 100 1 1 1 1 1 1 1 1 1 1 1 1 1 1 1 1 1 1 1 1 1 1 7 100 1 1 1 1 1 1 1 1 1 1 1 1 1 1 1 1 1 1 1 1 1 1 1 1 1 1 1 1 7 7 1 1 1 100 1 1 1 1 1 1 1 1 1 1 1 1 1 1 1 1 1 1 1 1 1 1 1 1 1 12 12 12 12 12 12 7 12 12 1 100 12 12 100 12 1 12 12 1 1 12 100 12 12 100 12 12 12 12 12 1 12 12 7 12 12 12 1 12 12 12 1 15 16 15 16 12 100 12 12 12 1 12 12 7 12 12 12 12 12 12 12 1 12 12 12 1 12 1 12 1 12 1 1 12 1 1 12 1 1 12 12 12 7 12 12 12 12 12 12 12 12 12 12 12 12 12 1 12 7 12 1 12 12 12 1 12 12 12 7 12 12 1 12 1 7 12 1 12 12 1 1 1 12 12 1 1 1 1 1 1 1 1 1 1 1 1 1 1 1 1 1 1 1 1 1 1 1 1 1 1 1 1 1 1 1 1 1 1 1 1 1 1 1 1 1 1 1 1 1 1 1 1 1 1 1 1 1 10 10 1 1 1 1 1 1 1 1 1 1 1 1 1 1 1 1 1 1 1 1 1 1 1 1 1 1 1 1 1 1 1 1 1 1 1 1 1 1 1 1 1 1 1 1 1 1 1 1 1 1 1 1 1 1 1 1 1 1 1 1 1 1 1 1 100 12 12 1 1 100 1 1 100 1 1
staticfield com/google/inject/internal/Annotations cache Lcom/google/common/cache/LoadingCache; com/google/common/cache/LocalCache$LocalLoadingCache
staticfield com/google/inject/internal/Annotations JOINER Lcom/google/common/base/Joiner$MapJoiner; com/google/common/base/Joiner$MapJoiner
staticfield com/google/inject/internal/Annotations ANNOTATION_TO_STRING_CONFIG Lcom/google/inject/internal/Annotations$AnnotationToStringConfig; com/google/inject/internal/Annotations$AnnotationToStringConfig
staticfield com/google/inject/internal/Annotations scopeChecker Lcom/google/inject/internal/Annotations$AnnotationChecker; com/google/inject/internal/Annotations$AnnotationChecker
staticfield com/google/inject/internal/Annotations bindingAnnotationChecker Lcom/google/inject/internal/Annotations$AnnotationChecker; com/google/inject/internal/Annotations$AnnotationChecker
ciInstanceKlass com/google/inject/Key$AnnotationTypeStrategy 1 1 91 10 8 10 7 9 9 100 8 10 7 10 10 100 10 10 10 10 10 7 100 1 1 1 1 1 1 1 1 1 1 1 1 1 1 1 1 1 1 1 1 1 1 1 1 1 1 1 1 1 1 1 1 1 1 1 1 1 1 1 12 1 7 12 1 12 12 1 1 12 100 1 12 12 1 12 12 12 12 1 1 1 1 1 1 1 1 1 1 1 1
ciInstanceKlass com/google/inject/spi/InjectionPoint 1 1 797 10 10 9 9 9 7 10 10 10 10 11 10 9 11 10 10 11 10 10 11 10 10 100 10 10 100 10 10 10 10 11 10 10 10 10 11 11 11 7 10 11 11 10 7 10 7 100 11 7 10 10 10 10 10 10 10 10 10 10 10 10 10 10 10 18 11 10 11 7 11 18 18 10 18 11 11 10 10 7 10 10 7 10 10 10 10 10 10 10 100 10 10 10 10 10 10 10 10 10 10 11 10 7 11 11 10 100 10 7 11 7 7 10 10 9 9 9 11 10 10 10 10 7 10 9 10 10 10 10 10 7 10 10 10 9 9 8 10 7 10 10 8 10 10 10 9 10 10 9 9 10 10 10 10 10 10 9 9 10 10 10 10 7 10 7 10 10 10 10 10 10 10 11 100 10 100 10 11 10 10 10 100 1 1 1 100 1 1 1 1 7 1 1 1 1 1 1 1 1 1 1 1 1 1 1 1 1 1 1 1 1 1 1 1 1 1 1 1 1 1 1 1 1 1 1 1 1 1 1 1 1 1 1 1 1 1 7 100 1 1 1 1 1 1 1 1 1 1 1 1 1 1 1 1 1 1 1 7 100 100 100 7 1 1 1 1 1 1 1 1 1 1 1 1 1 1 1 1 1 1 1 1 1 1 1 1 1 1 1 1 1 1 1 1 1 1 1 1 1 1 1 1 1 1 1 1 1 1 1 1 1 1 1 1 1 1 1 1 1 100 1 1 1 1 1 1 1 1 1 1 1 1 1 1 1 1 1 1 1 1 1 1 1 1 1 1 1 1 1 1 1 1 1 7 1 1 1 1 100 100 1 1 1 1 1 1 1 1 1 1 1 1 1 1 1 1 1 1 1 1 1 1 1 1 1 1 1 1 1 1 1 1 1 12 12 12 12 12 1 12 12 12 7 12 7 12 12 12 12 12 12 12 7 12 12 7 12 1 12 12 1 12 12 12 7 12 12 12 7 12 7 12 12 12 12 12 1 7 12 12 12 12 1 12 1 1 12 1 12 12 100 12 12 12 12 12 12 12 12 7 12 12 7 12 1 15 16 15 16 12 7 12 7 12 12 1 12 15 15 7 12 16 15 16 12 12 12 12 7 12 1 12 12 1 12 12 7 12 12 12 12 1 12 12 12 12 12 12 12 12 12 12 1 12 12 1 12 1 12 1 1 12 12 12 12 12 12 12 12 1 12 12 12 12 12 12 12 1 12 12 12 12 100 12 1 7 12 1 12 12 1 12 7 12 7 12 12 12 12 12 12 7 12 12 12 12 12 12 12 12 12 1 1 12 12 12 12 12 1 100 12 12 12 1 1 1 1 1 1 1 1 1 1 1 1 1 1 1 1 1 1 1 1 1 1 1 1 1 1 1 1 1 1 1 1 1 1 1 1 1 1 1 1 1 1 1 1 1 1 1 1 1 1 1 1 1 1 1 1 1 1 1 1 1 1 1 1 1 1 1 1 1 1 1 1 1 1 1 1 1 1 1 1 1 1 1 1 1 1 1 1 10 10 1 1 1 1 1 1 1 1 1 1 10 10 1 1 1 10 1 1 1 1 1 1 1 1 1 1 1 1 1 1 1 1 1 1 1 1 1 1 1 1 1 1 1 1 1 1 1 1 1 1 1 1 1 1 1 1 1 1 1 1 1 1 1 1 1 1 1 1 1 1 1 1 1 1 1 1 1 1 1 1 1 1 1 1 1 1 1 1 1 1 1 1 1 1 1 1 1 1 1 1 1 1 1 1 1 1 1 7 12 12 12 12 12 1 1 100 1 1 1 1 100 1 1
staticfield com/google/inject/spi/InjectionPoint logger Ljava/util/logging/Logger; java/util/logging/Logger
instanceKlass com/google/inject/spi/InjectionPoint$InjectableMethod
instanceKlass com/google/inject/spi/InjectionPoint$InjectableField
ciInstanceKlass com/google/inject/spi/InjectionPoint$InjectableMember 1 1 58 10 9 11 7 9 9 7 11 7 7 1 1 1 1 1 1 1 1 1 1 1 1 1 1 1 1 1 1 1 1 1 1 100 7 1 1 1 1 1 12 12 12 1 12 12 1 12 100 1 1 1 1 1 1 1 1 1
ciInstanceKlass com/google/inject/spi/InjectionPoint$InjectableField 1 1 45 10 9 7 9 9 10 7 7 1 1 1 1 1 1 1 1 1 1 1 1 1 1 1 1 1 1 1 1 1 1 1 12 12 1 12 12 12 1 1 1 1 1 1 1
ciInstanceKlass com/google/inject/spi/InjectionPoint$InjectableMethod 1 1 59 10 9 7 9 9 10 10 10 7 7 1 1 1 1 1 1 1 1 1 1 1 1 1 1 1 1 1 1 1 1 1 1 1 1 1 1 1 12 12 1 12 12 12 7 12 7 12 1 1 1 1 1 1 1 1 1 1 1
ciInstanceKlass com/google/inject/spi/InjectionPoint$InjectableMembers 1 1 43 10 9 9 9 9 7 7 1 7 1 1 1 1 1 1 1 1 1 1 1 1 1 1 1 1 1 1 1 1 1 12 12 12 12 12 100 1 1 1 1 1 1
ciInstanceKlass  @bci com/google/inject/internal/DeclaredMembers getDeclaredFields (Ljava/lang/Class;)[Ljava/lang/reflect/Field; 7 <appendix> argL0 ; 1 1 21 1 7 1 7 1 100 1 1 12 10 1 1 1 7 1 1 12 10 1 1
ciInstanceKlass  @bci com/google/inject/internal/DeclaredMembers getDeclaredFields (Ljava/lang/Class;)[Ljava/lang/reflect/Field; 15 <appendix> argL0 ; 1 1 21 1 7 1 7 1 100 1 1 12 10 1 1 1 100 1 1 12 10 1 1
ciInstanceKlass  @bci com/google/inject/internal/DeclaredMembers getDeclaredFields (Ljava/lang/Class;)[Ljava/lang/reflect/Field; 20 <appendix> argL0 ; 1 1 21 1 7 1 7 1 100 1 1 12 10 1 1 1 100 1 1 12 10 1 1
ciInstanceKlass  @bci com/google/inject/internal/DeclaredMembers getDeclaredFields (Ljava/lang/Class;)[Ljava/lang/reflect/Field; 38 <appendix> argL0 ; 1 1 21 1 7 1 7 1 100 1 1 12 10 1 1 1 7 1 1 12 10 1 1
ciInstanceKlass com/google/inject/Inject 1 0 24 100 100 100 1 1 1 3 1 1 1 1 1 1 1 1 1 1 1 1 1 1 1 1
ciInstanceKlass com/google/inject/spi/InjectionPoint$OverrideIndex 1 1 183 10 9 9 9 9 100 10 9 7 10 100 10 11 100 9 10 11 9 9 9 11 100 11 11 11 10 9 9 11 10 10 9 18 11 7 7 1 7 1 1 1 1 1 1 1 1 1 7 1 1 1 1 1 1 1 1 1 1 1 1 1 1 1 1 1 1 1 1 1 100 1 1 1 1 1 1 1 1 1 1 1 1 1 1 1 1 100 100 1 1 1 1 1 1 1 12 12 12 12 12 1 12 100 1 12 1 12 1 12 12 100 12 12 12 12 12 1 12 12 12 12 12 12 12 12 12 12 1 15 16 15 16 12 12 1 1 1 1 1 1 1 1 1 1 1 1 1 1 1 1 1 1 1 1 1 1 1 1 1 1 1 1 1 1 1 10 10 1 1 1 1 100 12 12 1 1 100 1 1 100 1 1
ciInstanceKlass com/google/inject/spi/InjectionPoint$Position 1 1 56 9 10 100 7 10 10 8 10 9 8 9 8 9 7 1 1 1 1 1 1 1 1 1 1 1 1 1 1 1 1 1 1 1 1 1 1 1 1 1 1 12 100 12 100 1 12 12 12 12 12 1 1 1 1 1
staticfield com/google/inject/spi/InjectionPoint$Position TOP Lcom/google/inject/spi/InjectionPoint$Position; com/google/inject/spi/InjectionPoint$Position
staticfield com/google/inject/spi/InjectionPoint$Position MIDDLE Lcom/google/inject/spi/InjectionPoint$Position; com/google/inject/spi/InjectionPoint$Position
staticfield com/google/inject/spi/InjectionPoint$Position BOTTOM Lcom/google/inject/spi/InjectionPoint$Position; com/google/inject/spi/InjectionPoint$Position
staticfield com/google/inject/spi/InjectionPoint$Position $VALUES [Lcom/google/inject/spi/InjectionPoint$Position; 3 [Lcom/google/inject/spi/InjectionPoint$Position;
ciInstanceKlass com/google/inject/internal/KotlinSupport 1 1 74 10 10 9 8 10 8 10 10 10 100 7 7 10 7 100 100 1 1 7 1 1 1 1 1 1 1 1 1 1 1 1 1 1 1 1 1 1 1 1 1 1 1 12 12 12 1 7 12 1 12 100 12 12 1 1 1 12 1 1 1 1 1 1 1 1 1 1 1 1 1 1 1 1
ciInstanceKlass com/google/inject/internal/KotlinSupportInterface 1 0 23 100 100 1 1 1 1 1 1 1 1 1 1 1 1 1 1 1 1 1 1 1 1
ciInstanceKlass com/google/inject/internal/KotlinSupport$KotlinSupportHolder 1 1 29 10 10 9 7 100 1 1 1 1 1 1 1 1 1 1 1 1 1 1 12 7 12 12 1 1 1 1 1
staticfield com/google/inject/internal/KotlinSupport$KotlinSupportHolder INSTANCE Lcom/google/inject/internal/KotlinSupportInterface; com/google/inject/internal/KotlinSupport$KotlinUnsupported
ciInstanceKlass com/google/inject/internal/KotlinSupport$KotlinUnsupported 1 1 96 10 10 9 9 7 18 7 7 100 1 1 1 1 1 1 1 1 1 1 1 1 1 1 1 1 1 1 1 1 1 1 1 1 1 1 1 1 1 1 1 1 1 1 1 1 1 1 1 1 1 1 1 1 1 1 1 100 1 1 1 1 1 1 12 12 12 1 1 15 16 15 16 12 100 1 1 1 1 10 1 10 1 1 1 7 12 12 1 1 100 1 1 100 1 1
staticfield com/google/inject/internal/KotlinSupport$KotlinUnsupported NO_ANNOTATIONS [Ljava/lang/annotation/Annotation; 0 [Ljava/lang/annotation/Annotation;
staticfield com/google/inject/internal/KotlinSupport$KotlinUnsupported FALSE_PREDICATE Ljava/util/function/Predicate; com/google/inject/internal/KotlinSupport$KotlinUnsupported$$Lambda+0x0000024a1c477288
ciInstanceKlass  @bci com/google/inject/internal/KotlinSupport$KotlinUnsupported <clinit> ()V 7 <appendix> argL0 ; 1 1 23 1 7 1 7 1 100 1 1 12 10 1 1 1 7 1 7 1 1 12 10 1 1
ciInstanceKlass com/google/inject/internal/Nullability 1 1 48 10 11 8 10 10 100 100 1 1 1 1 1 1 1 1 1 1 1 1 1 1 1 1 1 1 100 1 1 12 7 12 1 7 12 7 12 1 1 1 1 1 1 1 1 1 1 1
ciInstanceKlass javax/inject/Inject 1 0 20 100 100 100 1 1 1 1 1 1 1 1 1 1 1 1 1 1 1 1
ciInstanceKlass jdk/proxy6/$Proxy19 1 1 134 1 7 1 7 1 100 1 1 12 10 1 1 1 1 1 100 1 100 1 7 1 1 12 9 12 9 1 7 1 1 12 11 1 100 1 12 10 1 100 1 12 10 1 1 1 12 9 1 100 1 100 1 1 12 10 1 1 1 12 9 1 100 1 1 1 12 9 1 7 1 1 1 100 1 100 1 1 12 10 1 8 1 1 12 10 8 1 1 12 10 8 8 1 8 8 1 100 1 12 10 1 12 10 1 100 10 1 100 1 1 1 100 1 100 1 12 10 1 12 10 1 100 1 1 12 10 12 10 10 1 1 1 1
staticfield jdk/proxy6/$Proxy19 m0 Ljava/lang/reflect/Method; java/lang/reflect/Method
staticfield jdk/proxy6/$Proxy19 m1 Ljava/lang/reflect/Method; java/lang/reflect/Method
staticfield jdk/proxy6/$Proxy19 m2 Ljava/lang/reflect/Method; java/lang/reflect/Method
staticfield jdk/proxy6/$Proxy19 m3 Ljava/lang/reflect/Method; java/lang/reflect/Method
ciInstanceKlass jdk/proxy6/$Proxy24 1 1 139 1 7 1 7 1 100 1 1 12 10 1 1 1 1 1 100 1 100 1 7 1 1 12 9 12 9 1 7 1 1 12 11 1 100 1 12 10 1 100 1 12 10 1 1 1 12 9 1 100 1 100 1 1 12 10 1 1 1 12 9 1 7 1 1 12 9 1 1 1 12 9 1 7 1 1 1 100 1 100 1 1 12 10 1 8 1 1 12 10 8 1 1 12 10 8 8 1 8 8 8 1 100 1 12 10 1 12 10 1 100 10 1 100 1 1 1 100 1 100 1 12 10 1 12 10 1 100 1 1 12 10 12 10 10 1 1 1 1
staticfield jdk/proxy6/$Proxy24 m0 Ljava/lang/reflect/Method; java/lang/reflect/Method
staticfield jdk/proxy6/$Proxy24 m1 Ljava/lang/reflect/Method; java/lang/reflect/Method
staticfield jdk/proxy6/$Proxy24 m2 Ljava/lang/reflect/Method; java/lang/reflect/Method
staticfield jdk/proxy6/$Proxy24 m3 Ljava/lang/reflect/Method; java/lang/reflect/Method
staticfield jdk/proxy6/$Proxy24 m4 Ljava/lang/reflect/Method; java/lang/reflect/Method
ciInstanceKlass com/google/inject/Key$AnnotationInstanceStrategy 1 1 74 10 8 10 7 9 100 10 10 11 7 11 11 11 7 100 1 1 1 1 1 1 1 1 1 1 1 1 1 1 1 1 1 1 1 1 1 1 1 1 1 1 1 1 1 1 1 1 1 1 12 7 12 1 12 100 1 1 12 12 12 1 12 12 12 1 1 1 1 1 1 1 1 1
ciInstanceKlass com/google/inject/internal/MoreTypes$ParameterizedTypeImpl 1 1 181 10 10 10 9 9 10 7 7 10 100 100 10 8 10 10 8 10 8 10 10 7 9 8 10 8 10 10 10 100 10 10 10 10 10 10 10 8 10 8 10 8 7 7 100 100 1 1 1 1 1 1 1 1 5 0 1 1 1 1 1 1 1 1 1 1 1 1 1 1 1 1 1 1 1 1 1 1 1 1 1 1 1 1 1 1 1 1 1 1 1 1 1 1 1 1 1 1 1 1 12 12 7 12 12 12 7 12 1 12 1 1 1 12 12 1 12 1 12 12 1 12 1 7 12 1 12 7 12 1 12 7 12 12 12 12 12 12 1 12 1 12 1 1 1 1 1 1 1 1 1 1 1 1 1 1 1 1 1 1 1 1 1 1 1 1 1 1 1 1 1 1 1 1 1 1 1 1 1 1 1
ciInstanceKlass jdk/proxy7/$Proxy28 1 1 139 1 7 1 7 1 100 1 1 12 10 1 1 1 1 1 100 1 100 1 7 1 1 12 9 12 9 1 7 1 1 12 11 1 100 1 12 10 1 100 1 12 10 1 1 1 12 9 1 100 1 7 1 1 12 10 1 1 1 12 9 1 100 1 1 12 9 1 1 1 12 9 1 7 1 1 1 100 1 100 1 1 12 10 1 8 1 1 12 10 8 1 1 12 10 8 8 1 8 8 8 1 100 1 12 10 1 12 10 1 100 10 1 100 1 1 1 100 1 100 1 12 10 1 12 10 1 100 1 1 12 10 12 10 10 1 1 1 1
staticfield jdk/proxy7/$Proxy28 m0 Ljava/lang/reflect/Method; java/lang/reflect/Method
staticfield jdk/proxy7/$Proxy28 m1 Ljava/lang/reflect/Method; java/lang/reflect/Method
staticfield jdk/proxy7/$Proxy28 m2 Ljava/lang/reflect/Method; java/lang/reflect/Method
staticfield jdk/proxy7/$Proxy28 m3 Ljava/lang/reflect/Method; java/lang/reflect/Method
staticfield jdk/proxy7/$Proxy28 m4 Ljava/lang/reflect/Method; java/lang/reflect/Method
ciInstanceKlass jdk/proxy7/$Proxy31 1 1 134 1 7 1 7 1 100 1 1 12 10 1 1 1 1 1 100 1 100 1 7 1 1 12 9 12 9 1 7 1 1 12 11 1 100 1 12 10 1 100 1 12 10 1 1 1 12 9 1 100 1 100 1 1 12 10 1 1 1 12 9 1 100 1 1 1 12 9 1 7 1 1 1 100 1 100 1 1 12 10 1 8 1 1 12 10 8 1 1 12 10 8 8 1 8 8 1 100 1 12 10 1 12 10 1 100 10 1 100 1 1 1 100 1 100 1 12 10 1 12 10 1 100 1 1 12 10 12 10 10 1 1 1 1
staticfield jdk/proxy7/$Proxy31 m0 Ljava/lang/reflect/Method; java/lang/reflect/Method
staticfield jdk/proxy7/$Proxy31 m1 Ljava/lang/reflect/Method; java/lang/reflect/Method
staticfield jdk/proxy7/$Proxy31 m2 Ljava/lang/reflect/Method; java/lang/reflect/Method
staticfield jdk/proxy7/$Proxy31 m3 Ljava/lang/reflect/Method; java/lang/reflect/Method
ciInstanceKlass com/google/inject/util/Types 1 1 88 10 10 7 10 100 10 100 7 9 10 100 100 10 100 100 100 7 100 7 1 1 1 1 1 1 1 1 1 1 1 1 1 1 1 1 1 1 1 1 1 1 1 1 1 1 1 1 1 1 1 1 1 1 1 1 1 1 1 12 12 100 1 1 1 12 1 1 12 1 1 1 12 12 1 1 12 1 1 1 1 1 1 1 1 1 1 1
ciInstanceKlass jdk/proxy7/$Proxy33 1 1 134 1 7 1 7 1 100 1 1 12 10 1 1 1 1 1 100 1 100 1 7 1 1 12 9 12 9 1 7 1 1 12 11 1 100 1 12 10 1 100 1 12 10 1 1 1 12 9 1 100 1 100 1 1 12 10 1 1 1 12 9 1 100 1 1 1 12 9 1 7 1 1 1 100 1 100 1 1 12 10 1 8 1 1 12 10 8 1 1 12 10 8 8 1 8 8 1 100 1 12 10 1 12 10 1 100 10 1 100 1 1 1 100 1 100 1 12 10 1 12 10 1 100 1 1 12 10 12 10 10 1 1 1 1
staticfield jdk/proxy7/$Proxy33 m0 Ljava/lang/reflect/Method; java/lang/reflect/Method
staticfield jdk/proxy7/$Proxy33 m1 Ljava/lang/reflect/Method; java/lang/reflect/Method
staticfield jdk/proxy7/$Proxy33 m2 Ljava/lang/reflect/Method; java/lang/reflect/Method
staticfield jdk/proxy7/$Proxy33 m3 Ljava/lang/reflect/Method; java/lang/reflect/Method
ciMethodData java/lang/Object <init> ()V 2 868117 orig 80 1 0 0 0 0 0 0 0 0 0 0 0 0 0 0 0 0 0 0 0 0 0 0 0 0 0 0 0 0 0 0 0 0 0 0 0 0 0 0 0 0 0 0 0 0 0 0 0 0 0 0 0 0 0 0 0 0 0 0 0 0 0 0 0 0 0 0 0 0 0 0 0 0 0 0 0 0 0 0 0 data 4 0x0 0x9 0x1 0x0 oops 0 methods 0
ciMethodData java/util/AbstractCollection <init> ()V 2 68069 orig 80 0 0 0 0 0 0 0 0 0 0 0 0 74 2 0 0 0 0 0 0 0 0 0 0 0 0 0 0 0 0 0 0 0 0 0 0 0 0 0 0 0 0 0 0 0 0 0 0 0 0 0 0 0 0 0 0 0 0 0 0 0 0 0 0 0 0 0 0 0 0 0 0 0 0 0 0 0 0 0 0 data 7 0x10002 0x109e5 0x0 0x0 0x9 0x1 0x0 oops 0 methods 0
ciMethodData java/util/Objects requireNonNull (Ljava/lang/Object;)Ljava/lang/Object; 2 204122 orig 80 0 0 0 0 0 0 0 0 0 0 0 0 74 2 0 0 0 0 0 0 0 0 0 0 0 0 0 0 0 0 0 0 0 0 0 0 0 0 0 0 0 0 0 0 0 0 0 0 0 0 0 0 0 0 0 0 0 0 0 0 0 0 0 0 0 0 0 0 0 0 0 0 0 0 0 0 0 0 0 0 data 15 0x10007 0x31d59 0x30 0x0 0x80002 0x0 0x0 0x0 0x0 0x0 0x0 0x0 0x9 0x1 0x0 oops 0 methods 0
ciMethodData java/lang/System getSecurityManager ()Ljava/lang/SecurityManager; 2 72927 orig 80 0 0 0 0 0 0 0 0 0 0 0 0 74 2 0 0 0 0 0 0 0 0 0 0 0 0 0 0 0 0 0 0 0 0 0 0 0 0 0 0 0 0 0 0 0 0 0 0 0 0 0 0 0 0 0 0 0 0 0 0 0 0 0 0 0 0 0 0 0 0 0 0 0 0 0 0 0 0 0 0 data 14 0x2 0x11ce0 0x30007 0x11cbc 0x20 0x23 0x0 0x0 0x0 0x0 0x0 0x0 0x9 0x0 oops 0 methods 0
ciMethodData java/lang/System allowSecurityManager ()Z 2 72944 orig 80 0 0 0 0 0 0 0 0 0 0 0 0 74 2 0 0 0 0 0 0 0 0 0 0 0 0 0 0 0 0 0 0 0 0 0 0 0 0 0 0 0 0 0 0 0 0 0 0 0 0 0 0 0 0 0 0 0 0 0 0 0 0 0 0 0 0 0 0 0 0 0 0 0 0 0 0 0 0 0 0 data 11 0x40007 0x11ccc 0x38 0x23 0x80003 0x23 0x18 0x0 0x0 0x9 0x0 oops 0 methods 0
ciMethodData java/util/Arrays copyOf ([Ljava/lang/Object;I)[Ljava/lang/Object; 2 8858 orig 80 0 0 0 0 0 0 0 0 0 0 0 0 74 2 0 0 0 0 0 0 0 0 0 0 0 0 0 0 0 0 0 0 0 0 0 0 0 0 0 0 0 0 0 0 0 0 0 0 0 0 0 0 0 0 0 0 0 0 0 0 0 0 0 0 0 0 0 0 0 0 0 0 0 0 0 0 0 0 0 0 data 19 0x30005 0x229a 0x0 0x0 0x0 0x0 0x0 0x60002 0x229a 0x0 0x0 0x0 0x0 0x0 0x0 0x9 0x2 0xffffffffffffffff 0x0 oops 0 methods 0
ciMethodData jdk/internal/util/ArraysSupport newLength (III)I 2 7497 orig 80 0 0 0 0 0 0 0 0 0 0 0 0 74 2 0 0 0 0 0 0 0 0 0 0 0 0 0 0 0 0 0 0 0 0 0 0 0 0 0 0 0 0 0 0 0 0 0 0 0 0 0 0 0 0 0 0 0 0 0 0 0 0 0 0 0 0 0 0 0 0 0 0 0 0 0 0 0 0 0 0 data 23 0x30002 0x1d49 0xa0007 0x0 0x40 0x1d49 0x100007 0x0 0x20 0x1d49 0x170002 0x0 0x0 0x0 0x0 0x0 0x0 0x0 0x9 0x3 0x0 0x0 0x0 oops 0 methods 0
ciMethod java/lang/AssertionError <init> ()V 0 0 1 0 -1
ciMethodData java/lang/reflect/Modifier isStatic (I)Z 2 38476 orig 80 0 0 0 0 0 0 0 0 0 0 0 0 74 2 0 0 0 0 0 0 0 0 0 0 0 0 0 0 0 0 0 0 0 0 0 0 0 0 0 0 0 0 0 0 0 0 0 0 0 0 0 0 0 0 0 0 0 0 0 0 0 0 0 0 0 0 0 0 0 0 0 0 0 0 0 0 0 0 0 0 data 11 0x40007 0x59a0 0x38 0x3cac 0x80003 0x3cac 0x18 0x0 0x9 0x1 0x0 oops 0 methods 0
ciMethodData java/lang/StringBuilder append (Ljava/lang/Object;)Ljava/lang/StringBuilder; 2 7208 orig 80 0 0 0 0 0 0 0 0 0 0 0 0 74 2 0 0 0 0 0 0 0 0 0 0 0 0 0 0 0 0 0 0 0 0 0 0 0 0 0 0 0 0 0 0 0 0 0 0 0 0 0 0 0 0 0 0 0 0 0 0 0 0 0 0 0 0 0 0 0 0 0 0 0 0 0 0 0 0 0 0 data 19 0x20002 0x1c28 0x50005 0x1c27 0x0 0x0 0x0 0x0 0x0 0x0 0x0 0x0 0x0 0x0 0x0 0x9 0x2 0xe 0xffffffffffffffff oops 0 methods 0
ciMethod java/lang/IllegalStateException <init> (Ljava/lang/String;)V 0 0 1 0 -1
ciMethodData java/lang/Integer valueOf (I)Ljava/lang/Integer; 2 5333 orig 80 0 0 0 0 0 0 0 0 0 0 0 0 74 2 0 0 0 0 0 0 0 0 0 0 0 0 0 0 0 0 0 0 0 0 0 0 0 0 0 0 0 0 0 0 0 0 0 0 0 0 0 0 0 0 0 0 0 0 0 0 0 0 0 0 0 0 0 0 0 0 0 0 0 0 0 0 0 0 0 0 data 17 0x30007 0x9f 0x40 0x1436 0xa0007 0x5b3 0x20 0xe83 0x1c0002 0x652 0x0 0x0 0x0 0x0 0x9 0x1 0x0 oops 0 methods 0
ciMethodData java/lang/Integer <init> (I)V 2 1624 orig 80 0 0 0 0 0 0 0 0 0 0 0 0 74 2 0 0 0 0 0 0 0 0 0 0 0 0 0 0 0 0 0 0 0 0 0 0 0 0 0 0 0 0 0 0 0 0 0 0 0 0 0 0 0 0 0 0 0 0 0 0 0 0 0 0 0 0 0 0 0 0 0 0 0 0 0 0 0 0 0 0 data 10 0x10002 0x658 0x0 0x0 0x0 0x0 0x9 0x2 0x6 0x0 oops 0 methods 0
ciMethodData java/lang/Number <init> ()V 2 8923 orig 80 0 0 0 0 0 0 0 0 0 0 0 0 74 2 0 0 0 0 0 0 0 0 0 0 0 0 0 0 0 0 0 0 0 0 0 0 0 0 0 0 0 0 0 0 0 0 0 0 0 0 0 0 0 0 0 0 0 0 0 0 0 0 0 0 0 0 0 0 0 0 0 0 0 0 0 0 0 0 0 0 data 7 0x10002 0x22db 0x0 0x0 0x9 0x1 0x0 oops 0 methods 0
ciMethodData java/util/ArrayList add (Ljava/lang/Object;)Z 2 21731 orig 80 0 0 0 0 0 0 0 0 0 0 0 0 74 2 0 0 0 0 0 0 0 0 0 0 0 0 0 0 0 0 0 0 0 0 0 0 0 0 0 0 0 0 0 0 0 0 0 0 0 0 0 0 0 0 0 0 0 0 0 0 0 0 0 0 0 0 0 0 0 0 0 0 0 0 0 0 0 0 0 0 data 17 0x140005 0x54e3 0x0 0x0 0x0 0x0 0x0 0x0 0x0 0x0 0x0 0x0 0x0 0x9 0x2 0xe 0x0 oops 0 methods 0
ciMethodData java/util/ArrayList add (Ljava/lang/Object;[Ljava/lang/Object;I)V 2 21731 orig 80 0 0 0 0 0 0 0 0 0 0 0 0 74 2 0 0 0 0 0 0 0 0 0 0 0 0 0 0 0 0 0 0 0 0 0 0 0 0 0 0 0 0 0 0 0 0 0 0 0 0 0 0 0 0 0 0 0 0 0 0 0 0 0 0 0 0 0 0 0 0 0 0 0 0 0 0 0 0 0 0 data 30 0x30007 0x3b02 0x58 0x19e1 0x70005 0x19e1 0x0 0x0 0x0 0x0 0x0 0xe0004 0x0 0x0 0x24a5d1b4f18 0x14ec 0x24a67007640 0x3 0x0 0x0 0x0 0x0 0x0 0x0 0x9 0x4 0xc 0x0 0xffffffffffffffff 0x0 oops 2 14 java/lang/Class 16 lombok/patcher/scripts/AddFieldScript methods 0
ciMethodData java/util/ArrayList grow ()[Ljava/lang/Object; 2 6802 orig 80 0 0 0 0 0 0 0 0 0 0 0 0 74 2 0 0 0 0 0 0 0 0 0 0 0 0 0 0 0 0 0 0 0 0 0 0 0 0 0 0 0 0 0 0 0 0 0 0 0 0 0 0 0 0 0 0 0 0 0 0 0 0 0 0 0 0 0 0 0 0 0 0 0 0 0 0 0 0 0 0 data 16 0x70005 0x1a92 0x0 0x0 0x0 0x0 0x0 0x0 0x0 0x0 0x0 0x0 0x0 0x9 0x1 0xc oops 0 methods 0
ciMethodData java/util/ArrayList grow (I)[Ljava/lang/Object; 2 5487 orig 80 0 0 0 0 0 0 0 0 0 0 0 0 74 2 0 0 0 0 0 0 0 0 0 0 0 0 0 0 0 0 0 0 0 0 0 0 0 0 0 0 0 0 0 0 0 0 0 0 0 0 0 0 0 0 0 0 0 0 0 0 0 0 0 0 0 0 0 0 0 0 0 0 0 0 0 0 0 0 0 0 data 24 0x70007 0x17b 0x40 0x13f4 0x110007 0x13f0 0x40 0x4 0x1b0002 0x17f 0x250002 0x17f 0x310002 0x13f0 0x0 0x0 0x0 0x0 0x0 0x0 0x9 0x2 0xc 0x0 oops 0 methods 0
ciMethodData java/util/ArrayList <init> ()V 2 15819 orig 80 0 0 0 0 0 0 0 0 0 0 0 0 74 2 0 0 0 0 0 0 0 0 0 0 0 0 0 0 0 0 0 0 0 0 0 0 0 0 0 0 0 0 0 0 0 0 0 0 0 0 0 0 0 0 0 0 0 0 0 0 0 0 0 0 0 0 0 0 0 0 0 0 0 0 0 0 0 0 0 0 data 9 0x10002 0x3dcb 0x0 0x0 0x0 0x0 0x9 0x1 0x0 oops 0 methods 0
ciMethodData java/util/AbstractList <init> ()V 2 39157 orig 80 0 0 0 0 0 0 0 0 0 0 0 0 74 2 0 0 0 0 0 0 0 0 0 0 0 0 0 0 0 0 0 0 0 0 0 0 0 0 0 0 0 0 0 0 0 0 0 0 0 0 0 0 0 0 0 0 0 0 0 0 0 0 0 0 0 0 0 0 0 0 0 0 0 0 0 0 0 0 0 0 data 9 0x10002 0x98f5 0x0 0x0 0x0 0x0 0x9 0x1 0x0 oops 0 methods 0
ciMethodData java/util/ArrayList get (I)Ljava/lang/Object; 2 35183 orig 80 0 0 0 0 0 0 0 0 0 0 0 0 74 2 0 0 0 0 0 0 0 0 0 0 0 0 0 0 0 0 0 0 0 0 0 0 0 0 0 0 0 0 0 0 0 0 0 0 0 0 0 0 0 0 0 0 0 0 0 0 0 0 0 0 0 0 0 0 0 0 0 0 0 0 0 0 0 0 0 0 data 19 0x50002 0x896f 0xb0005 0x0 0x0 0x24a5d1b87c8 0x896f 0x0 0x0 0x0 0x0 0x0 0x0 0x0 0x0 0x9 0x2 0x0 0x0 oops 1 5 java/util/ArrayList methods 0
ciMethodData java/util/Objects checkIndex (II)I 2 43417 orig 80 0 0 0 0 0 0 0 0 0 0 0 0 74 2 0 0 0 0 0 0 0 0 0 0 0 0 0 0 0 0 0 0 0 0 0 0 0 0 0 0 0 0 0 0 0 0 0 0 0 0 0 0 0 0 0 0 0 0 0 0 0 0 0 0 0 0 0 0 0 0 0 0 0 0 0 0 0 0 0 0 data 12 0x30002 0xa99a 0x0 0x0 0x0 0x0 0x0 0x0 0x9 0x2 0x0 0x0 oops 0 methods 0
ciMethodData java/util/ArrayList elementData (I)Ljava/lang/Object; 2 38149 orig 80 0 0 0 0 0 0 0 0 0 0 0 0 74 2 0 0 0 0 0 0 0 0 0 0 0 0 0 0 0 0 0 0 0 0 0 0 0 0 0 0 0 0 0 0 0 0 0 0 0 0 0 0 0 0 0 0 0 0 0 0 0 0 0 0 0 0 0 0 0 0 0 0 0 0 0 0 0 0 0 0 data 8 0x0 0x0 0x0 0x0 0x9 0x2 0x0 0x0 oops 0 methods 0
ciMethodData java/lang/ref/SoftReference get ()Ljava/lang/Object; 2 11265 orig 80 1 0 0 0 0 0 0 0 0 0 0 0 74 2 0 0 0 0 0 0 0 0 0 0 0 0 0 0 0 0 0 0 0 0 0 0 0 0 0 1 0 0 0 0 0 0 0 0 0 0 0 0 0 0 0 0 0 0 0 0 0 0 0 0 0 0 0 0 0 0 0 0 0 0 0 0 0 0 0 0 data 19 0x10002 0x2c01 0x8000000600060007 0x1 0x40 0x2c01 0x110007 0x29df 0x20 0x222 0x0 0x0 0x0 0x0 0x0 0x0 0x9 0x1 0x0 oops 0 methods 0
ciMethod java/util/stream/Nodes$SpinedNodeBuilder <init> ()V 6 0 40 0 0
ciMethod java/util/stream/Nodes$SpinedNodeBuilder asArray (Ljava/util/function/IntFunction;)[Ljava/lang/Object; 82 0 40 0 0
ciMethod java/util/stream/Nodes$SpinedNodeBuilder build ()Ljava/util/stream/Node; 82 0 40 0 0
ciMethod java/util/stream/SpinedBuffer <init> ()V 312 0 193 0 0
ciMethod java/util/stream/SpinedBuffer copyInto ([Ljava/lang/Object;I)V 82 0 40 0 -1
ciMethod java/util/stream/SpinedBuffer asArray (Ljava/util/function/IntFunction;)[Ljava/lang/Object; 82 0 40 0 0
ciMethod java/util/stream/AbstractSpinedBuffer <init> ()V 312 0 193 0 0
ciMethod java/util/stream/AbstractSpinedBuffer count ()J 526 0 875 0 -1
ciMethod  @bci java/util/Comparator thenComparing (Ljava/util/Comparator;)Ljava/util/Comparator; 7 <appendix> member <vmtarget> ; <init> (Ljava/util/Comparator;Ljava/util/Comparator;)V 600 0 6104 0 0
ciMethod  @bci java/util/Comparator comparing (Ljava/util/function/Function;)Ljava/util/Comparator; 6 <appendix> member <vmtarget> ; <init> (Ljava/util/function/Function;)V 542 0 10115 0 0
ciMethod  @bci java/util/Comparator comparing (Ljava/util/function/Function;Ljava/util/Comparator;)Ljava/util/Comparator; 12 <appendix> member <vmtarget> ; <init> (Ljava/util/Comparator;Ljava/util/function/Function;)V 654 0 6050 0 0
ciMethodData java/lang/reflect/Modifier isFinal (I)Z 2 5928 orig 80 0 0 0 0 0 0 0 0 0 0 0 0 74 2 0 0 0 0 0 0 0 0 0 0 0 0 0 0 0 0 0 0 0 0 0 0 0 0 0 0 0 0 0 0 0 0 0 0 0 0 0 0 0 0 0 0 0 0 0 0 0 0 0 0 0 0 0 0 0 0 0 0 0 0 0 0 0 0 0 0 data 11 0x40007 0x1621 0x38 0x107 0x80003 0x107 0x18 0x0 0x9 0x1 0x0 oops 0 methods 0
ciMethodData java/lang/invoke/Invokers$Holder linkToTargetMethod (Ljava/lang/Object;Ljava/lang/Object;)Ljava/lang/Object; 2 21682 orig 80 0 0 0 0 0 0 0 0 0 0 0 0 74 2 0 0 0 0 0 0 0 0 0 0 0 0 0 0 0 0 0 0 0 0 0 0 0 0 0 0 0 0 0 0 0 0 0 0 0 0 0 0 0 0 0 0 0 0 0 0 0 0 0 0 0 0 0 0 0 0 0 0 0 0 0 0 0 0 0 0 data 34 0x10004 0x0 0x0 0x24a65340960 0x975 0x24a653413d0 0x66 0x5000b 0x54b2 0x0 0x0 0x0 0x0 0x0 0x3 0x1 0x2 0x2 0x0 0x0 0x0 0x0 0x0 0x0 0x9 0x2 0x0 0x0 0xc 0x4 0x0 0x2 0x1 0x2 oops 2 3 java/lang/invoke/DirectMethodHandle$Constructor 5 java/lang/invoke/BoundMethodHandle$Species_LL methods 0
ciMethodData java/lang/invoke/Invokers$Holder linkToTargetMethod (Ljava/lang/Object;)Ljava/lang/Object; 2 29942 orig 80 0 0 0 0 0 0 0 0 0 0 0 0 74 2 0 0 0 0 0 0 0 0 0 0 0 0 0 0 0 0 0 0 0 0 0 0 0 0 0 0 0 0 0 0 0 0 0 0 0 0 0 0 0 0 0 0 0 0 0 0 0 0 0 0 0 0 0 0 0 0 0 0 0 0 0 0 0 0 0 0 data 29 0x10004 0x0 0x0 0x24a6533e310 0x2170 0x0 0x0 0x4000b 0x74f5 0x0 0x0 0x0 0x0 0x0 0x1 0x2 0x0 0x0 0x0 0x0 0x0 0x0 0x9 0x1 0x0 0xc 0x2 0x0 0x24a6533e310 oops 2 3 java/lang/invoke/BoundMethodHandle$Species_L 28 java/lang/invoke/BoundMethodHandle$Species_L methods 0
ciMethod sun/reflect/generics/parser/SignatureParser init (Ljava/lang/String;)V 518 0 1708 0 -1
ciMethod sun/reflect/generics/parser/SignatureParser current ()C 540 0 23331 0 -1
ciMethod sun/reflect/generics/parser/SignatureParser advance ()V 628 0 18845 0 -1
ciMethod sun/reflect/generics/parser/SignatureParser error (Ljava/lang/String;)Ljava/lang/Error; 0 0 1 0 -1
ciMethod sun/reflect/generics/parser/SignatureParser progress (I)V 12 0 6 0 -1
ciMethod sun/reflect/generics/parser/SignatureParser make ()Lsun/reflect/generics/parser/SignatureParser; 518 0 1652 0 -1
ciMethod sun/reflect/generics/parser/SignatureParser parseClassSig (Ljava/lang/String;)Lsun/reflect/generics/tree/ClassSignature; 42 0 57 0 -1
ciMethod sun/reflect/generics/parser/SignatureParser parseClassSignature ()Lsun/reflect/generics/tree/ClassSignature; 42 0 57 0 -1
ciMethod sun/reflect/generics/parser/SignatureParser parseZeroOrMoreFormalTypeParameters ()[Lsun/reflect/generics/tree/FormalTypeParameter; 518 0 317 0 -1
ciMethod sun/reflect/generics/parser/SignatureParser parseFormalTypeParameters ()[Lsun/reflect/generics/tree/FormalTypeParameter; 40 12 20 0 -1
ciMethod sun/reflect/generics/parser/SignatureParser parseFormalTypeParameter ()Lsun/reflect/generics/tree/FormalTypeParameter; 54 0 26 0 -1
ciMethod sun/reflect/generics/parser/SignatureParser parseIdentifier ()Ljava/lang/String; 106 0 50 0 -1
ciMethod sun/reflect/generics/parser/SignatureParser parseClassTypeSignature ()Lsun/reflect/generics/tree/ClassTypeSignature; 512 0 2738 0 -1
ciMethod sun/reflect/generics/parser/SignatureParser parseBounds ()[Lsun/reflect/generics/tree/FieldTypeSignature; 54 0 26 0 -1
ciMethod sun/reflect/generics/parser/SignatureParser parseSuperInterfaces ()[Lsun/reflect/generics/tree/ClassTypeSignature; 116 82 57 0 -1
ciMethod sun/reflect/generics/tree/TypeTree accept (Lsun/reflect/generics/visitor/TypeTreeVisitor;)V 0 0 1 0 -1
ciMethod sun/reflect/generics/tree/ClassTypeSignature accept (Lsun/reflect/generics/visitor/TypeTreeVisitor;)V 512 0 2224 0 -1
ciMethod sun/reflect/generics/scope/ClassScope <init> (Ljava/lang/Class;)V 490 0 1429 0 -1
ciMethod sun/reflect/generics/scope/ClassScope make (Ljava/lang/Class;)Lsun/reflect/generics/scope/ClassScope; 490 0 1429 0 0
ciMethod sun/reflect/generics/scope/AbstractScope <init> (Ljava/lang/reflect/GenericDeclaration;)V 516 0 1707 0 -1
ciMethod sun/reflect/generics/factory/CoreReflectionFactory <init> (Ljava/lang/reflect/GenericDeclaration;Lsun/reflect/generics/scope/Scope;)V 518 0 1651 0 -1
ciMethod sun/reflect/generics/factory/CoreReflectionFactory make (Ljava/lang/reflect/GenericDeclaration;Lsun/reflect/generics/scope/Scope;)Lsun/reflect/generics/factory/CoreReflectionFactory; 518 0 1651 0 0
ciMethod sun/reflect/generics/visitor/Reifier make (Lsun/reflect/generics/factory/GenericsFactory;)Lsun/reflect/generics/visitor/Reifier; 512 0 1948 0 -1
ciMethod sun/reflect/generics/visitor/Reifier getResult ()Ljava/lang/reflect/Type; 514 0 1832 0 -1
ciMethod java/lang/reflect/GenericArrayType getGenericComponentType ()Ljava/lang/reflect/Type; 0 0 1 0 -1
ciMethod sun/reflect/annotation/AnnotationType getInstance (Ljava/lang/Class;)Lsun/reflect/annotation/AnnotationType; 520 0 2094 0 -1
ciMethod sun/reflect/annotation/AnnotationType retention ()Ljava/lang/annotation/RetentionPolicy; 264 0 132 0 -1
ciMethod java/lang/reflect/InvocationHandler invoke (Ljava/lang/Object;Ljava/lang/reflect/Method;[Ljava/lang/Object;)Ljava/lang/Object; 0 0 1 0 -1
ciMethodData java/lang/invoke/DirectMethodHandle constructorMethod (Ljava/lang/Object;)Ljava/lang/Object; 2 38412 orig 80 0 0 0 0 0 0 0 0 0 0 0 0 74 2 0 0 0 0 0 0 0 0 0 0 0 0 0 0 0 0 0 0 0 0 0 0 0 0 0 0 0 0 0 0 0 0 0 0 0 0 0 0 0 0 0 0 0 0 0 0 0 0 0 0 0 0 0 0 0 0 0 0 0 0 0 0 0 0 0 0 data 16 0x10004 0x0 0x0 0x24a65340960 0x1def 0x0 0x0 0x0 0x0 0x0 0x0 0x0 0x0 0x9 0x1 0x0 oops 1 3 java/lang/invoke/DirectMethodHandle$Constructor methods 0
ciMethodData java/lang/invoke/DirectMethodHandle allocateInstance (Ljava/lang/Object;)Ljava/lang/Object; 2 38414 orig 80 0 0 0 0 0 0 0 0 0 0 0 0 74 2 0 0 0 0 0 0 0 0 0 0 0 0 0 0 0 0 0 0 0 0 0 0 0 0 0 0 0 0 0 0 0 0 0 0 0 0 0 0 0 0 0 0 0 0 0 0 0 0 0 0 0 0 0 0 0 0 0 0 0 0 0 0 0 0 0 0 data 23 0x10004 0x0 0x0 0x24a65340960 0x1df1 0x0 0x0 0xc0005 0x960e 0x0 0x0 0x0 0x0 0x0 0x0 0x0 0x0 0x0 0x0 0x0 0x9 0x1 0x0 oops 1 3 java/lang/invoke/DirectMethodHandle$Constructor methods 0
ciMethod java/lang/reflect/TypeVariable getGenericDeclaration ()Ljava/lang/reflect/GenericDeclaration; 0 0 1 0 -1
ciMethod java/lang/reflect/AnnotatedType getAnnotations ()[Ljava/lang/annotation/Annotation; 0 0 1 0 -1
ciMethodData java/lang/reflect/Method getAnnotation (Ljava/lang/Class;)Ljava/lang/annotation/Annotation; 2 5428 orig 80 0 0 0 0 0 0 0 0 0 0 0 0 74 2 0 0 0 0 0 0 0 0 0 0 0 0 0 0 0 0 0 0 0 0 0 0 0 0 0 0 0 0 0 0 0 0 0 0 0 0 0 0 0 0 0 0 0 0 0 0 0 0 0 0 0 0 0 0 0 0 0 0 0 0 0 0 0 0 0 0 data 8 0x20002 0x1534 0x0 0x0 0x9 0x2 0x8 0x0 oops 0 methods 0
ciMethodData java/lang/reflect/Executable getAnnotation (Ljava/lang/Class;)Ljava/lang/annotation/Annotation; 2 6688 orig 80 0 0 0 0 0 0 0 0 0 0 0 0 74 2 0 0 0 0 0 0 0 0 0 0 0 0 0 0 0 0 0 0 0 0 0 0 0 0 0 0 0 0 0 0 0 0 0 0 0 0 0 0 0 0 0 0 0 0 0 0 0 0 0 0 0 0 0 0 0 0 0 0 0 0 0 0 0 0 0 0 data 40 0x10002 0x1a20 0x70005 0x1a20 0x0 0x0 0x0 0x0 0x0 0xb0005 0x0 0x0 0x24a6380d600 0x145c 0x24a6380d6b0 0x5c4 0x100005 0x1a20 0x0 0x0 0x0 0x0 0x0 0x130104 0x0 0x0 0x24a63fa3b70 0x3 0x24a63fa3c20 0xb6 0x0 0x0 0x0 0x0 0x0 0x0 0x9 0x2 0x8 0x0 oops 4 12 java/util/Collections$EmptyMap 14 java/util/LinkedHashMap 26 com/sun/proxy/jdk/proxy1/$Proxy1 28 jdk/proxy3/$Proxy5 methods 0
ciMethodData java/util/Collections emptySet ()Ljava/util/Set; 2 3747 orig 80 0 0 0 0 0 0 0 0 0 0 0 0 74 2 0 0 0 0 0 0 0 0 0 0 0 0 0 0 0 0 0 0 0 0 0 0 0 0 0 0 0 0 0 0 0 0 0 0 0 0 0 0 0 0 0 0 0 0 0 0 0 0 0 0 0 0 0 0 0 0 0 0 0 0 0 0 0 0 0 0 data 4 0x0 0x0 0x9 0x0 oops 0 methods 0
ciMethodData java/util/stream/PipelineHelper <init> ()V 2 13924 orig 80 0 0 0 0 0 0 0 0 0 0 0 0 74 2 0 0 0 0 0 0 0 0 0 0 0 0 0 0 0 0 0 0 0 0 0 0 0 0 0 0 0 0 0 0 0 0 0 0 0 0 0 0 0 0 0 0 0 0 0 0 0 0 0 0 0 0 0 0 0 0 0 0 0 0 0 0 0 0 0 0 data 7 0x10002 0x3664 0x0 0x0 0x9 0x1 0x0 oops 0 methods 0
ciMethodData java/util/stream/StreamOpFlag combineOpFlags (II)I 2 8361 orig 80 0 0 0 0 0 0 0 0 0 0 0 0 74 2 0 0 0 0 0 0 0 0 0 0 0 0 0 0 0 0 0 0 0 0 0 0 0 0 0 0 0 0 0 0 0 0 0 0 0 0 0 0 0 0 0 0 0 0 0 0 0 0 0 0 0 0 0 0 0 0 0 0 0 0 0 0 0 0 0 0 data 12 0x20002 0x20a9 0x0 0x0 0x0 0x0 0x0 0x0 0x9 0x2 0x0 0x0 oops 0 methods 0
ciMethodData java/util/stream/StreamOpFlag getMask (I)I 2 8346 orig 80 0 0 0 0 0 0 0 0 0 0 0 0 74 2 0 0 0 0 0 0 0 0 0 0 0 0 0 0 0 0 0 0 0 0 0 0 0 0 0 0 0 0 0 0 0 0 0 0 0 0 0 0 0 0 0 0 0 0 0 0 0 0 0 0 0 0 0 0 0 0 0 0 0 0 0 0 0 0 0 0 data 14 0x10007 0x209a 0x38 0x0 0x70003 0x0 0x18 0x0 0x0 0x0 0x0 0x9 0x1 0x0 oops 0 methods 0
ciMethodData java/util/stream/AbstractPipeline isParallel ()Z 2 19160 orig 80 0 0 0 0 0 0 0 0 0 0 0 0 74 2 0 0 0 0 0 0 0 0 0 0 0 0 0 0 0 0 0 0 0 0 0 0 0 0 0 0 0 0 0 0 0 0 0 0 0 0 0 0 0 0 0 0 0 0 0 0 0 0 0 0 0 0 0 0 0 0 0 0 0 0 0 0 0 0 0 0 data 7 0x0 0x0 0x0 0x0 0x9 0x1 0x0 oops 0 methods 0
ciMethodData java/util/stream/AbstractPipeline <init> (Ljava/util/stream/AbstractPipeline;I)V 2 6930 orig 80 0 0 0 0 0 0 0 0 0 0 0 0 74 2 0 0 0 0 0 0 0 0 0 0 0 0 0 0 0 0 0 0 0 0 0 0 0 0 0 0 0 0 0 0 0 0 0 0 0 0 0 0 0 0 0 0 0 0 0 0 0 0 0 0 0 0 0 0 0 0 0 0 0 0 0 0 0 0 0 0 data 34 0x10002 0x1b12 0x80007 0x1b12 0x30 0x0 0x110002 0x0 0x330002 0x1b12 0x420005 0xebf 0x0 0x24a6458ef40 0x96e 0x24a6458eff0 0x2e5 0x450007 0xcac 0x20 0xe66 0x0 0x0 0x0 0x0 0x0 0x0 0x0 0x0 0x9 0x3 0x1e 0x38 0x0 oops 2 13 java/util/stream/ReferencePipeline$2 15 java/util/stream/ReferencePipeline$3 methods 0
ciMethodData java/util/stream/ReferencePipeline <init> (Ljava/util/stream/AbstractPipeline;I)V 2 7862 orig 80 0 0 0 0 0 0 0 0 0 0 0 0 74 2 0 0 0 0 0 0 0 0 0 0 0 0 0 0 0 0 0 0 0 0 0 0 0 0 0 0 0 0 0 0 0 0 0 0 0 0 0 0 0 0 0 0 0 0 0 0 0 0 0 0 0 0 0 0 0 0 0 0 0 0 0 0 0 0 0 0 data 9 0x30002 0x1eb5 0x0 0x0 0x9 0x3 0x1e 0x38 0x0 oops 0 methods 0
ciMethod  @bci jdk/internal/misc/ExtendedMapMode <clinit> ()V 0 <appendix> form vmentry <vmtarget> ; invoke (Ljava/lang/Object;)Ljava/lang/Object; 606 0 30675 0 -1
ciMethodData  @bci jdk/internal/misc/ExtendedMapMode <clinit> ()V 0 <appendix> form vmentry <vmtarget> ; invoke (Ljava/lang/Object;)Ljava/lang/Object; 2 30375 orig 80 0 0 0 0 0 0 0 0 0 0 0 0 74 2 0 0 0 0 0 0 0 0 0 0 0 0 0 0 0 0 0 0 0 0 0 0 0 0 0 0 0 0 0 0 0 0 0 0 0 0 0 0 0 0 0 0 0 0 0 0 0 0 0 0 0 0 0 0 0 0 0 0 0 0 0 0 0 0 0 0 data 20 0x10004 0x0 0x0 0x24a6533e310 0x2314 0x0 0x0 0x0 0x0 0x0 0x0 0x0 0x0 0x9 0x1 0x0 0xc 0x2 0x0 0x24a6533e310 oops 2 3 java/lang/invoke/BoundMethodHandle$Species_L 19 java/lang/invoke/BoundMethodHandle$Species_L methods 0
ciMethodData java/lang/invoke/DirectMethodHandle$Holder newInvokeSpecial (Ljava/lang/Object;Ljava/lang/Object;)Ljava/lang/Object; 2 22381 orig 80 0 0 0 0 0 0 0 0 0 0 0 0 74 2 0 0 0 0 0 0 0 0 0 0 0 0 0 0 0 0 0 0 0 0 0 0 0 0 0 0 0 0 0 0 0 0 0 0 0 0 0 0 0 0 0 0 0 0 0 0 0 0 0 0 0 0 0 0 0 0 0 0 0 0 0 0 0 0 0 0 data 42 0x1000a 0x576d 0x3 0x0 0x24a65340960 0x2 0x6000a 0x576d 0x3 0x0 0x24a65340960 0x24a5d1b74d8 0xd0004 0x0 0x0 0x24a5d1b74d8 0x8 0x0 0x0 0x10000a 0x576c 0x4 0x0 0x2 0x1 0x3 0x0 0x0 0x0 0x0 0x0 0x0 0x9 0x2 0x0 0x0 0xc 0x4 0x0 0x24a65340960 0x1 0x3 oops 5 4 java/lang/invoke/DirectMethodHandle$Constructor 10 java/lang/invoke/DirectMethodHandle$Constructor 11 java/lang/invoke/MemberName 15 java/lang/invoke/MemberName 39 java/lang/invoke/DirectMethodHandle$Constructor methods 0
ciMethod java/util/logging/LogRecord shortThreadID (J)I 2 0 1 0 -1
ciMethod java/util/logging/LogRecord <init> (Ljava/util/logging/Level;Ljava/lang/String;)V 2 0 1 0 -1
ciMethod java/util/logging/LogRecord setLoggerName (Ljava/lang/String;)V 2 0 1 0 -1
ciMethod java/util/logging/LogRecord setResourceBundle (Ljava/util/ResourceBundle;)V 0 0 1 0 -1
ciMethod java/util/logging/LogRecord setResourceBundleName (Ljava/lang/String;)V 0 0 1 0 -1
ciMethod java/util/logging/LogRecord setParameters ([Ljava/lang/Object;)V 0 0 1 0 -1
ciMethodData java/util/stream/StreamOpFlag fromCharacteristics (Ljava/util/Spliterator;)I 2 6734 orig 80 0 0 0 0 0 0 0 0 0 0 0 0 74 2 0 0 0 0 0 0 0 0 0 0 0 0 0 0 0 0 0 0 0 0 0 0 0 0 0 0 0 0 0 0 0 0 0 0 0 0 0 0 0 0 0 0 0 0 0 0 0 0 0 0 0 0 0 0 0 0 0 0 0 0 0 0 0 0 0 0 data 31 0x10005 0x1841 0x0 0x24a6491efe0 0x1 0x24a6491f090 0x20c 0xa0007 0x1a4e 0x78 0x0 0xe0005 0x0 0x0 0x0 0x0 0x0 0x0 0x130007 0x0 0x20 0x0 0x0 0x0 0x0 0x0 0x0 0x0 0x9 0x1 0x0 oops 2 3 java/lang/StackStreamFactory$StackFrameTraverser 5 java/util/Spliterators$EmptySpliterator$OfRef methods 0
ciMethodData java/util/stream/AbstractPipeline <init> (Ljava/util/Spliterator;IZ)V 2 6739 orig 80 0 0 0 0 0 0 0 0 0 0 0 0 74 2 0 0 0 0 0 0 0 0 0 0 0 0 0 0 0 0 0 0 0 0 0 0 0 0 0 0 0 0 0 0 0 0 0 0 0 0 0 0 0 0 0 0 0 0 0 0 0 0 0 0 0 0 0 0 0 0 0 0 0 0 0 0 0 0 0 0 data 14 0x10002 0x1a53 0x0 0x0 0x0 0x0 0x0 0x0 0x9 0x4 0x3e 0x0 0x0 0x0 oops 0 methods 0
ciMethodData java/util/stream/StreamSupport stream (Ljava/util/Spliterator;Z)Ljava/util/stream/Stream; 2 6732 orig 80 0 0 0 0 0 0 0 0 0 0 0 0 74 2 0 0 0 0 0 0 0 0 0 0 0 0 0 0 0 0 0 0 0 0 0 0 0 0 0 0 0 0 0 0 0 0 0 0 0 0 0 0 0 0 0 0 0 0 0 0 0 0 0 0 0 0 0 0 0 0 0 0 0 0 0 0 0 0 0 0 data 16 0x10002 0x1a4c 0xb0002 0x1a4d 0xf0002 0x1a4d 0x0 0x0 0x0 0x0 0x0 0x0 0x9 0x2 0x0 0x0 oops 0 methods 0
ciMethodData java/util/stream/ReferencePipeline$Head <init> (Ljava/util/Spliterator;IZ)V 2 6737 orig 80 0 0 0 0 0 0 0 0 0 0 0 0 74 2 0 0 0 0 0 0 0 0 0 0 0 0 0 0 0 0 0 0 0 0 0 0 0 0 0 0 0 0 0 0 0 0 0 0 0 0 0 0 0 0 0 0 0 0 0 0 0 0 0 0 0 0 0 0 0 0 0 0 0 0 0 0 0 0 0 0 data 10 0x40002 0x1a51 0x0 0x0 0x9 0x4 0x0 0x0 0x0 0x0 oops 0 methods 0
ciMethodData java/util/stream/ReferencePipeline <init> (Ljava/util/Spliterator;IZ)V 2 6737 orig 80 0 0 0 0 0 0 0 0 0 0 0 0 74 2 0 0 0 0 0 0 0 0 0 0 0 0 0 0 0 0 0 0 0 0 0 0 0 0 0 0 0 0 0 0 0 0 0 0 0 0 0 0 0 0 0 0 0 0 0 0 0 0 0 0 0 0 0 0 0 0 0 0 0 0 0 0 0 0 0 0 data 10 0x40002 0x1a51 0x0 0x0 0x9 0x4 0x0 0x0 0x0 0x0 oops 0 methods 0
ciMethodData java/util/Spliterator getExactSizeIfKnown ()J 2 5125 orig 80 0 0 0 0 0 0 0 0 0 0 0 0 74 2 0 0 0 0 0 0 0 0 0 0 0 0 0 0 0 0 0 0 0 0 0 0 0 0 0 0 0 0 0 0 0 0 0 0 0 0 0 0 0 0 0 0 0 0 0 0 0 0 0 0 0 0 0 0 0 0 0 0 0 0 0 0 0 0 0 0 data 30 0x10005 0x10a4 0x0 0x24a6491f090 0x1b0 0x24a65bda878 0x1b1 0x90007 0x1402 0x38 0x3 0xf0003 0x3 0x50 0x130005 0x10a1 0x0 0x24a6491f090 0x1b0 0x24a65bda878 0x1b1 0x0 0x0 0x0 0x0 0x0 0x0 0x9 0x1 0x0 oops 4 3 java/util/Spliterators$EmptySpliterator$OfRef 5 java/util/ArrayList$ArrayListSpliterator 17 java/util/Spliterators$EmptySpliterator$OfRef 19 java/util/ArrayList$ArrayListSpliterator methods 0
ciMethodData java/util/stream/AbstractPipeline sourceSpliterator (I)Ljava/util/Spliterator; 2 6698 orig 80 0 0 0 0 0 0 0 0 0 0 0 0 74 2 0 0 0 0 0 0 0 0 0 0 0 0 0 0 0 0 0 0 0 0 0 0 0 0 0 0 0 0 0 0 0 0 0 0 0 0 0 0 0 0 0 0 0 0 0 0 0 0 0 0 0 0 0 0 0 0 0 0 0 0 0 0 0 0 0 0 data 121 0x90007 0x0 0x38 0x1a2a 0x1c0003 0x1a2a 0xd0 0x260007 0x0 0xa8 0x0 0x300005 0x0 0x0 0x0 0x0 0x0 0x0 0x350004 0x0 0x0 0x0 0x0 0x0 0x0 0x410003 0x0 0x28 0x4a0002 0x0 0x4f0005 0x1a2a 0x0 0x0 0x0 0x0 0x0 0x520007 0x1a2a 0x1e0 0x0 0x5c0007 0x0 0x1c0 0x0 0x770007 0x0 0x1a0 0x0 0x830005 0x0 0x0 0x0 0x0 0x0 0x0 0x860007 0x0 0x120 0x0 0x900005 0x0 0x0 0x0 0x0 0x0 0x0 0x930007 0x0 0x20 0x0 0xa50005 0x0 0x0 0x0 0x0 0x0 0x0 0xac0005 0x0 0x0 0x0 0x0 0x0 0x0 0xb10007 0x0 0x38 0x0 0xc00003 0x0 0x18 0xe30002 0x0 0xf40003 0x0 0xfffffffffffffe78 0xf80007 0x1566 0x30 0x4c4 0x1010002 0x4c4 0x0 0x0 0x0 0x0 0x0 0x0 0x0 0x0 0x0 0x0 0x0 0x0 0x0 0x0 0x9 0x2 0x0 0x0 oops 0 methods 0
ciMethodData java/util/stream/AbstractPipeline wrapSink (Ljava/util/stream/Sink;)Ljava/util/stream/Sink; 2 6698 orig 80 0 0 0 0 0 0 0 0 0 0 0 0 74 2 0 0 0 0 0 0 0 0 0 0 0 0 0 0 0 0 0 0 0 0 0 0 0 0 0 0 0 0 0 0 0 0 0 0 0 0 0 0 0 0 0 0 0 0 0 0 0 0 0 0 0 0 0 0 0 0 0 0 0 0 0 0 0 0 0 0 data 26 0x10002 0x1a2a 0xb0007 0x1a2a 0x70 0x1e9d 0x170005 0x137c 0x0 0x24a6458ef40 0xae0 0x24a65424b50 0x41 0x200003 0x1e9d 0xffffffffffffffa8 0x0 0x0 0x0 0x0 0x0 0x0 0x9 0x2 0x0 0x0 oops 2 9 java/util/stream/ReferencePipeline$2 11 java/util/stream/ReferencePipeline$7 methods 0
ciMethodData java/util/stream/StreamOpFlag isKnown (I)Z 2 24086 orig 80 0 0 0 0 0 0 0 0 0 0 0 0 74 2 0 0 0 0 0 0 0 0 0 0 0 0 0 0 0 0 0 0 0 0 0 0 0 0 0 0 0 0 0 0 0 0 0 0 0 0 0 0 0 0 0 0 0 0 0 0 0 0 0 0 0 0 0 0 0 0 0 0 0 0 0 0 0 0 0 0 data 15 0xa0007 0x3a61 0x38 0x23b5 0xe0003 0x23b5 0x18 0x0 0x0 0x0 0x0 0x9 0x2 0x0 0x0 oops 0 methods 0
ciMethodData java/util/stream/AbstractSpinedBuffer count ()J 1 612 orig 80 0 0 0 0 0 0 0 0 0 0 0 0 74 2 0 0 0 0 0 0 0 0 0 0 0 0 0 0 0 0 0 0 0 0 0 0 0 0 0 0 0 0 0 0 0 0 0 0 0 0 0 0 0 0 0 0 0 0 0 0 0 0 0 0 0 0 0 0 0 0 0 0 0 0 0 0 0 0 0 0 data 14 0x40007 0x0 0x38 0x264 0xc0003 0x264 0x18 0x0 0x0 0x0 0x0 0x9 0x1 0x0 oops 0 methods 0
ciMethodData java/util/stream/AbstractPipeline wrapAndCopyInto (Ljava/util/stream/Sink;Ljava/util/Spliterator;)Ljava/util/stream/Sink; 2 6545 orig 80 0 0 0 0 0 0 0 0 0 0 0 0 74 2 0 0 0 0 0 0 0 0 0 0 0 0 0 0 0 0 0 0 0 0 0 0 0 0 0 0 0 0 0 0 0 0 0 0 0 0 0 0 0 0 0 0 0 0 0 0 0 0 0 0 0 0 0 0 0 0 0 0 0 0 0 0 0 0 0 0 data 34 0x30002 0x1991 0x60004 0x0 0x0 0x24a654236d8 0x1c5 0x24a65423788 0x1 0x90005 0x1991 0x0 0x0 0x0 0x0 0x0 0xd0005 0x1991 0x0 0x0 0x0 0x0 0x0 0x0 0x0 0x0 0x0 0x0 0x0 0x9 0x3 0x0 0x0 0x0 oops 2 5 java/util/stream/FindOps$FindSink$OfRef 7 java/util/stream/ReduceOps$8ReducingSink methods 0
ciMethodData java/util/stream/AbstractPipeline copyInto (Ljava/util/stream/Sink;Ljava/util/Spliterator;)V 2 6545 orig 80 0 0 0 0 0 0 0 0 0 0 0 0 74 2 0 0 0 0 0 0 0 0 0 0 0 0 0 0 0 0 0 0 0 0 0 0 0 0 0 0 0 0 0 0 0 0 0 0 0 0 0 0 0 0 0 0 0 0 0 0 0 0 0 0 0 0 0 0 0 0 0 0 0 0 0 0 0 0 0 0 data 69 0x10002 0x1991 0x90005 0x1991 0x0 0x0 0x0 0x0 0x0 0xc0005 0x1991 0x0 0x0 0x0 0x0 0x0 0xf0007 0x1ca 0x118 0x17c7 0x140005 0x39 0x0 0x24a64918b88 0x148d 0x24a65bda878 0x301 0x190005 0x107a 0x0 0x24a630aa030 0x1b4 0x24a630aa0e0 0x599 0x200005 0x39 0x0 0x24a64918b88 0x148d 0x24a65bda878 0x301 0x260005 0x107a 0x0 0x24a630aa030 0x1b4 0x24a630aa0e0 0x599 0x2b0003 0x17c7 0x50 0x310005 0x1ca 0x0 0x0 0x0 0x0 0x0 0x0 0x0 0x0 0x0 0x0 0x0 0x9 0x3 0x0 0x0 0x0 oops 8 23 java/util/Spliterators$ArraySpliterator 25 java/util/ArrayList$ArrayListSpliterator 30 java/util/stream/ReferencePipeline$3$1 32 java/util/stream/ReferencePipeline$2$1 37 java/util/Spliterators$ArraySpliterator 39 java/util/ArrayList$ArrayListSpliterator 44 java/util/stream/ReferencePipeline$3$1 46 java/util/stream/ReferencePipeline$2$1 methods 0
ciMethodData java/util/stream/AbstractPipeline copyIntoWithCancel (Ljava/util/stream/Sink;Ljava/util/Spliterator;)Z 1 458 orig 80 0 0 0 0 0 0 0 0 0 0 0 0 74 2 0 0 0 0 0 0 0 0 0 0 0 0 0 0 0 0 0 0 0 0 0 0 0 0 0 0 0 0 0 0 0 0 0 0 0 0 0 0 0 0 0 0 0 0 0 0 0 0 0 0 0 0 0 0 0 0 0 0 0 0 0 0 0 0 0 0 data 46 0x60007 0x1ca 0x38 0x2c1 0xe0003 0x2c1 0xffffffffffffffe0 0x130005 0x7 0x0 0x24a6491f090 0x18e 0x24a65bda878 0x35 0x180005 0x37 0x0 0x24a630aa0e0 0x191 0x24a654236d8 0x2 0x200005 0x0 0x0 0x24a661ad288 0x1ca 0x0 0x0 0x260005 0x37 0x0 0x24a630aa0e0 0x191 0x24a654236d8 0x2 0x0 0x0 0x0 0x0 0x0 0x0 0x9 0x3 0xffffffffffffffff 0xffffffffffffffff 0xffffffffffffffff oops 7 10 java/util/Spliterators$EmptySpliterator$OfRef 12 java/util/ArrayList$ArrayListSpliterator 17 java/util/stream/ReferencePipeline$2$1 19 java/util/stream/FindOps$FindSink$OfRef 24 java/util/stream/ReferencePipeline$Head 31 java/util/stream/ReferencePipeline$2$1 33 java/util/stream/FindOps$FindSink$OfRef methods 0
ciMethodData java/util/logging/Logger isLoggable (Ljava/util/logging/Level;)Z 1 384 orig 80 0 0 0 0 0 0 0 0 0 0 0 0 74 2 0 0 0 0 0 0 0 0 0 0 0 0 0 0 0 0 0 0 0 0 0 0 0 0 0 0 0 0 0 0 0 0 0 0 0 0 0 0 0 0 0 0 0 0 0 0 0 0 0 0 0 0 0 0 0 0 0 0 0 0 0 0 0 0 0 0 data 25 0x90005 0x180 0x0 0x0 0x0 0x0 0x0 0xd0007 0x180 0x40 0x0 0x140007 0x0 0x20 0x0 0x0 0x0 0x0 0x0 0x0 0x0 0x9 0x2 0x0 0x0 oops 0 methods 0
ciMethodData java/lang/Class getReflectionFactory ()Ljdk/internal/reflect/ReflectionFactory; 2 9321 orig 80 0 0 0 0 0 0 0 0 0 0 0 0 74 2 0 0 0 0 0 0 0 0 0 0 0 0 0 0 0 0 0 0 0 0 0 0 0 0 0 0 0 0 0 0 0 0 0 0 0 0 0 0 0 0 0 0 0 0 0 0 0 0 0 0 0 0 0 0 0 0 0 0 0 0 0 0 0 0 0 0 data 23 0x50007 0x0 0x20 0x2469 0xe0002 0x0 0x110002 0x0 0x140004 0x0 0x0 0x0 0x0 0x0 0x0 0x0 0x0 0x0 0x0 0x0 0x0 0x9 0x0 oops 0 methods 0
ciMethodData java/lang/invoke/DirectMethodHandle$Holder newInvokeSpecial (Ljava/lang/Object;Ljava/lang/Object;Ljava/lang/Object;)Ljava/lang/Object; 2 13164 orig 80 0 0 0 0 0 0 0 0 0 0 0 0 74 2 0 0 0 0 0 0 0 0 0 0 0 0 0 0 0 0 0 0 0 0 0 0 0 0 0 0 0 0 0 0 0 0 0 0 0 0 0 0 0 0 0 0 0 0 0 0 0 0 0 0 0 0 0 0 0 0 0 0 0 0 0 0 0 0 0 0 data 43 0x1000a 0x336c 0x3 0x0 0x24a65340960 0x2 0x6000a 0x336c 0x3 0x0 0x24a65340960 0x24a5d1b74d8 0x100004 0x0 0x0 0x0 0x0 0x0 0x0 0x13000a 0x336c 0x4 0x0 0x2 0x1 0x3 0x0 0x0 0x0 0x0 0x0 0x0 0x9 0x3 0x0 0x0 0x0 0xc 0x4 0x0 0x24a65340960 0x1 0x3 oops 4 4 java/lang/invoke/DirectMethodHandle$Constructor 10 java/lang/invoke/DirectMethodHandle$Constructor 11 java/lang/invoke/MemberName 40 java/lang/invoke/DirectMethodHandle$Constructor methods 0
ciMethodData java/lang/Class reflectionData ()Ljava/lang/Class$ReflectionData; 2 5133 orig 80 0 0 0 0 0 0 0 0 0 0 0 0 74 2 0 0 0 0 0 0 0 0 0 0 0 0 0 0 0 0 0 0 0 0 0 0 0 0 0 0 0 0 0 0 0 0 0 0 0 0 0 0 0 0 0 0 0 0 0 0 0 0 0 0 0 0 0 0 0 0 0 0 0 0 0 0 0 0 0 0 data 42 0xb0007 0x2b8 0xd0 0x1155 0xf0005 0x0 0x0 0x24a5d1b5e68 0x1155 0x0 0x0 0x120004 0x0 0x0 0x24a65c4a638 0x1155 0x0 0x0 0x170007 0x0 0x40 0x1155 0x1f0007 0x0 0x20 0x1155 0x270005 0x2b8 0x0 0x0 0x0 0x0 0x0 0x0 0x0 0x0 0x0 0x0 0x0 0x9 0x1 0xffffffffffffffff oops 2 7 java/lang/ref/SoftReference 14 java/lang/Class$ReflectionData methods 0
ciMethodData java/lang/Class newReflectionData (Ljava/lang/ref/SoftReference;I)Ljava/lang/Class$ReflectionData; 2 1076 orig 80 0 0 0 0 0 0 0 0 0 0 0 0 74 2 0 0 0 0 0 0 0 0 0 0 0 0 0 0 0 0 0 0 0 0 0 0 0 0 0 0 0 0 0 0 0 0 0 0 0 0 0 0 0 0 0 0 0 0 0 0 0 0 0 0 0 0 0 0 0 0 0 0 0 0 0 0 0 0 0 0 data 50 0x50002 0x434 0x100002 0x434 0x130002 0x433 0x160007 0x0 0x20 0x434 0x260007 0x0 0xd0 0x0 0x2a0005 0x0 0x0 0x0 0x0 0x0 0x0 0x2d0004 0x0 0x0 0x0 0x0 0x0 0x0 0x320007 0x0 0x40 0x0 0x3a0007 0x0 0x20 0x0 0x3f0003 0x0 0xfffffffffffffee0 0x0 0x0 0x0 0x0 0x0 0x0 0x9 0x3 0xffffffffffffffff 0xffffffffffffffff 0x0 oops 0 methods 0
ciMethodData java/lang/invoke/Invokers$Holder linkToTargetMethod (Ljava/lang/Object;Ljava/lang/Object;Ljava/lang/Object;)Ljava/lang/Object; 2 13193 orig 80 0 0 0 0 0 0 0 0 0 0 0 0 74 2 0 0 0 0 0 0 0 0 0 0 0 0 0 0 0 0 0 0 0 0 0 0 0 0 0 0 0 0 0 0 0 0 0 0 0 0 0 0 0 0 0 0 0 0 0 0 0 0 0 0 0 0 0 0 0 0 0 0 0 0 0 0 0 0 0 0 data 37 0x10004 0x0 0x0 0x24a65340960 0x546 0x24a680c4e30 0xd5 0x6000b 0x3389 0x0 0x0 0x0 0x0 0x0 0x5 0x1 0x3 0x2 0x3 0x2 0x0 0x0 0x0 0x0 0x0 0x0 0x9 0x3 0x0 0x0 0x0 0xc 0x4 0x0 0x3 0x1 0x3 oops 2 3 java/lang/invoke/DirectMethodHandle$Constructor 5 java/lang/invoke/BoundMethodHandle$Species_LLLLL methods 0
ciMethodData java/lang/reflect/AccessibleObject <init> ()V 2 12938 orig 80 0 0 0 0 0 0 0 0 0 0 0 0 74 2 0 0 0 0 0 0 0 0 0 0 0 0 0 0 0 0 0 0 0 0 0 0 0 0 0 0 0 0 0 0 0 0 0 0 0 0 0 0 0 0 0 0 0 0 0 0 0 0 0 0 0 0 0 0 0 0 0 0 0 0 0 0 0 0 0 0 data 7 0x10002 0x328a 0x0 0x0 0x9 0x1 0x0 oops 0 methods 0
ciMethodData java/lang/reflect/ReflectAccess copyField (Ljava/lang/reflect/Field;)Ljava/lang/reflect/Field; 2 6830 orig 80 0 0 0 0 0 0 0 0 0 0 0 0 74 2 0 0 0 0 0 0 0 0 0 0 0 0 0 0 0 0 0 0 0 0 0 0 0 0 0 0 0 0 0 0 0 0 0 0 0 0 0 0 0 0 0 0 0 0 0 0 0 0 0 0 0 0 0 0 0 0 0 0 0 0 0 0 0 0 0 0 data 17 0x10005 0x1aae 0x0 0x0 0x0 0x0 0x0 0x0 0x0 0x0 0x0 0x0 0x0 0x9 0x2 0x0 0x0 oops 0 methods 0
ciMethodData jdk/internal/reflect/ReflectionFactory copyField (Ljava/lang/reflect/Field;)Ljava/lang/reflect/Field; 2 6826 orig 80 0 0 0 0 0 0 0 0 0 0 0 0 74 2 0 0 0 0 0 0 0 0 0 0 0 0 0 0 0 0 0 0 0 0 0 0 0 0 0 0 0 0 0 0 0 0 0 0 0 0 0 0 0 0 0 0 0 0 0 0 0 0 0 0 0 0 0 0 0 0 0 0 0 0 0 0 0 0 0 0 data 17 0x50005 0x0 0x0 0x24a65c538d0 0x1aaa 0x0 0x0 0x0 0x0 0x0 0x0 0x0 0x0 0x9 0x2 0x0 0x0 oops 1 3 java/lang/reflect/ReflectAccess methods 0
ciMethodData java/lang/reflect/Field copy ()Ljava/lang/reflect/Field; 2 5134 orig 80 0 0 0 0 0 0 0 0 0 0 0 0 74 2 0 0 0 0 0 0 0 0 0 0 0 0 0 0 0 0 0 0 0 0 0 0 0 0 0 0 0 0 0 0 0 0 0 0 0 0 0 0 0 0 0 0 0 0 0 0 0 0 0 0 0 0 0 0 0 0 0 0 0 0 0 0 0 0 0 0 data 20 0x40007 0x140e 0x30 0x0 0xd0002 0x0 0x350002 0x140e 0x0 0x0 0x0 0x0 0x0 0x0 0x0 0x0 0x0 0x9 0x1 0x0 oops 0 methods 0
ciMethodData java/lang/reflect/Field <init> (Ljava/lang/Class;Ljava/lang/String;Ljava/lang/Class;IZILjava/lang/String;[B)V 2 5134 orig 80 0 0 0 0 0 0 0 0 0 0 0 0 74 2 0 0 0 0 0 0 0 0 0 0 0 0 0 0 0 0 0 0 0 0 0 0 0 0 0 0 0 0 0 0 0 0 0 0 0 0 0 0 0 0 0 0 0 0 0 0 0 0 0 0 0 0 0 0 0 0 0 0 0 0 0 0 0 0 0 0 data 18 0x10002 0x140e 0x0 0x0 0x0 0x0 0x0 0x9 0x9 0x7e 0x0 0x0 0x0 0x0 0x0 0x0 0x0 0x0 oops 0 methods 0
ciMethodData sun/reflect/generics/parser/SignatureParser current ()C 2 23061 orig 80 0 0 0 0 0 0 0 0 0 0 0 0 74 2 0 0 0 0 0 0 0 0 0 0 0 0 0 0 0 0 0 0 0 0 0 0 0 0 0 0 0 0 0 0 0 0 0 0 0 0 0 0 0 0 0 0 0 0 0 0 0 0 0 0 0 0 0 0 0 0 0 0 0 0 0 0 0 0 0 0 data 47 0x30007 0x5a15 0x88 0x0 0xe0005 0x0 0x0 0x0 0x0 0x0 0x0 0x110007 0x0 0x30 0x0 0x180002 0x0 0x240005 0x5a15 0x0 0x0 0x0 0x0 0x0 0x270007 0x54 0x70 0x59c1 0x320005 0x59c1 0x0 0x0 0x0 0x0 0x0 0x350003 0x59c1 0x18 0x0 0x0 0x0 0x0 0x0 0x0 0x9 0x1 0x0 oops 0 methods 0
ciMethodData sun/reflect/generics/parser/SignatureParser advance ()V 2 18531 orig 80 0 0 0 0 0 0 0 0 0 0 0 0 74 2 0 0 0 0 0 0 0 0 0 0 0 0 0 0 0 0 0 0 0 0 0 0 0 0 0 0 0 0 0 0 0 0 0 0 0 0 0 0 0 0 0 0 0 0 0 0 0 0 0 0 0 0 0 0 0 0 0 0 0 0 0 0 0 0 0 0 data 37 0x30007 0x4863 0x88 0x0 0xe0005 0x0 0x0 0x0 0x0 0x0 0x0 0x110007 0x0 0x30 0x0 0x180002 0x0 0x240005 0x4863 0x0 0x0 0x0 0x0 0x0 0x270007 0x0 0x20 0x4863 0x0 0x0 0x0 0x0 0x0 0x0 0x9 0x1 0x6 oops 0 methods 0
ciMethodData java/lang/reflect/Executable <init> ()V 2 7726 orig 80 0 0 0 0 0 0 0 0 0 0 0 0 74 2 0 0 0 0 0 0 0 0 0 0 0 0 0 0 0 0 0 0 0 0 0 0 0 0 0 0 0 0 0 0 0 0 0 0 0 0 0 0 0 0 0 0 0 0 0 0 0 0 0 0 0 0 0 0 0 0 0 0 0 0 0 0 0 0 0 0 data 7 0x10002 0x1e2e 0x0 0x0 0x9 0x1 0x0 oops 0 methods 0
ciMethod java/util/stream/SortedOps makeRef (Ljava/util/stream/AbstractPipeline;Ljava/util/Comparator;)Ljava/util/stream/Stream; 772 0 4149 0 0
ciMethod java/util/stream/SortedOps$OfRef <init> (Ljava/util/stream/AbstractPipeline;Ljava/util/Comparator;)V 772 0 4153 0 0
ciMethod java/util/stream/ReferencePipeline$StatefulOp <init> (Ljava/util/stream/AbstractPipeline;Ljava/util/stream/StreamShape;I)V 574 0 4166 0 0
ciMethod java/util/stream/ReferencePipeline$StatefulOp opIsStateful ()Z 336 0 168 0 0
ciMethod java/lang/reflect/UndeclaredThrowableException <init> (Ljava/lang/Throwable;)V 0 0 1 0 -1
ciMethodData jdk/internal/reflect/ReflectionFactory copyMethod (Ljava/lang/reflect/Method;)Ljava/lang/reflect/Method; 2 18789 orig 80 0 0 0 0 0 0 0 0 0 0 0 0 74 2 0 0 0 0 0 0 0 0 0 0 0 0 0 0 0 0 0 0 0 0 0 0 0 0 0 0 0 0 0 0 0 0 0 0 0 0 0 0 0 0 0 0 0 0 0 0 0 0 0 0 0 0 0 0 0 0 0 0 0 0 0 0 0 0 0 0 data 17 0x50005 0x0 0x0 0x24a65c538d0 0x4965 0x0 0x0 0x0 0x0 0x0 0x0 0x0 0x0 0x9 0x2 0x0 0x0 oops 1 3 java/lang/reflect/ReflectAccess methods 0
ciMethodData java/lang/reflect/ReflectAccess copyMethod (Ljava/lang/reflect/Method;)Ljava/lang/reflect/Method; 2 18789 orig 80 0 0 0 0 0 0 0 0 0 0 0 0 74 2 0 0 0 0 0 0 0 0 0 0 0 0 0 0 0 0 0 0 0 0 0 0 0 0 0 0 0 0 0 0 0 0 0 0 0 0 0 0 0 0 0 0 0 0 0 0 0 0 0 0 0 0 0 0 0 0 0 0 0 0 0 0 0 0 0 0 data 17 0x10005 0x4965 0x0 0x0 0x0 0x0 0x0 0x0 0x0 0x0 0x0 0x0 0x0 0x9 0x2 0x0 0x0 oops 0 methods 0
ciMethodData java/lang/reflect/Method copy ()Ljava/lang/reflect/Method; 2 5214 orig 80 0 0 0 0 0 0 0 0 0 0 0 0 74 2 0 0 0 0 0 0 0 0 0 0 0 0 0 0 0 0 0 0 0 0 0 0 0 0 0 0 0 0 0 0 0 0 0 0 0 0 0 0 0 0 0 0 0 0 0 0 0 0 0 0 0 0 0 0 0 0 0 0 0 0 0 0 0 0 0 0 data 21 0x40007 0x145e 0x30 0x0 0xd0002 0x0 0x410002 0x145e 0x0 0x0 0x0 0x0 0x0 0x0 0x0 0x0 0x0 0x0 0x9 0x1 0x0 oops 0 methods 0
ciMethodData java/lang/reflect/Method <init> (Ljava/lang/Class;Ljava/lang/String;[Ljava/lang/Class;Ljava/lang/Class;[Ljava/lang/Class;IILjava/lang/String;[B[B[B)V 2 5214 orig 80 0 0 0 0 0 0 0 0 0 0 0 0 74 2 0 0 0 0 0 0 0 0 0 0 0 0 0 0 0 0 0 0 0 0 0 0 0 0 0 0 0 0 0 0 0 0 0 0 0 0 0 0 0 0 0 0 0 0 0 0 0 0 0 0 0 0 0 0 0 0 0 0 0 0 0 0 0 0 0 0 data 23 0x10002 0x145e 0x0 0x0 0x0 0x0 0x0 0x0 0x0 0x9 0xc 0x3f8 0x0 0x0 0x0 0x0 0x0 0x0 0x0 0x0 0x0 0x0 0x0 oops 0 methods 0
ciMethod com/google/common/base/Preconditions checkArgument (ZLjava/lang/String;Ljava/lang/Object;Ljava/lang/Object;)V 354 0 3818 0 0
ciMethod com/google/common/base/Preconditions checkNotNull (Ljava/lang/Object;)Ljava/lang/Object; 534 0 20935 0 104
ciMethod com/google/common/base/Preconditions checkNotNull (Ljava/lang/Object;Ljava/lang/Object;)Ljava/lang/Object; 532 0 21708 0 -1
ciMethodData java/lang/Class privateGetDeclaredMethods (Z)[Ljava/lang/reflect/Method; 2 3867 orig 80 0 0 0 0 0 0 0 0 0 0 0 0 74 2 0 0 0 0 0 0 0 0 0 0 0 0 0 0 0 0 0 0 0 0 0 0 0 0 0 0 0 0 0 0 0 0 0 0 0 0 0 0 0 0 0 0 0 0 0 0 0 0 0 0 0 0 0 0 0 0 0 0 0 0 0 0 0 0 0 0 data 52 0x10005 0xf1b 0x0 0x0 0x0 0x0 0x0 0x60007 0x0 0x78 0xf1b 0xa0007 0xd6a 0x38 0x1b1 0x110003 0x1b1 0x18 0x1a0007 0x207 0x20 0xd14 0x220005 0x207 0x0 0x0 0x0 0x0 0x0 0x250002 0x207 0x2a0007 0x0 0x58 0x207 0x2e0007 0x1b5 0x38 0x52 0x360003 0x52 0x18 0x0 0x0 0x0 0x0 0x0 0x0 0x9 0x2 0x0 0x0 oops 0 methods 0
ciMethodData jdk/internal/reflect/Reflection filterMethods (Ljava/lang/Class;[Ljava/lang/reflect/Method;)[Ljava/lang/reflect/Method; 1 519 orig 80 0 0 0 0 0 0 0 0 0 0 0 0 74 2 0 0 0 0 0 0 0 0 0 0 0 0 0 0 0 0 0 0 0 0 0 0 0 0 0 0 0 0 0 0 0 0 0 0 0 0 0 0 0 0 0 0 0 0 0 0 0 0 0 0 0 0 0 0 0 0 0 0 0 0 0 0 0 0 0 0 data 37 0x30007 0x207 0x20 0x0 0xd0005 0x0 0x0 0x24a662ffa08 0x1d1 0x24a67dd2c78 0x36 0x120104 0x0 0x0 0x24a67dd2d28 0x1 0x0 0x0 0x150002 0x207 0x180004 0x0 0x0 0x24a687cde18 0x207 0x0 0x0 0x0 0x0 0x0 0x0 0x0 0x0 0x9 0x2 0x0 0x0 oops 4 7 java/util/ImmutableCollections$MapN 9 java/util/HashMap 14 java/util/ImmutableCollections$Set12 23 [Ljava/lang/reflect/Method; methods 0
ciMethodData jdk/internal/reflect/Reflection filter ([Ljava/lang/reflect/Member;Ljava/util/Set;)[Ljava/lang/reflect/Member; 2 1237 orig 80 0 0 0 0 0 0 0 0 0 0 0 0 74 2 0 0 0 0 0 0 0 0 0 0 0 0 0 0 0 0 0 0 0 0 0 0 0 0 0 0 0 0 0 0 0 0 0 0 0 0 0 0 0 0 0 0 0 0 0 0 0 0 0 0 0 0 0 0 0 0 0 0 0 0 0 0 0 0 0 0 data 111 0x10007 0x4d3 0x40 0x2 0x60007 0x2 0x20 0x0 0xe0005 0x0 0x0 0x24a5d1b6938 0x1 0x24a5d1b6818 0x1 0x170005 0x0 0x0 0x24a67dd2d28 0x2 0x0 0x0 0x1c0007 0x2 0x68 0x0 0x210002 0x0 0x240004 0x0 0x0 0x0 0x0 0x0 0x0 0x390007 0x2 0xc8 0x6c 0x460005 0x0 0x0 0x24a5d1b6938 0x59 0x24a5d1b6818 0x13 0x4b0005 0x0 0x0 0x24a67dd2d28 0x6c 0x0 0x0 0x500007 0x3 0x20 0x69 0x590003 0x6c 0xffffffffffffff50 0x5e0002 0x2 0x610004 0x0 0x0 0x24a687cde18 0x1 0x24a687cd658 0x1 0x780007 0x2 0x100 0x6c 0x850005 0x0 0x0 0x24a5d1b6938 0x59 0x24a5d1b6818 0x13 0x8a0005 0x0 0x0 0x24a67dd2d28 0x6c 0x0 0x0 0x8f0007 0x3 0x58 0x69 0x9b0004 0x0 0x0 0x24a5d1b6938 0x58 0x24a5d1b6818 0x11 0x9f0003 0x6c 0xffffffffffffff18 0x0 0x0 0x0 0x0 0x0 0x0 0x9 0x2 0x0 0x0 oops 13 11 java/lang/reflect/Method 13 java/lang/reflect/Field 18 java/util/ImmutableCollections$Set12 42 java/lang/reflect/Method 44 java/lang/reflect/Field 49 java/util/ImmutableCollections$Set12 65 [Ljava/lang/reflect/Method; 67 [Ljava/lang/reflect/Field; 76 java/lang/reflect/Method 78 java/lang/reflect/Field 83 java/util/ImmutableCollections$Set12 94 java/lang/reflect/Method 96 java/lang/reflect/Field methods 0
ciMethodData java/lang/Class$Atomic casReflectionData (Ljava/lang/Class;Ljava/lang/ref/SoftReference;Ljava/lang/ref/SoftReference;)Z 1 949 orig 80 0 0 0 0 0 0 0 0 0 0 0 0 74 2 0 0 0 0 0 0 0 0 0 0 0 0 0 0 0 0 0 0 0 0 0 0 0 0 0 0 0 0 0 0 0 0 0 0 0 0 0 0 0 0 0 0 0 0 0 0 0 0 0 0 0 0 0 0 0 0 0 0 0 0 0 0 0 0 0 0 data 18 0x90005 0x81 0x0 0x0 0x0 0x0 0x0 0x0 0x0 0x0 0x0 0x0 0x0 0x9 0x3 0xffffffffffffffff 0xffffffffffffffff 0x0 oops 0 methods 0
ciMethodData java/util/Arrays stream ([Ljava/lang/Object;II)Ljava/util/stream/Stream; 2 4846 orig 80 0 0 0 0 0 0 0 0 0 0 0 0 74 2 0 0 0 0 0 0 0 0 0 0 0 0 0 0 0 0 0 0 0 0 0 0 0 0 0 0 0 0 0 0 0 0 0 0 0 0 0 0 0 0 0 0 0 0 0 0 0 0 0 0 0 0 0 0 0 0 0 0 0 0 0 0 0 0 0 0 data 15 0x30002 0x12ee 0x70002 0x12ee 0x0 0x0 0x0 0x0 0x0 0x0 0x9 0x3 0x0 0x0 0x0 oops 0 methods 0
ciMethod com/google/common/collect/ImmutableMap get (Ljava/lang/Object;)Ljava/lang/Object; 0 0 1 0 -1
ciMethodData sun/reflect/generics/repository/AbstractRepository getReifier ()Lsun/reflect/generics/visitor/Reifier; 1 412 orig 80 0 0 0 0 0 0 0 0 0 0 0 0 74 2 0 0 0 0 0 0 0 0 0 0 0 0 0 0 0 0 0 0 0 0 0 0 0 0 0 0 0 0 0 0 0 0 0 0 0 0 0 0 0 0 0 0 0 0 0 0 0 0 0 0 0 0 0 0 0 0 0 0 0 0 0 0 0 0 0 0 data 18 0x10005 0x19c 0x0 0x0 0x0 0x0 0x0 0x40002 0x19c 0x0 0x0 0x0 0x0 0x0 0x0 0x9 0x1 0x0 oops 0 methods 0
ciMethodData java/lang/Class copyMethods ([Ljava/lang/reflect/Method;)[Ljava/lang/reflect/Method; 2 3255 orig 80 0 0 0 0 0 0 0 0 0 0 0 0 74 2 0 0 0 0 0 0 0 0 0 0 0 0 0 0 0 0 0 0 0 0 0 0 0 0 0 0 0 0 0 0 0 0 0 0 0 0 0 0 0 0 0 0 0 0 0 0 0 0 0 0 0 0 0 0 0 0 0 0 0 0 0 0 0 0 0 0 data 32 0x60002 0xcb7 0xf0007 0xcb7 0xa8 0x40c5 0x180005 0x0 0x0 0x24a67dd8288 0x40c5 0x0 0x0 0x1b0004 0x0 0x0 0x24a5d1b6938 0x40c5 0x0 0x0 0x1f0003 0x40c5 0xffffffffffffff70 0x0 0x0 0x0 0x0 0x0 0x0 0x9 0x1 0x0 oops 2 9 jdk/internal/reflect/ReflectionFactory 16 java/lang/reflect/Method methods 0
ciMethodData java/lang/reflect/Modifier isSynthetic (I)Z 2 14423 orig 80 0 0 0 0 0 0 0 0 0 0 0 0 74 2 0 0 0 0 0 0 0 0 0 0 0 0 0 0 0 0 0 0 0 0 0 0 0 0 0 0 0 0 0 0 0 0 0 0 0 0 0 0 0 0 0 0 0 0 0 0 0 0 0 0 0 0 0 0 0 0 0 0 0 0 0 0 0 0 0 0 data 11 0x50007 0x36e4 0x38 0x173 0x90003 0x173 0x18 0x0 0x9 0x1 0x0 oops 0 methods 0
ciMethodData java/util/Arrays stream ([Ljava/lang/Object;)Ljava/util/stream/Stream; 2 4846 orig 80 0 0 0 0 0 0 0 0 0 0 0 0 74 2 0 0 0 0 0 0 0 0 0 0 0 0 0 0 0 0 0 0 0 0 0 0 0 0 0 0 0 0 0 0 0 0 0 0 0 0 0 0 0 0 0 0 0 0 0 0 0 0 0 0 0 0 0 0 0 0 0 0 0 0 0 0 0 0 0 0 data 11 0x40002 0x12ee 0x0 0x0 0x0 0x0 0x0 0x0 0x9 0x1 0x0 oops 0 methods 0
ciMethodData java/util/Arrays spliterator ([Ljava/lang/Object;II)Ljava/util/Spliterator; 2 4852 orig 80 0 0 0 0 0 0 0 0 0 0 0 0 74 2 0 0 0 0 0 0 0 0 0 0 0 0 0 0 0 0 0 0 0 0 0 0 0 0 0 0 0 0 0 0 0 0 0 0 0 0 0 0 0 0 0 0 0 0 0 0 0 0 0 0 0 0 0 0 0 0 0 0 0 0 0 0 0 0 0 0 data 13 0x60002 0x12f4 0x0 0x0 0x0 0x0 0x0 0x0 0x9 0x3 0x0 0x0 0x0 oops 0 methods 0
ciMethodData java/util/Spliterators spliterator ([Ljava/lang/Object;III)Ljava/util/Spliterator; 2 4852 orig 80 0 0 0 0 0 0 0 0 0 0 0 0 74 2 0 0 0 0 0 0 0 0 0 0 0 0 0 0 0 0 0 0 0 0 0 0 0 0 0 0 0 0 0 0 0 0 0 0 0 0 0 0 0 0 0 0 0 0 0 0 0 0 0 0 0 0 0 0 0 0 0 0 0 0 0 0 0 0 0 0 data 25 0x10002 0x12f4 0x40004 0x0 0x0 0x24a64918f30 0x5 0x0 0x0 0xa0002 0x12f4 0x150002 0x12f4 0x0 0x0 0x0 0x0 0x0 0x0 0x9 0x4 0x0 0x0 0x0 0x0 oops 1 5 [Ljava/lang/reflect/Parameter; methods 0
ciMethodData java/util/Spliterators checkFromToBounds (III)V 2 4860 orig 80 0 0 0 0 0 0 0 0 0 0 0 0 74 2 0 0 0 0 0 0 0 0 0 0 0 0 0 0 0 0 0 0 0 0 0 0 0 0 0 0 0 0 0 0 0 0 0 0 0 0 0 0 0 0 0 0 0 0 0 0 0 0 0 0 0 0 0 0 0 0 0 0 0 0 0 0 0 0 0 0 data 73 0x20007 0x12fc 0x190 0x0 0xd0002 0x0 0x120005 0x0 0x0 0x0 0x0 0x0 0x0 0x160005 0x0 0x0 0x0 0x0 0x0 0x0 0x1b0005 0x0 0x0 0x0 0x0 0x0 0x0 0x1f0005 0x0 0x0 0x0 0x0 0x0 0x0 0x240005 0x0 0x0 0x0 0x0 0x0 0x0 0x270005 0x0 0x0 0x0 0x0 0x0 0x0 0x2a0002 0x0 0x2f0007 0x12fc 0x30 0x0 0x370002 0x0 0x3d0007 0x12fc 0x30 0x0 0x450002 0x0 0x0 0x0 0x0 0x0 0x0 0x0 0x9 0x3 0x0 0x0 0x0 oops 0 methods 0
ciMethodData java/lang/reflect/Executable isSynthetic ()Z 2 13460 orig 80 0 0 0 0 0 0 0 0 0 0 0 0 74 2 0 0 0 0 0 0 0 0 0 0 0 0 0 0 0 0 0 0 0 0 0 0 0 0 0 0 0 0 0 0 0 0 0 0 0 0 0 0 0 0 0 0 0 0 0 0 0 0 0 0 0 0 0 0 0 0 0 0 0 0 0 0 0 0 0 0 data 18 0x10005 0xdf0 0x0 0x24a5d1b6938 0x26a4 0x0 0x0 0x40002 0x3494 0x0 0x0 0x0 0x0 0x0 0x0 0x9 0x1 0x0 oops 1 3 java/lang/reflect/Method methods 0
ciMethodData java/lang/reflect/Method isSynthetic ()Z 2 13460 orig 80 0 0 0 0 0 0 0 0 0 0 0 0 74 2 0 0 0 0 0 0 0 0 0 0 0 0 0 0 0 0 0 0 0 0 0 0 0 0 0 0 0 0 0 0 0 0 0 0 0 0 0 0 0 0 0 0 0 0 0 0 0 0 0 0 0 0 0 0 0 0 0 0 0 0 0 0 0 0 0 0 data 7 0x10002 0x3494 0x0 0x0 0x9 0x1 0x0 oops 0 methods 0
ciMethod com/google/common/collect/ImmutableList of ()Lcom/google/common/collect/ImmutableList; 18 0 3748 0 -1
ciMethod com/google/common/collect/ImmutableList of (Ljava/lang/Object;)Lcom/google/common/collect/ImmutableList; 514 0 1024 0 0
ciMethod com/google/common/collect/ImmutableList copyOf (Ljava/util/Collection;)Lcom/google/common/collect/ImmutableList; 512 0 1579 0 0
ciMethod com/google/common/collect/ImmutableList copyOf ([Ljava/lang/Object;)Lcom/google/common/collect/ImmutableList; 512 0 893 0 -1
ciMethod com/google/common/collect/ImmutableList construct ([Ljava/lang/Object;)Lcom/google/common/collect/ImmutableList; 512 0 1697 0 -1
ciMethod com/google/common/collect/ImmutableList asImmutableList ([Ljava/lang/Object;)Lcom/google/common/collect/ImmutableList; 512 0 1697 0 -1
ciMethod com/google/common/collect/ImmutableList <init> ()V 514 0 1258 0 -1
ciMethod com/google/common/collect/ImmutableCollection <init> ()V 514 0 1914 0 -1
ciMethod com/google/common/collect/ImmutableCollection toArray ()[Ljava/lang/Object; 2 0 778 0 -1
ciMethod com/google/common/collect/ImmutableCollection asList ()Lcom/google/common/collect/ImmutableList; 0 0 1 0 -1
ciMethod com/google/common/collect/ImmutableCollection isPartialView ()Z 0 0 1 0 -1
ciMethod com/google/common/collect/SingletonImmutableList <init> (Ljava/lang/Object;)V 514 0 1033 0 -1
ciMethod sun/reflect/generics/repository/ClassRepository <init> (Ljava/lang/String;Lsun/reflect/generics/factory/GenericsFactory;)V 42 0 57 0 0
ciMethod sun/reflect/generics/repository/ClassRepository parse (Ljava/lang/String;)Lsun/reflect/generics/tree/ClassSignature; 42 0 57 0 0
ciMethod sun/reflect/generics/repository/ClassRepository make (Ljava/lang/String;Lsun/reflect/generics/factory/GenericsFactory;)Lsun/reflect/generics/repository/ClassRepository; 42 0 57 0 0
ciMethod sun/reflect/generics/repository/ClassRepository getSuperclass ()Ljava/lang/reflect/Type; 412 0 983 0 0
ciMethod sun/reflect/generics/repository/ClassRepository getSuperInterfaces ()[Ljava/lang/reflect/Type; 38 0 49 0 0
ciMethod sun/reflect/generics/repository/ClassRepository computeSuperclass ()Ljava/lang/reflect/Type; 32 0 42 0 0
ciMethod sun/reflect/generics/repository/ClassRepository computeSuperInterfaces ()[Ljava/lang/reflect/Type; 4 4 13 0 -1
ciMethod sun/reflect/generics/repository/ClassRepository parse (Ljava/lang/String;)Lsun/reflect/generics/tree/Tree; 42 0 57 0 0
ciMethod sun/reflect/generics/repository/GenericDeclRepository <init> (Ljava/lang/String;Lsun/reflect/generics/factory/GenericsFactory;)V 388 0 279 0 0
ciMethod sun/reflect/generics/repository/AbstractRepository getFactory ()Lsun/reflect/generics/factory/GenericsFactory; 256 0 128 0 -1
ciMethod sun/reflect/generics/repository/AbstractRepository getTree ()Lsun/reflect/generics/tree/Tree; 256 0 128 0 -1
ciMethod sun/reflect/generics/repository/AbstractRepository getReifier ()Lsun/reflect/generics/visitor/Reifier; 518 0 560 0 -1
ciMethod sun/reflect/generics/repository/AbstractRepository <init> (Ljava/lang/String;Lsun/reflect/generics/factory/GenericsFactory;)V 388 0 384 0 0
ciMethod sun/reflect/generics/repository/AbstractRepository parse (Ljava/lang/String;)Lsun/reflect/generics/tree/Tree; 0 0 1 0 -1
ciMethod sun/reflect/generics/tree/FormalTypeParameter make (Ljava/lang/String;[Lsun/reflect/generics/tree/FieldTypeSignature;)Lsun/reflect/generics/tree/FormalTypeParameter; 54 0 26 0 -1
ciMethod sun/reflect/generics/tree/ClassSignature make ([Lsun/reflect/generics/tree/FormalTypeParameter;Lsun/reflect/generics/tree/ClassTypeSignature;[Lsun/reflect/generics/tree/ClassTypeSignature;)Lsun/reflect/generics/tree/ClassSignature; 116 0 57 0 -1
ciMethod sun/reflect/generics/tree/ClassSignature getSuperclass ()Lsun/reflect/generics/tree/ClassTypeSignature; 36 0 18 0 -1
ciMethod sun/reflect/generics/tree/ClassSignature getSuperInterfaces ()[Lsun/reflect/generics/tree/ClassTypeSignature; 28 0 13 0 -1
ciMethod java/lang/reflect/ParameterizedType getActualTypeArguments ()[Ljava/lang/reflect/Type; 0 0 1 0 -1
ciMethod java/lang/reflect/ParameterizedType getRawType ()Ljava/lang/reflect/Type; 0 0 1 0 -1
ciMethod java/lang/reflect/ParameterizedType getOwnerType ()Ljava/lang/reflect/Type; 0 0 1 0 -1
ciMethod sun/reflect/generics/reflectiveObjects/ParameterizedTypeImpl getActualTypeArguments ()[Ljava/lang/reflect/Type; 574 0 1329 0 0
ciMethod sun/reflect/generics/reflectiveObjects/ParameterizedTypeImpl getOwnerType ()Ljava/lang/reflect/Type; 266 0 133 0 0
ciMethod java/lang/reflect/WildcardType getUpperBounds ()[Ljava/lang/reflect/Type; 0 0 1 0 -1
ciMethod java/lang/reflect/WildcardType getLowerBounds ()[Ljava/lang/reflect/Type; 0 0 1 0 -1
ciMethodData java/lang/reflect/Executable declaredAnnotations ()Ljava/util/Map; 2 7279 orig 80 0 0 0 0 0 0 0 0 0 0 0 0 74 2 0 0 0 0 0 0 0 0 0 0 0 0 0 0 0 0 0 0 0 0 0 0 0 0 0 0 0 0 0 0 0 0 0 0 0 0 0 0 0 0 0 0 0 0 0 0 0 0 0 0 0 0 0 0 0 0 0 0 0 0 0 0 0 0 0 0 data 80 0x60007 0x1019 0x238 0xc56 0x130007 0x0 0x200 0xc56 0x170005 0x0 0x0 0x24a5d1b6938 0xc2e 0x24a5d1b6a78 0x28 0x1a0104 0x0 0x0 0x24a5d1b6938 0x9e6 0x24a5d1b6a78 0x19 0x1f0007 0x257 0x70 0x9ff 0x230005 0x9ff 0x0 0x0 0x0 0x0 0x0 0x270003 0x9ff 0x118 0x2b0005 0x0 0x0 0x24a5d1b6938 0x248 0x24a5d1b6a78 0xf 0x2e0002 0x257 0x320005 0x0 0x0 0x24a5d1b6938 0x248 0x24a5d1b6a78 0xf 0x350005 0x0 0x0 0x24a6380db90 0x257 0x0 0x0 0x3b0005 0x0 0x0 0x24a5d1b6938 0x248 0x24a5d1b6a78 0xf 0x3e0002 0x257 0x490003 0xc56 0x18 0x0 0x0 0x0 0x0 0x0 0x0 0x9 0x1 0x8 oops 11 11 java/lang/reflect/Method 13 java/lang/reflect/Constructor 18 java/lang/reflect/Method 20 java/lang/reflect/Constructor 39 java/lang/reflect/Method 41 java/lang/reflect/Constructor 48 java/lang/reflect/Method 50 java/lang/reflect/Constructor 55 java/lang/System$2 62 java/lang/reflect/Method 64 java/lang/reflect/Constructor methods 0
ciMethodData java/util/Spliterators$ArraySpliterator estimateSize ()J 2 5127 orig 80 0 0 0 0 0 0 0 0 0 0 0 0 74 2 0 0 0 0 0 0 0 0 0 0 0 0 0 0 0 0 0 0 0 0 0 0 0 0 0 0 0 0 0 0 0 0 0 0 0 0 0 0 0 0 0 0 0 0 0 0 0 0 0 0 0 0 0 0 0 0 0 0 0 0 0 0 0 0 0 0 data 14 0x60007 0x1407 0x38 0x0 0xd0003 0x0 0x18 0x0 0x0 0x0 0x0 0x9 0x1 0x0 oops 0 methods 0
ciMethodData java/util/Spliterators$ArraySpliterator <init> ([Ljava/lang/Object;III)V 2 4942 orig 80 0 0 0 0 0 0 0 0 0 0 0 0 74 2 0 0 0 0 0 0 0 0 0 0 0 0 0 0 0 0 0 0 0 0 0 0 0 0 0 0 0 0 0 0 0 0 0 0 0 0 0 0 0 0 0 0 0 0 0 0 0 0 0 0 0 0 0 0 0 0 0 0 0 0 0 0 0 0 0 0 data 13 0x10002 0x134e 0x0 0x0 0x0 0x0 0x9 0x5 0x1e 0x0 0x0 0x0 0x0 oops 0 methods 0
ciMethodData sun/reflect/generics/parser/SignatureParser init (Ljava/lang/String;)V 2 1449 orig 80 0 0 0 0 0 0 0 0 0 0 0 0 74 2 0 0 0 0 0 0 0 0 0 0 0 0 0 0 0 0 0 0 0 0 0 0 0 0 0 0 0 0 0 0 0 0 0 0 0 0 0 0 0 0 0 0 0 0 0 0 0 0 0 0 0 0 0 0 0 0 0 0 0 0 0 0 0 0 0 0 data 8 0x0 0x0 0x0 0x0 0x9 0x2 0xe 0x0 oops 0 methods 0
ciMethodData sun/reflect/generics/scope/AbstractScope <init> (Ljava/lang/reflect/GenericDeclaration;)V 2 1449 orig 80 0 0 0 0 0 0 0 0 0 0 0 0 74 2 0 0 0 0 0 0 0 0 0 0 0 0 0 0 0 0 0 0 0 0 0 0 0 0 0 0 0 0 0 0 0 0 0 0 0 0 0 0 0 0 0 0 0 0 0 0 0 0 0 0 0 0 0 0 0 0 0 0 0 0 0 0 0 0 0 0 data 10 0x10002 0x5a9 0x0 0x0 0x0 0x0 0x9 0x2 0x6 0x0 oops 0 methods 0
ciMethodData sun/reflect/generics/factory/CoreReflectionFactory make (Ljava/lang/reflect/GenericDeclaration;Lsun/reflect/generics/scope/Scope;)Lsun/reflect/generics/factory/CoreReflectionFactory; 2 1448 orig 80 0 0 0 0 0 0 0 0 0 0 0 0 74 2 0 0 0 0 0 0 0 0 0 0 0 0 0 0 0 0 0 0 0 0 0 0 0 0 0 0 0 0 0 0 0 0 0 0 0 0 0 0 0 0 0 0 0 0 0 0 0 0 0 0 0 0 0 0 0 0 0 0 0 0 0 0 0 0 0 0 data 9 0x60002 0x5a8 0x0 0x0 0x0 0x9 0x2 0x0 0x0 oops 0 methods 0
ciMethodData sun/reflect/generics/factory/CoreReflectionFactory <init> (Ljava/lang/reflect/GenericDeclaration;Lsun/reflect/generics/scope/Scope;)V 2 1448 orig 80 0 0 0 0 0 0 0 0 0 0 0 0 74 2 0 0 0 0 0 0 0 0 0 0 0 0 0 0 0 0 0 0 0 0 0 0 0 0 0 0 0 0 0 0 0 0 0 0 0 0 0 0 0 0 0 0 0 0 0 0 0 0 0 0 0 0 0 0 0 0 0 0 0 0 0 0 0 0 0 0 data 11 0x10002 0x5a8 0x0 0x0 0x0 0x0 0x9 0x3 0x6 0x0 0x0 oops 0 methods 0
ciMethodData java/lang/Class getInterfaces (Z)[Ljava/lang/Class; 2 1086 orig 80 0 0 0 0 0 0 0 0 0 0 0 0 74 2 0 0 0 0 0 0 0 0 0 0 0 0 0 0 0 0 0 0 0 0 0 0 0 0 0 0 0 0 0 0 0 0 0 0 0 0 0 0 0 0 0 0 0 0 0 0 0 0 0 0 0 0 0 0 0 0 0 0 0 0 0 0 0 0 0 0 data 60 0x10005 0x43e 0x0 0x0 0x0 0x0 0x0 0x60007 0x43e 0x58 0x0 0xa0005 0x0 0x0 0x0 0x0 0x0 0x0 0x140007 0x413 0x58 0x2b 0x180005 0x2b 0x0 0x0 0x0 0x0 0x0 0x220007 0x69 0xa8 0x3d5 0x260005 0x0 0x0 0x24a64fba830 0x3d5 0x0 0x0 0x290004 0x0 0x0 0x24a64fba830 0x3d5 0x0 0x0 0x2c0003 0x3d5 0x18 0x0 0x0 0x0 0x0 0x0 0x0 0x9 0x2 0xffffffffffffffff 0x0 oops 2 36 [Ljava/lang/Class; 43 [Ljava/lang/Class; methods 0
ciMethodData java/nio/ByteBuffer wrap ([B)Ljava/nio/ByteBuffer; 1 731 orig 80 0 0 0 0 0 0 0 0 0 0 0 0 74 2 0 0 0 0 0 0 0 0 0 0 0 0 0 0 0 0 0 0 0 0 0 0 0 0 0 0 0 0 0 0 0 0 0 0 0 0 0 0 0 0 0 0 0 0 0 0 0 0 0 0 0 0 0 0 0 0 0 0 0 0 0 0 0 0 0 0 data 11 0x40002 0x2db 0x0 0x0 0x0 0x0 0x0 0x0 0x9 0x1 0x0 oops 0 methods 0
ciMethodData java/util/stream/AbstractPipeline exactOutputSizeIfKnown (Ljava/util/Spliterator;)J 2 4233 orig 80 0 0 0 0 0 0 0 0 0 0 0 0 74 2 0 0 0 0 0 0 0 0 0 0 0 0 0 0 0 0 0 0 0 0 0 0 0 0 0 0 0 0 0 0 0 0 0 0 0 0 0 0 0 0 0 0 0 0 0 0 0 0 0 0 0 0 0 0 0 0 0 0 0 0 0 0 0 0 0 0 data 78 0x10005 0x1089 0x0 0x0 0x0 0x0 0x0 0x90005 0x1089 0x0 0x0 0x0 0x0 0x0 0xc0007 0x25 0x70 0x1064 0x100005 0x0 0x0 0x24a64918b88 0x1064 0x0 0x0 0x150003 0x1064 0x18 0x210007 0x25 0x140 0x1064 0x280005 0x1064 0x0 0x0 0x0 0x0 0x0 0x2b0007 0x1064 0xe8 0x0 0x2f0005 0x0 0x0 0x0 0x0 0x0 0x0 0x320007 0x0 0x90 0x0 0x400007 0x0 0x70 0x0 0x460005 0x0 0x0 0x0 0x0 0x0 0x0 0x510003 0x0 0xffffffffffffffa8 0x0 0x0 0x0 0x0 0x0 0x0 0x9 0x2 0x0 0x0 oops 1 21 java/util/Spliterators$ArraySpliterator methods 0
ciMethodData sun/reflect/generics/repository/GenericDeclRepository <init> (Ljava/lang/String;Lsun/reflect/generics/factory/GenericsFactory;)V 1 85 orig 80 0 0 0 0 0 0 0 0 0 0 0 0 74 2 0 0 0 0 0 0 0 0 0 0 0 0 0 0 0 0 0 0 0 0 0 0 0 0 0 0 0 0 0 0 0 0 0 0 0 0 0 0 0 0 0 0 0 0 0 0 0 0 0 0 0 0 0 0 0 0 0 0 0 0 0 0 0 0 0 0 data 9 0x30002 0x55 0x0 0x0 0x9 0x3 0x0 0x0 0x0 oops 0 methods 0
ciMethodData sun/reflect/generics/repository/AbstractRepository <init> (Ljava/lang/String;Lsun/reflect/generics/factory/GenericsFactory;)V 1 190 orig 80 0 0 0 0 0 0 0 0 0 0 0 0 74 2 0 0 0 0 0 0 0 0 0 0 0 0 0 0 0 0 0 0 0 0 0 0 0 0 0 0 0 0 0 0 0 0 0 0 0 0 0 0 0 0 0 0 0 0 0 0 0 0 0 0 0 0 0 0 0 0 0 0 0 0 0 0 0 0 0 0 data 20 0x10002 0xbe 0x70005 0x2f 0x0 0x24a65c4bd20 0x26 0x24a64bd2248 0x69 0x0 0x0 0x0 0x0 0x0 0x0 0x9 0x3 0xffffffffffffffff 0xffffffffffffffff 0x0 oops 2 5 sun/reflect/generics/repository/ClassRepository 7 sun/reflect/generics/repository/FieldRepository methods 0
ciMethodData java/lang/Class privateGetDeclaredFields (Z)[Ljava/lang/reflect/Field; 2 2362 orig 80 0 0 0 0 0 0 0 0 0 0 0 0 74 2 0 0 0 0 0 0 0 0 0 0 0 0 0 0 0 0 0 0 0 0 0 0 0 0 0 0 0 0 0 0 0 0 0 0 0 0 0 0 0 0 0 0 0 0 0 0 0 0 0 0 0 0 0 0 0 0 0 0 0 0 0 0 0 0 0 0 data 52 0x10005 0x93a 0x0 0x0 0x0 0x0 0x0 0x60007 0x0 0x78 0x93a 0xa0007 0x879 0x38 0xc1 0x110003 0xc1 0x18 0x1a0007 0x29b 0x20 0x69f 0x220005 0x29b 0x0 0x0 0x0 0x0 0x0 0x250002 0x29c 0x2a0007 0x0 0x58 0x29c 0x2e0007 0x1db 0x38 0xc1 0x360003 0xc1 0x18 0x0 0x0 0x0 0x0 0x0 0x0 0x9 0x2 0x0 0x0 oops 0 methods 0
ciMethodData jdk/internal/reflect/Reflection filterFields (Ljava/lang/Class;[Ljava/lang/reflect/Field;)[Ljava/lang/reflect/Field; 1 668 orig 80 0 0 0 0 0 0 0 0 0 0 0 0 74 2 0 0 0 0 0 0 0 0 0 0 0 0 0 0 0 0 0 0 0 0 0 0 0 0 0 0 0 0 0 0 0 0 0 0 0 0 0 0 0 0 0 0 0 0 0 0 0 0 0 0 0 0 0 0 0 0 0 0 0 0 0 0 0 0 0 0 data 37 0x30007 0x29c 0x20 0x0 0xd0005 0x0 0x0 0x24a67dd2c78 0x29c 0x0 0x0 0x120104 0x0 0x0 0x24a67dd2d28 0x1 0x0 0x0 0x150002 0x29c 0x180004 0x0 0x0 0x24a687cd658 0x29c 0x0 0x0 0x0 0x0 0x0 0x0 0x0 0x0 0x9 0x2 0x0 0x0 oops 3 7 java/util/HashMap 14 java/util/ImmutableCollections$Set12 23 [Ljava/lang/reflect/Field; methods 0
ciMethodData java/lang/Class getGenericInfo ()Lsun/reflect/generics/repository/ClassRepository; 2 2823 orig 80 0 0 0 0 0 0 0 0 0 0 0 0 74 2 0 0 0 0 0 0 0 0 0 0 0 0 0 0 0 0 0 0 0 0 0 0 0 0 0 0 0 0 0 0 0 0 0 0 0 0 0 0 0 0 0 0 0 0 0 0 0 0 0 0 0 0 0 0 0 0 0 0 0 0 0 0 0 0 0 0 data 43 0x60007 0x92e 0xd8 0x1d9 0xa0005 0x1d9 0x0 0x0 0x0 0x0 0x0 0xf0007 0x24 0x38 0x1b5 0x160003 0x1b5 0x60 0x1b0005 0x24 0x0 0x0 0x0 0x0 0x0 0x1e0002 0x24 0x2b0007 0x458 0x38 0x6af 0x2f0003 0x6af 0x18 0x0 0x0 0x0 0x0 0x0 0x0 0x9 0x1 0xffffffffffffffff oops 0 methods 0
ciMethodData java/lang/Class getFactory ()Lsun/reflect/generics/factory/GenericsFactory; 1 36 orig 80 0 0 0 0 0 0 0 0 0 0 0 0 74 2 0 0 0 0 0 0 0 0 0 0 0 0 0 0 0 0 0 0 0 0 0 0 0 0 0 0 0 0 0 0 0 0 0 0 0 0 0 0 0 0 0 0 0 0 0 0 0 0 0 0 0 0 0 0 0 0 0 0 0 0 0 0 0 0 0 0 data 13 0x20002 0x24 0x50002 0x24 0x0 0x0 0x0 0x0 0x0 0x0 0x9 0x1 0x0 oops 0 methods 0
ciMethodData sun/reflect/generics/scope/ClassScope make (Ljava/lang/Class;)Lsun/reflect/generics/scope/ClassScope; 2 1202 orig 80 0 0 0 0 0 0 0 0 0 0 0 0 74 2 0 0 0 0 0 0 0 0 0 0 0 0 0 0 0 0 0 0 0 0 0 0 0 0 0 0 0 0 0 0 0 0 0 0 0 0 0 0 0 0 0 0 0 0 0 0 0 0 0 0 0 0 0 0 0 0 0 0 0 0 0 0 0 0 0 0 data 8 0x50002 0x4b2 0x0 0x0 0x0 0x9 0x1 0x0 oops 0 methods 0
ciMethodData sun/reflect/generics/scope/ClassScope <init> (Ljava/lang/Class;)V 2 1202 orig 80 0 0 0 0 0 0 0 0 0 0 0 0 74 2 0 0 0 0 0 0 0 0 0 0 0 0 0 0 0 0 0 0 0 0 0 0 0 0 0 0 0 0 0 0 0 0 0 0 0 0 0 0 0 0 0 0 0 0 0 0 0 0 0 0 0 0 0 0 0 0 0 0 0 0 0 0 0 0 0 0 data 8 0x20002 0x4b2 0x0 0x0 0x9 0x2 0x6 0x0 oops 0 methods 0
ciMethodData sun/reflect/generics/repository/ClassRepository make (Ljava/lang/String;Lsun/reflect/generics/factory/GenericsFactory;)Lsun/reflect/generics/repository/ClassRepository; 1 36 orig 80 0 0 0 0 0 0 0 0 0 0 0 0 74 2 0 0 0 0 0 0 0 0 0 0 0 0 0 0 0 0 0 0 0 0 0 0 0 0 0 0 0 0 0 0 0 0 0 0 0 0 0 0 0 0 0 0 0 0 0 0 0 0 0 0 0 0 0 0 0 0 0 0 0 0 0 0 0 0 0 0 data 9 0x60002 0x24 0x0 0x0 0x0 0x9 0x2 0x0 0x0 oops 0 methods 0
ciMethodData sun/reflect/generics/repository/ClassRepository <init> (Ljava/lang/String;Lsun/reflect/generics/factory/GenericsFactory;)V 1 36 orig 80 0 0 0 0 0 0 0 0 0 0 0 0 74 2 0 0 0 0 0 0 0 0 0 0 0 0 0 0 0 0 0 0 0 0 0 0 0 0 0 0 0 0 0 0 0 0 0 0 0 0 0 0 0 0 0 0 0 0 0 0 0 0 0 0 0 0 0 0 0 0 0 0 0 0 0 0 0 0 0 0 data 9 0x30002 0x24 0x0 0x0 0x9 0x3 0x0 0x0 0x0 oops 0 methods 0
ciMethodData sun/reflect/generics/repository/ClassRepository parse (Ljava/lang/String;)Lsun/reflect/generics/tree/Tree; 1 36 orig 80 0 0 0 0 0 0 0 0 0 0 0 0 74 2 0 0 0 0 0 0 0 0 0 0 0 0 0 0 0 0 0 0 0 0 0 0 0 0 0 0 0 0 0 0 0 0 0 0 0 0 0 0 0 0 0 0 0 0 0 0 0 0 0 0 0 0 0 0 0 0 0 0 0 0 0 0 0 0 0 0 data 17 0x20005 0x0 0x0 0x24a65c4bd20 0x24 0x0 0x0 0x0 0x0 0x0 0x0 0x0 0x0 0x9 0x2 0x0 0x0 oops 1 3 sun/reflect/generics/repository/ClassRepository methods 0
ciMethodData sun/reflect/generics/repository/ClassRepository parse (Ljava/lang/String;)Lsun/reflect/generics/tree/ClassSignature; 1 36 orig 80 0 0 0 0 0 0 0 0 0 0 0 0 74 2 0 0 0 0 0 0 0 0 0 0 0 0 0 0 0 0 0 0 0 0 0 0 0 0 0 0 0 0 0 0 0 0 0 0 0 0 0 0 0 0 0 0 0 0 0 0 0 0 0 0 0 0 0 0 0 0 0 0 0 0 0 0 0 0 0 0 data 19 0x2 0x24 0x40005 0x0 0x0 0x24a64c5f8c8 0x24 0x0 0x0 0x0 0x0 0x0 0x0 0x0 0x0 0x9 0x2 0x0 0x0 oops 1 5 sun/reflect/generics/parser/SignatureParser methods 0
ciMethodData sun/reflect/generics/parser/SignatureParser parseClassSig (Ljava/lang/String;)Lsun/reflect/generics/tree/ClassSignature; 1 36 orig 80 0 0 0 0 0 0 0 0 0 0 0 0 74 2 0 0 0 0 0 0 0 0 0 0 0 0 0 0 0 0 0 0 0 0 0 0 0 0 0 0 0 0 0 0 0 0 0 0 0 0 0 0 0 0 0 0 0 0 0 0 0 0 0 0 0 0 0 0 0 0 0 0 0 0 0 0 0 0 0 0 data 24 0x20005 0x24 0x0 0x0 0x0 0x0 0x0 0x60005 0x24 0x0 0x0 0x0 0x0 0x0 0x0 0x0 0x0 0x0 0x0 0x0 0x9 0x2 0xffffffffffffffff 0x0 oops 0 methods 0
ciMethodData sun/reflect/generics/parser/SignatureParser parseClassSignature ()Lsun/reflect/generics/tree/ClassSignature; 1 36 orig 80 0 0 0 0 0 0 0 0 0 0 0 0 74 2 0 0 0 0 0 0 0 0 0 0 0 0 0 0 0 0 0 0 0 0 0 0 0 0 0 0 0 0 0 0 0 0 0 0 0 0 0 0 0 0 0 0 0 0 0 0 0 0 0 0 0 0 0 0 0 0 0 0 0 0 0 0 0 0 0 0 data 42 0x30007 0x24 0x50 0x0 0xa0007 0x0 0x30 0x0 0x110002 0x0 0x160005 0x24 0x0 0x0 0x0 0x0 0x0 0x1a0005 0x24 0x0 0x0 0x0 0x0 0x0 0x1e0005 0x24 0x0 0x0 0x0 0x0 0x0 0x210002 0x24 0x0 0x0 0x0 0x0 0x0 0x0 0x9 0x1 0xffffffffffffffff oops 0 methods 0
ciMethodData java/lang/reflect/Field declaredAnnotations ()Ljava/util/Map; 2 5583 orig 80 0 0 0 0 0 0 0 0 0 0 0 0 74 2 0 0 0 0 0 0 0 0 0 0 0 0 0 0 0 0 0 0 0 0 0 0 0 0 0 0 0 0 0 0 0 0 0 0 0 0 0 0 0 0 0 0 0 0 0 0 0 0 0 0 0 0 0 0 0 0 0 0 0 0 0 0 0 0 0 0 data 59 0x60007 0xbc9 0x190 0xa06 0x130007 0x0 0x158 0xa06 0x1c0007 0x2c1 0x70 0x745 0x200005 0x745 0x0 0x0 0x0 0x0 0x0 0x240003 0x745 0xe0 0x2b0002 0x2c1 0x2f0005 0x2c1 0x0 0x0 0x0 0x0 0x0 0x320005 0x0 0x0 0x24a6380db90 0x2c1 0x0 0x0 0x380005 0x2c1 0x0 0x0 0x0 0x0 0x0 0x3b0002 0x2c1 0x460003 0xa06 0x18 0x0 0x0 0x0 0x0 0x0 0x0 0x9 0x1 0x100 oops 1 34 java/lang/System$2 methods 0
ciMethodData java/lang/reflect/Field getAnnotation (Ljava/lang/Class;)Ljava/lang/annotation/Annotation; 2 7948 orig 80 0 0 0 0 0 0 0 0 0 0 0 0 74 2 0 0 0 0 0 0 0 0 0 0 0 0 0 0 0 0 0 0 0 0 0 0 0 0 0 0 0 0 0 0 0 0 0 0 0 0 0 0 0 0 0 0 0 0 0 0 0 0 0 0 0 0 0 0 0 0 0 0 0 0 0 0 0 0 0 0 data 40 0x10002 0x1f0c 0x70005 0x1f0c 0x0 0x0 0x0 0x0 0x0 0xb0005 0x0 0x0 0x24a6380d600 0x168d 0x24a6380d6b0 0x87f 0x100005 0x1f0c 0x0 0x0 0x0 0x0 0x0 0x130104 0x0 0x0 0x24a6380d760 0x4 0x24a689dde90 0x233 0x0 0x0 0x0 0x0 0x0 0x0 0x9 0x2 0x100 0x0 oops 4 12 java/util/Collections$EmptyMap 14 java/util/LinkedHashMap 26 jdk/proxy5/$Proxy13 28 jdk/proxy6/$Proxy19 methods 0
ciMethodData java/lang/Class getInterfaces ()[Ljava/lang/Class; 1 879 orig 80 0 0 0 0 0 0 0 0 0 0 0 0 74 2 0 0 0 0 0 0 0 0 0 0 0 0 0 0 0 0 0 0 0 0 0 0 0 0 0 0 0 0 0 0 0 0 0 0 0 0 0 0 0 0 0 0 0 0 0 0 0 0 0 0 0 0 0 0 0 0 0 0 0 0 0 0 0 0 0 0 data 16 0x20005 0x36f 0x0 0x0 0x0 0x0 0x0 0x0 0x0 0x0 0x0 0x0 0x0 0x9 0x1 0x0 oops 0 methods 0
ciMethod com/google/inject/TypeLiteral <init> (Ljava/lang/reflect/Type;)V 520 0 13305 0 3368
ciMethod com/google/inject/TypeLiteral getRawType ()Ljava/lang/Class; 276 0 138 0 0
ciMethod com/google/inject/TypeLiteral getType ()Ljava/lang/reflect/Type; 330 0 165 0 -1
ciMethod com/google/inject/TypeLiteral hashCode ()I 276 0 138 0 -1
ciMethod com/google/inject/TypeLiteral get (Ljava/lang/reflect/Type;)Lcom/google/inject/TypeLiteral; 776 0 4244 0 0
ciMethod com/google/inject/TypeLiteral resolveAll ([Ljava/lang/reflect/Type;)Ljava/util/List; 512 282 873 0 -1
ciMethod com/google/inject/TypeLiteral resolve (Ljava/lang/reflect/Type;)Lcom/google/inject/TypeLiteral; 516 0 2664 0 0
ciMethod com/google/inject/TypeLiteral resolveType (Ljava/lang/reflect/Type;)Ljava/lang/reflect/Type; 774 150 3761 0 0
ciMethod com/google/inject/TypeLiteral getSupertype (Ljava/lang/Class;)Lcom/google/inject/TypeLiteral; 512 0 1826 0 0
ciMethod com/google/inject/TypeLiteral getFieldType (Ljava/lang/reflect/Field;)Lcom/google/inject/TypeLiteral; 518 0 617 0 0
ciMethod com/google/inject/TypeLiteral getParameterTypes (Ljava/lang/reflect/Member;)Ljava/util/List; 512 0 873 0 0
ciMethod com/google/inject/Key <init> (Lcom/google/inject/TypeLiteral;Lcom/google/inject/Key$AnnotationStrategy;)V 328 0 1699 0 -1
ciMethod com/google/inject/Key computeHashCode ()I 768 0 2776 0 -1
ciMethod com/google/inject/Key get (Lcom/google/inject/TypeLiteral;)Lcom/google/inject/Key; 510 0 1180 0 -1
ciMethod com/google/inject/Key get (Lcom/google/inject/TypeLiteral;Ljava/lang/annotation/Annotation;)Lcom/google/inject/Key; 278 0 301 0 -1
ciMethod com/google/inject/Key strategyFor (Ljava/lang/annotation/Annotation;)Lcom/google/inject/Key$AnnotationStrategy; 358 0 382 0 -1
ciMethod com/google/inject/Key ensureRetainedAtRuntime (Ljava/lang/Class;)V 514 0 532 0 -1
ciMethod com/google/inject/Key ensureIsBindingAnnotation (Ljava/lang/Class;)V 512 0 532 0 -1
ciMethod com/google/inject/spi/Dependency <init> (Lcom/google/inject/spi/InjectionPoint;Lcom/google/inject/Key;ZI)V 512 0 1485 0 -1
ciMethod com/google/inject/internal/Errors <init> ()V 232 0 2343 0 -1
ciMethod com/google/inject/internal/Errors <init> (Ljava/lang/Object;)V 512 0 2786 0 0
ciMethod com/google/inject/internal/Errors misplacedBindingAnnotation (Ljava/lang/reflect/Member;Ljava/lang/annotation/Annotation;)Lcom/google/inject/internal/Errors; 0 0 1 0 -1
ciMethod com/google/inject/internal/Errors duplicateBindingAnnotations (Ljava/lang/reflect/Member;Ljava/lang/Class;Ljava/lang/Class;)Lcom/google/inject/internal/Errors; 0 0 1 0 -1
ciMethod com/google/inject/internal/Errors cannotInjectFinalField (Ljava/lang/reflect/Field;)Lcom/google/inject/internal/Errors; 0 0 1 0 -1
ciMethod com/google/inject/internal/Errors cannotInjectAbstractMethod (Ljava/lang/reflect/Method;)Lcom/google/inject/internal/Errors; 0 0 1 0 -1
ciMethod com/google/inject/internal/Errors cannotInjectMethodWithTypeParameters (Ljava/lang/reflect/Method;)Lcom/google/inject/internal/Errors; 0 0 1 0 -1
ciMethod com/google/inject/internal/Errors keyNotFullySpecified (Lcom/google/inject/TypeLiteral;)Lcom/google/inject/internal/Errors; 0 0 1 0 -1
ciMethod com/google/inject/internal/Errors throwConfigurationExceptionIfErrorsExist ()V 514 0 2577 0 0
ciMethod com/google/inject/internal/Errors merge (Ljava/util/Collection;)Lcom/google/inject/internal/Errors; 0 0 1 0 -1
ciMethod com/google/inject/internal/Errors merge (Lcom/google/inject/internal/Errors;)Lcom/google/inject/internal/Errors; 0 0 1 0 -1
ciMethod com/google/inject/internal/Errors getSources ()Ljava/util/List; 0 0 1 0 -1
ciMethod com/google/inject/internal/Errors throwIfNewErrors (I)V 512 0 3309 0 -1
ciMethod com/google/inject/internal/Errors hasErrors ()Z 514 0 4857 0 -1
ciMethod com/google/inject/internal/Errors addMessage (Lcom/google/inject/internal/ErrorId;Ljava/lang/String;[Ljava/lang/Object;)Lcom/google/inject/internal/Errors; 0 0 1 0 -1
ciMethod com/google/inject/internal/Errors addMessage (Lcom/google/inject/internal/ErrorId;Ljava/lang/Throwable;Ljava/lang/String;[Ljava/lang/Object;)Lcom/google/inject/internal/Errors; 0 0 1 0 -1
ciMethod com/google/inject/internal/Errors addMessage (Lcom/google/inject/spi/Message;)Lcom/google/inject/internal/Errors; 0 0 1 0 -1
ciMethod com/google/inject/internal/Errors getMessages ()Ljava/util/List; 0 0 1 0 -1
ciMethod com/google/inject/internal/Errors size ()I 512 0 5709 0 -1
ciMethod com/google/inject/ConfigurationException <init> (Ljava/lang/Iterable;)V 0 0 1 0 -1
ciMethod com/google/inject/ConfigurationException getErrorMessages ()Ljava/util/Collection; 0 0 1 0 -1
ciMethod com/google/common/collect/ImmutableSet builder ()Lcom/google/common/collect/ImmutableSet$Builder; 222 0 469 0 0
ciMethod com/google/inject/internal/ErrorsException getErrors ()Lcom/google/inject/internal/Errors; 0 0 1 0 -1
ciMethod com/google/common/collect/ImmutableSet$SetBuilderImpl add (Ljava/lang/Object;)Lcom/google/common/collect/ImmutableSet$SetBuilderImpl; 0 0 1 0 -1
ciMethod com/google/common/collect/ImmutableSet$SetBuilderImpl copy ()Lcom/google/common/collect/ImmutableSet$SetBuilderImpl; 0 0 1 0 -1
ciMethod com/google/common/collect/ImmutableSet$SetBuilderImpl review ()Lcom/google/common/collect/ImmutableSet$SetBuilderImpl; 0 0 1 0 -1
ciMethod com/google/common/collect/ImmutableSet$SetBuilderImpl build ()Lcom/google/common/collect/ImmutableSet; 0 0 1 0 -1
ciMethod com/google/common/collect/ImmutableSet$Builder <init> ()V 222 0 519 0 0
ciMethod com/google/common/collect/ImmutableSet$Builder <init> (I)V 222 0 519 0 0
ciMethod com/google/common/collect/ImmutableSet$Builder copyIfNecessary ()V 252 0 760 0 -1
ciMethod com/google/common/collect/ImmutableSet$Builder copy ()V 0 0 1 0 -1
ciMethod com/google/common/collect/ImmutableSet$Builder add (Ljava/lang/Object;)Lcom/google/common/collect/ImmutableSet$Builder; 252 0 600 0 0
ciMethod com/google/common/collect/ImmutableSet$Builder build ()Lcom/google/common/collect/ImmutableSet; 222 0 469 0 0
ciMethod com/google/common/collect/ImmutableCollection$Builder <init> ()V 512 0 818 0 0
ciMethod com/google/common/collect/ImmutableSet$EmptySetBuilderImpl instance ()Lcom/google/common/collect/ImmutableSet$SetBuilderImpl; 478 0 519 0 0
ciMethod sun/reflect/annotation/TypeAnnotationParser buildAnnotatedType ([BLjdk/internal/reflect/ConstantPool;Ljava/lang/reflect/AnnotatedElement;Ljava/lang/Class;Ljava/lang/reflect/Type;Lsun/reflect/annotation/TypeAnnotation$TypeAnnotationTarget;)Ljava/lang/reflect/AnnotatedType; 528 0 673 0 -1
ciMethod sun/reflect/annotation/TypeAnnotationParser buildAnnotatedTypes ([BLjdk/internal/reflect/ConstantPool;Ljava/lang/reflect/AnnotatedElement;Ljava/lang/Class;[Ljava/lang/reflect/Type;Lsun/reflect/annotation/TypeAnnotation$TypeAnnotationTarget;)[Ljava/lang/reflect/AnnotatedType; 512 282 873 0 -1
ciMethod sun/reflect/annotation/AnnotatedTypeFactory$AnnotatedTypeBaseImpl getAnnotations ()[Ljava/lang/annotation/Annotation; 512 0 1211 0 0
ciMethod sun/reflect/annotation/AnnotatedTypeFactory$AnnotatedTypeBaseImpl getDeclaredAnnotations ()[Ljava/lang/annotation/Annotation; 512 0 1211 0 0
ciMethodData java/util/stream/ReferencePipeline toArray (Ljava/util/function/IntFunction;)[Ljava/lang/Object; 2 4231 orig 80 0 0 0 0 0 0 0 0 0 0 0 0 74 2 0 0 0 0 0 0 0 0 0 0 0 0 0 0 0 0 0 0 0 0 0 0 0 0 0 0 0 0 0 0 0 0 0 0 0 0 0 0 0 0 0 0 0 0 0 0 0 0 0 0 0 0 0 0 0 0 0 0 0 0 0 0 0 0 0 0 data 26 0x40005 0x1087 0x0 0x0 0x0 0x0 0x0 0x80002 0x1087 0xc0005 0x0 0x0 0x24a68875a50 0x1062 0x24a68875b00 0x25 0x0 0x0 0x0 0x0 0x0 0x0 0x9 0x2 0x0 0x0 oops 2 12 java/util/stream/Nodes$FixedNodeBuilder 14 java/util/stream/Nodes$SpinedNodeBuilder methods 0
ciMethodData java/util/stream/AbstractPipeline evaluateToArrayNode (Ljava/util/function/IntFunction;)Ljava/util/stream/Node; 2 4232 orig 80 0 0 0 0 0 0 0 0 0 0 0 0 74 2 0 0 0 0 0 0 0 0 0 0 0 0 0 0 0 0 0 0 0 0 0 0 0 0 0 0 0 0 0 0 0 0 0 0 0 0 0 0 0 0 0 0 0 0 0 0 0 0 0 0 0 0 0 0 0 0 0 0 0 0 0 0 0 0 0 0 data 70 0x40007 0x1088 0x30 0x0 0xd0002 0x0 0x170005 0x1088 0x0 0x0 0x0 0x0 0x0 0x1a0007 0x1088 0x108 0x0 0x210007 0x0 0xe8 0x0 0x250005 0x0 0x0 0x0 0x0 0x0 0x0 0x280007 0x0 0x90 0x0 0x3a0005 0x0 0x0 0x0 0x0 0x0 0x0 0x3e0005 0x0 0x0 0x0 0x0 0x0 0x0 0x450005 0x1088 0x0 0x0 0x0 0x0 0x0 0x4a0005 0x1088 0x0 0x0 0x0 0x0 0x0 0x0 0x0 0x0 0x0 0x0 0x0 0x9 0x2 0x0 0x0 oops 0 methods 0
ciMethodData java/util/stream/AbstractPipeline evaluate (Ljava/util/Spliterator;ZLjava/util/function/IntFunction;)Ljava/util/stream/Node; 2 4232 orig 80 0 0 0 0 0 0 0 0 0 0 0 0 74 2 0 0 0 0 0 0 0 0 0 0 0 0 0 0 0 0 0 0 0 0 0 0 0 0 0 0 0 0 0 0 0 0 0 0 0 0 0 0 0 0 0 0 0 0 0 0 0 0 0 0 0 0 0 0 0 0 0 0 0 0 0 0 0 0 0 0 data 65 0x10005 0x1088 0x0 0x0 0x0 0x0 0x0 0x40007 0x1088 0x58 0x0 0xc0005 0x0 0x0 0x0 0x0 0x0 0x0 0x130005 0x1088 0x0 0x0 0x0 0x0 0x0 0x170005 0x0 0x0 0x24a661ad3e8 0x1088 0x0 0x0 0x200005 0x1088 0x0 0x0 0x0 0x0 0x0 0x230004 0x0 0x0 0x24a68875a50 0x1063 0x24a68875b00 0x25 0x260005 0x0 0x0 0x24a68875a50 0x1063 0x24a68875b00 0x25 0x0 0x0 0x0 0x0 0x0 0x0 0x9 0x4 0x0 0x0 0x0 0x0 oops 5 28 java/util/stream/SortedOps$OfRef 42 java/util/stream/Nodes$FixedNodeBuilder 44 java/util/stream/Nodes$SpinedNodeBuilder 49 java/util/stream/Nodes$FixedNodeBuilder 51 java/util/stream/Nodes$SpinedNodeBuilder methods 0
ciMethodData java/util/stream/ReferencePipeline makeNodeBuilder (JLjava/util/function/IntFunction;)Ljava/util/stream/Node$Builder; 2 4232 orig 80 0 0 0 0 0 0 0 0 0 0 0 0 74 2 0 0 0 0 0 0 0 0 0 0 0 0 0 0 0 0 0 0 0 0 0 0 0 0 0 0 0 0 0 0 0 0 0 0 0 0 0 0 0 0 0 0 0 0 0 0 0 0 0 0 0 0 0 0 0 0 0 0 0 0 0 0 0 0 0 0 data 14 0x20002 0x1088 0x0 0x0 0x0 0x0 0x0 0x0 0x9 0x4 0x0 0x0 0x0 0x0 oops 0 methods 0
ciMethodData java/util/stream/Nodes flatten (Ljava/util/stream/Node;Ljava/util/function/IntFunction;)Ljava/util/stream/Node; 2 4232 orig 80 0 0 0 0 0 0 0 0 0 0 0 0 74 2 0 0 0 0 0 0 0 0 0 0 0 0 0 0 0 0 0 0 0 0 0 0 0 0 0 0 0 0 0 0 0 0 0 0 0 0 0 0 0 0 0 0 0 0 0 0 0 0 0 0 0 0 0 0 0 0 0 0 0 0 0 0 0 0 0 0 data 59 0x10005 0x0 0x0 0x24a68875a50 0x1063 0x24a68875b00 0x25 0x60007 0x1088 0x150 0x0 0xa0005 0x0 0x0 0x0 0x0 0x0 0x0 0x150007 0x0 0x30 0x0 0x1e0002 0x0 0x250005 0x0 0x0 0x0 0x0 0x0 0x0 0x2a0004 0x0 0x0 0x0 0x0 0x0 0x0 0x370002 0x0 0x3a0005 0x0 0x0 0x0 0x0 0x0 0x0 0x400002 0x0 0x0 0x0 0x0 0x0 0x0 0x0 0x9 0x2 0x0 0x0 oops 2 3 java/util/stream/Nodes$FixedNodeBuilder 5 java/util/stream/Nodes$SpinedNodeBuilder methods 0
ciMethodData java/util/stream/Nodes builder (JLjava/util/function/IntFunction;)Ljava/util/stream/Node$Builder; 2 4232 orig 80 0 0 0 0 0 0 0 0 0 0 0 0 74 2 0 0 0 0 0 0 0 0 0 0 0 0 0 0 0 0 0 0 0 0 0 0 0 0 0 0 0 0 0 0 0 0 0 0 0 0 0 0 0 0 0 0 0 0 0 0 0 0 0 0 0 0 0 0 0 0 0 0 0 0 0 0 0 0 0 0 data 26 0x30007 0x25 0x68 0x1063 0xb0007 0x0 0x48 0x1063 0x140002 0x1063 0x170003 0x1063 0x28 0x1a0002 0x25 0x0 0x0 0x0 0x0 0x0 0x0 0x9 0x3 0x0 0x0 0x0 oops 0 methods 0
ciMethodData java/util/stream/Nodes$FixedNodeBuilder <init> (JLjava/util/function/IntFunction;)V 2 4195 orig 80 0 0 0 0 0 0 0 0 0 0 0 0 74 2 0 0 0 0 0 0 0 0 0 0 0 0 0 0 0 0 0 0 0 0 0 0 0 0 0 0 0 0 0 0 0 0 0 0 0 0 0 0 0 0 0 0 0 0 0 0 0 0 0 0 0 0 0 0 0 0 0 0 0 0 0 0 0 0 0 0 data 22 0x30002 0x1063 0x90007 0x1063 0x50 0x0 0x110007 0x0 0x30 0x0 0x180002 0x0 0x0 0x0 0x0 0x0 0x9 0x4 0x0 0x0 0x0 0x0 oops 0 methods 0
ciMethodData java/util/stream/Nodes$ArrayNode <init> (JLjava/util/function/IntFunction;)V 2 4195 orig 80 0 0 0 0 0 0 0 0 0 0 0 0 74 2 0 0 0 0 0 0 0 0 0 0 0 0 0 0 0 0 0 0 0 0 0 0 0 0 0 0 0 0 0 0 0 0 0 0 0 0 0 0 0 0 0 0 0 0 0 0 0 0 0 0 0 0 0 0 0 0 0 0 0 0 0 0 0 0 0 0 data 34 0x10002 0x1063 0x90007 0x1063 0x30 0x0 0x120002 0x0 0x1a0005 0x0 0x0 0x24a6541da10 0x845 0x24a661ad338 0x81e 0x1f0004 0x0 0x0 0x24a687cde18 0x845 0x24a687cd658 0x81e 0x0 0x0 0x0 0x0 0x0 0x0 0x9 0x4 0x6 0x0 0x0 0xffffffffffffffff oops 4 11  @bci com/google/inject/internal/DeclaredMembers getDeclaredMethods (Ljava/lang/Class;)[Ljava/lang/reflect/Method; 62 <appendix> argL0 ; 13  @bci com/google/inject/internal/DeclaredMembers getDeclaredFields (Ljava/lang/Class;)[Ljava/lang/reflect/Field; 38 <appendix> argL0 ; 18 [Ljava/lang/reflect/Method; 20 [Ljava/lang/reflect/Field; methods 0
ciMethodData java/util/stream/Nodes builder ()Ljava/util/stream/Node$Builder; 1 37 orig 80 0 0 0 0 0 0 0 0 0 0 0 0 74 2 0 0 0 0 0 0 0 0 0 0 0 0 0 0 0 0 0 0 0 0 0 0 0 0 0 0 0 0 0 0 0 0 0 0 0 0 0 0 0 0 0 0 0 0 0 0 0 0 0 0 0 0 0 0 0 0 0 0 0 0 0 0 0 0 0 0 data 6 0x40002 0x25 0x0 0x0 0x9 0x0 oops 0 methods 0
ciMethodData java/util/stream/Nodes$SpinedNodeBuilder <init> ()V 1 37 orig 80 0 0 0 0 0 0 0 0 0 0 0 0 74 2 0 0 0 0 0 0 0 0 0 0 0 0 0 0 0 0 0 0 0 0 0 0 0 0 0 0 0 0 0 0 0 0 0 0 0 0 0 0 0 0 0 0 0 0 0 0 0 0 0 0 0 0 0 0 0 0 0 0 0 0 0 0 0 0 0 0 data 9 0x10002 0x25 0x0 0x0 0x0 0x0 0x9 0x1 0x0 oops 0 methods 0
ciMethodData java/util/stream/SpinedBuffer <init> ()V 1 37 orig 80 0 0 0 0 0 0 0 0 0 0 0 0 74 2 0 0 0 0 0 0 0 0 0 0 0 0 0 0 0 0 0 0 0 0 0 0 0 0 0 0 0 0 0 0 0 0 0 0 0 0 0 0 0 0 0 0 0 0 0 0 0 0 0 0 0 0 0 0 0 0 0 0 0 0 0 0 0 0 0 0 data 9 0x10002 0x25 0x0 0x0 0x0 0x0 0x9 0x1 0x0 oops 0 methods 0
ciMethodData java/util/stream/AbstractSpinedBuffer <init> ()V 1 37 orig 80 0 0 0 0 0 0 0 0 0 0 0 0 74 2 0 0 0 0 0 0 0 0 0 0 0 0 0 0 0 0 0 0 0 0 0 0 0 0 0 0 0 0 0 0 0 0 0 0 0 0 0 0 0 0 0 0 0 0 0 0 0 0 0 0 0 0 0 0 0 0 0 0 0 0 0 0 0 0 0 0 data 9 0x10002 0x25 0x0 0x0 0x0 0x0 0x9 0x1 0x6 oops 0 methods 0
ciMethodData java/util/stream/Nodes$FixedNodeBuilder build ()Ljava/util/stream/Node; 2 4192 orig 80 0 0 0 0 0 0 0 0 0 0 0 0 74 2 0 0 0 0 0 0 0 0 0 0 0 0 0 0 0 0 0 0 0 0 0 0 0 0 0 0 0 0 0 0 0 0 0 0 0 0 0 0 0 0 0 0 0 0 0 0 0 0 0 0 0 0 0 0 0 0 0 0 0 0 0 0 0 0 0 0 data 35 0x90007 0x1060 0xd0 0x0 0x1c0002 0x0 0x1f0004 0x0 0x0 0x0 0x0 0x0 0x0 0x270002 0x0 0x2a0004 0x0 0x0 0x0 0x0 0x0 0x0 0x2b0002 0x0 0x2e0002 0x0 0x0 0x0 0x0 0x0 0x0 0x0 0x9 0x1 0x0 oops 0 methods 0
ciMethodData java/util/stream/Nodes$ArrayNode asArray (Ljava/util/function/IntFunction;)[Ljava/lang/Object; 2 4192 orig 80 0 0 0 0 0 0 0 0 0 0 0 0 74 2 0 0 0 0 0 0 0 0 0 0 0 0 0 0 0 0 0 0 0 0 0 0 0 0 0 0 0 0 0 0 0 0 0 0 0 0 0 0 0 0 0 0 0 0 0 0 0 0 0 0 0 0 0 0 0 0 0 0 0 0 0 0 0 0 0 0 data 14 0x90007 0x0 0x20 0x1060 0x150002 0x0 0x0 0x0 0x0 0x0 0x9 0x2 0x0 0x0 oops 0 methods 0
ciMethodData sun/reflect/annotation/AnnotationParser parseAnnotation2 (Ljava/nio/ByteBuffer;Ljdk/internal/reflect/ConstantPool;Ljava/lang/Class;Z[Ljava/lang/Class;)Ljava/lang/annotation/Annotation; 1 848 orig 80 0 0 0 0 0 0 0 0 0 0 0 0 74 2 0 0 0 0 0 0 0 0 0 0 0 0 0 0 0 0 0 0 0 0 0 0 0 0 0 0 0 0 0 0 0 0 0 0 0 0 0 0 0 0 0 0 0 0 0 0 0 0 0 0 0 0 0 0 0 0 0 0 0 0 0 0 0 0 0 0 data 189 0x10005 0x0 0x0 0x24a63fa8a70 0x350 0x0 0x0 0x130005 0x0 0x0 0x24a5d1b6f88 0x350 0x0 0x0 0x1b0002 0x350 0x200003 0x350 0x88 0x260007 0x0 0x30 0x0 0x310002 0x0 0x370002 0x0 0x3f0007 0x0 0x20 0x0 0x470002 0x0 0x4e0007 0x31a 0x60 0x36 0x550002 0x36 0x580007 0x14 0x30 0x22 0x5d0002 0x22 0x670002 0x32e 0x6c0003 0x32e 0x28 0x730002 0x0 0x7a0005 0x0 0x0 0x24a63fa8b20 0x32e 0x0 0x0 0x850005 0x0 0x0 0x24a63fa8b20 0x32e 0x0 0x0 0x880002 0x32e 0x8e0005 0x0 0x0 0x24a63fa8a70 0x32e 0x0 0x0 0x9d0007 0x32e 0x318 0xbe 0xa10005 0x0 0x0 0x24a63fa8a70 0xbe 0x0 0x0 0xac0005 0x0 0x0 0x24a5d1b6f88 0xbe 0x0 0x0 0xb50005 0x0 0x0 0x24a67dd2c78 0xbe 0x0 0x0 0xba0004 0x0 0x0 0x24a5d1b4f18 0xbe 0x0 0x0 0xc10007 0xbe 0x48 0x0 0xc50002 0x0 0xc80003 0x0 0x1d0 0xd00002 0xbe 0xd70004 0xffffffffffffff42 0x0 0x0 0x0 0x0 0x0 0xda0007 0xbe 0x138 0x0 0xdf0004 0x0 0x0 0x0 0x0 0x0 0x0 0xe80005 0x0 0x0 0x0 0x0 0x0 0x0 0xed0005 0x0 0x0 0x0 0x0 0x0 0x0 0xf20004 0x0 0x0 0x0 0x0 0x0 0x0 0xf50005 0x0 0x0 0x0 0x0 0x0 0x0 0xff0005 0x0 0x0 0x24a6380d6b0 0xbe 0x0 0x0 0x1080003 0xbe 0xfffffffffffffd00 0x10f0002 0x32e 0x0 0x0 0x0 0x0 0x0 0x0 0x9 0x5 0x0 0x0 0x0 0x0 0x0 oops 10 3 java/nio/HeapByteBuffer 10 jdk/internal/reflect/ConstantPool 55 sun/reflect/annotation/AnnotationType 62 sun/reflect/annotation/AnnotationType 71 java/nio/HeapByteBuffer 82 java/nio/HeapByteBuffer 89 jdk/internal/reflect/ConstantPool 96 java/util/HashMap 103 java/lang/Class 167 java/util/LinkedHashMap methods 0
ciMethodData java/lang/reflect/Method isBridge ()Z 2 11181 orig 80 0 0 0 0 0 0 0 0 0 0 0 0 74 2 0 0 0 0 0 0 0 0 0 0 0 0 0 0 0 0 0 0 0 0 0 0 0 0 0 0 0 0 0 0 0 0 0 0 0 0 0 0 0 0 0 0 0 0 0 0 0 0 0 0 0 0 0 0 0 0 0 0 0 0 0 0 0 0 0 0 data 23 0x10005 0x2bad 0x0 0x0 0x0 0x0 0x0 0x70007 0x2b19 0x38 0x94 0xb0003 0x94 0x18 0x0 0x0 0x0 0x0 0x0 0x0 0x9 0x1 0x0 oops 0 methods 0
ciMethodData java/util/Comparator comparing (Ljava/util/function/Function;)Ljava/util/Comparator; 2 9839 orig 80 0 0 0 0 0 0 0 0 0 0 0 0 74 2 0 0 0 0 0 0 0 0 0 0 0 0 0 0 0 0 0 0 0 0 0 0 0 0 0 0 0 0 0 0 0 0 0 0 0 0 0 0 0 0 0 0 0 0 0 0 0 0 0 0 0 0 0 0 0 0 0 0 0 0 0 0 0 0 0 0 data 31 0x10002 0x266f 0x6000a 0x266f 0x3 0x0 0x2 0x24a661ad1d8 0xb0004 0x0 0x0 0x24a661ad1d8 0x266f 0x0 0x0 0xe0004 0x0 0x0 0x24a661ad1d8 0x266f 0x0 0x0 0x0 0x0 0x0 0x0 0x0 0x0 0x9 0x1 0x0 oops 3 7  @bci java/util/Comparator comparing (Ljava/util/function/Function;)Ljava/util/Comparator; 6 <appendix> member <vmtarget> ; 11  @bci java/util/Comparator comparing (Ljava/util/function/Function;)Ljava/util/Comparator; 6 <appendix> member <vmtarget> ; 18  @bci java/util/Comparator comparing (Ljava/util/function/Function;)Ljava/util/Comparator; 6 <appendix> member <vmtarget> ; methods 0
ciMethodData  @bci java/util/Comparator comparing (Ljava/util/function/Function;)Ljava/util/Comparator; 6 <appendix> member <vmtarget> ; <init> (Ljava/util/function/Function;)V 2 9844 orig 80 0 0 0 0 0 0 0 0 0 0 0 0 74 2 0 0 0 0 0 0 0 0 0 0 0 0 0 0 0 0 0 0 0 0 0 0 0 0 0 0 0 0 0 0 0 0 0 0 0 0 0 0 0 0 0 0 0 0 0 0 0 0 0 0 0 0 0 0 0 0 0 0 0 0 0 0 0 0 0 0 data 10 0x10002 0x2674 0x0 0x0 0x0 0x0 0x9 0x2 0x6 0x0 oops 0 methods 0
ciMethodData  @bci java/util/Comparator thenComparing (Ljava/util/Comparator;)Ljava/util/Comparator; 7 <appendix> member <vmtarget> ; <init> (Ljava/util/Comparator;Ljava/util/Comparator;)V 2 5804 orig 80 0 0 0 0 0 0 0 0 0 0 0 0 74 2 0 0 0 0 0 0 0 0 0 0 0 0 0 0 0 0 0 0 0 0 0 0 0 0 0 0 0 0 0 0 0 0 0 0 0 0 0 0 0 0 0 0 0 0 0 0 0 0 0 0 0 0 0 0 0 0 0 0 0 0 0 0 0 0 0 0 data 11 0x10002 0x16ac 0x0 0x0 0x0 0x0 0x9 0x3 0x6 0x0 0x0 oops 0 methods 0
ciMethodData java/util/Comparator thenComparing (Ljava/util/Comparator;)Ljava/util/Comparator; 2 5783 orig 80 0 0 0 0 0 0 0 0 0 0 0 0 74 2 0 0 0 0 0 0 0 0 0 0 0 0 0 0 0 0 0 0 0 0 0 0 0 0 0 0 0 0 0 0 0 0 0 0 0 0 0 0 0 0 0 0 0 0 0 0 0 0 0 0 0 0 0 0 0 0 0 0 0 0 0 0 0 0 0 0 data 34 0x10002 0x1695 0x7000a 0x1695 0x5 0x0 0x2 0x1 0x24a64abbad8 0x24a64abad68 0xc0004 0x0 0x0 0x24a64abad68 0x1695 0x0 0x0 0xf0004 0x0 0x0 0x24a64abad68 0x1695 0x0 0x0 0x0 0x0 0x0 0x0 0x0 0x0 0x9 0x2 0x0 0x0 oops 4 8  @bci java/util/Comparator comparing (Ljava/util/function/Function;Ljava/util/Comparator;)Ljava/util/Comparator; 12 <appendix> member <vmtarget> ; 9  @bci java/util/Comparator thenComparing (Ljava/util/Comparator;)Ljava/util/Comparator; 7 <appendix> member <vmtarget> ; 13  @bci java/util/Comparator thenComparing (Ljava/util/Comparator;)Ljava/util/Comparator; 7 <appendix> member <vmtarget> ; 20  @bci java/util/Comparator thenComparing (Ljava/util/Comparator;)Ljava/util/Comparator; 7 <appendix> member <vmtarget> ; methods 0
ciMethodData java/util/Comparator comparing (Ljava/util/function/Function;Ljava/util/Comparator;)Ljava/util/Comparator; 2 5734 orig 80 0 0 0 0 0 0 0 0 0 0 0 0 74 2 0 0 0 0 0 0 0 0 0 0 0 0 0 0 0 0 0 0 0 0 0 0 0 0 0 0 0 0 0 0 0 0 0 0 0 0 0 0 0 0 0 0 0 0 0 0 0 0 0 0 0 0 0 0 0 0 0 0 0 0 0 0 0 0 0 0 data 36 0x10002 0x1666 0x60002 0x1666 0xc000a 0x1666 0x5 0x0 0x2 0x1 0x2 0x24a64abbad8 0x110004 0x0 0x0 0x24a64abbad8 0x1666 0x0 0x0 0x140004 0x0 0x0 0x24a64abbad8 0x1666 0x0 0x0 0x0 0x0 0x0 0x0 0x0 0x0 0x9 0x2 0x0 0x0 oops 3 11  @bci java/util/Comparator comparing (Ljava/util/function/Function;Ljava/util/Comparator;)Ljava/util/Comparator; 12 <appendix> member <vmtarget> ; 15  @bci java/util/Comparator comparing (Ljava/util/function/Function;Ljava/util/Comparator;)Ljava/util/Comparator; 12 <appendix> member <vmtarget> ; 22  @bci java/util/Comparator comparing (Ljava/util/function/Function;Ljava/util/Comparator;)Ljava/util/Comparator; 12 <appendix> member <vmtarget> ; methods 0
ciMethodData  @bci java/util/Comparator comparing (Ljava/util/function/Function;Ljava/util/Comparator;)Ljava/util/Comparator; 12 <appendix> member <vmtarget> ; <init> (Ljava/util/Comparator;Ljava/util/function/Function;)V 2 5723 orig 80 0 0 0 0 0 0 0 0 0 0 0 0 74 2 0 0 0 0 0 0 0 0 0 0 0 0 0 0 0 0 0 0 0 0 0 0 0 0 0 0 0 0 0 0 0 0 0 0 0 0 0 0 0 0 0 0 0 0 0 0 0 0 0 0 0 0 0 0 0 0 0 0 0 0 0 0 0 0 0 0 data 11 0x10002 0x165b 0x0 0x0 0x0 0x0 0x9 0x3 0x6 0x0 0x0 oops 0 methods 0
ciMethodData java/util/Comparator thenComparing (Ljava/util/function/Function;Ljava/util/Comparator;)Ljava/util/Comparator; 2 5705 orig 80 0 0 0 0 0 0 0 0 0 0 0 0 74 2 0 0 0 0 0 0 0 0 0 0 0 0 0 0 0 0 0 0 0 0 0 0 0 0 0 0 0 0 0 0 0 0 0 0 0 0 0 0 0 0 0 0 0 0 0 0 0 0 0 0 0 0 0 0 0 0 0 0 0 0 0 0 0 0 0 0 data 20 0x30002 0x1649 0x60005 0x0 0x0 0x24a661ad1d8 0xed2 0x24a64abad68 0x777 0x0 0x0 0x0 0x0 0x0 0x0 0x9 0x3 0x0 0x0 0x0 oops 2 5  @bci java/util/Comparator comparing (Ljava/util/function/Function;)Ljava/util/Comparator; 6 <appendix> member <vmtarget> ; 7  @bci java/util/Comparator thenComparing (Ljava/util/Comparator;)Ljava/util/Comparator; 7 <appendix> member <vmtarget> ; methods 0
ciMethodData sun/reflect/generics/reflectiveObjects/ParameterizedTypeImpl getActualTypeArguments ()[Ljava/lang/reflect/Type; 2 1042 orig 80 0 0 0 0 0 0 0 0 0 0 0 0 74 2 0 0 0 0 0 0 0 0 0 0 0 0 0 0 0 0 0 0 0 0 0 0 0 0 0 0 0 0 0 0 0 0 0 0 0 0 0 0 0 0 0 0 0 0 0 0 0 0 0 0 0 0 0 0 0 0 0 0 0 0 0 0 0 0 0 0 data 23 0x40005 0x0 0x0 0x24a64fbb3c8 0x412 0x0 0x0 0x70004 0x0 0x0 0x24a64fbb3c8 0x412 0x0 0x0 0x0 0x0 0x0 0x0 0x0 0x0 0x9 0x1 0x0 oops 2 3 [Ljava/lang/reflect/Type; 10 [Ljava/lang/reflect/Type; methods 0
ciMethodData java/util/stream/ReferencePipeline$StatefulOp <init> (Ljava/util/stream/AbstractPipeline;Ljava/util/stream/StreamShape;I)V 2 3887 orig 80 0 0 0 0 0 0 0 0 0 0 0 0 74 2 0 0 0 0 0 0 0 0 0 0 0 0 0 0 0 0 0 0 0 0 0 0 0 0 0 0 0 0 0 0 0 0 0 0 0 0 0 0 0 0 0 0 0 0 0 0 0 0 0 0 0 0 0 0 0 0 0 0 0 0 0 0 0 0 0 0 data 31 0x30002 0xf2f 0x90007 0xf2f 0x88 0x0 0xd0005 0x0 0x0 0x0 0x0 0x0 0x0 0x110007 0x0 0x30 0x0 0x180002 0x0 0x0 0x0 0x0 0x0 0x0 0x0 0x9 0x4 0x1e 0x38 0x0 0x0 oops 0 methods 0
ciMethodData java/lang/Class getDeclaredFields ()[Ljava/lang/reflect/Field; 2 1940 orig 80 0 0 0 0 0 0 0 0 0 0 0 0 74 2 0 0 0 0 0 0 0 0 0 0 0 0 0 0 0 0 0 0 0 0 0 0 0 0 0 0 0 0 0 0 0 0 0 0 0 0 0 0 0 0 0 0 0 0 0 0 0 0 0 0 0 0 0 0 0 0 0 0 0 0 0 0 0 0 0 0 data 33 0x2 0x794 0x50007 0x793 0x68 0x0 0xb0002 0x0 0xf0005 0x0 0x0 0x0 0x0 0x0 0x0 0x140005 0x794 0x0 0x0 0x0 0x0 0x0 0x170002 0x794 0x0 0x0 0x0 0x0 0x0 0x0 0x9 0x1 0x0 oops 0 methods 0
ciMethodData java/lang/Class copyFields ([Ljava/lang/reflect/Field;)[Ljava/lang/reflect/Field; 2 1971 orig 80 0 0 0 0 0 0 0 0 0 0 0 0 74 2 0 0 0 0 0 0 0 0 0 0 0 0 0 0 0 0 0 0 0 0 0 0 0 0 0 0 0 0 0 0 0 0 0 0 0 0 0 0 0 0 0 0 0 0 0 0 0 0 0 0 0 0 0 0 0 0 0 0 0 0 0 0 0 0 0 0 data 32 0x60002 0x7b3 0xf0007 0x7b3 0xa8 0x12dc 0x180005 0x0 0x0 0x24a67dd8288 0x12dc 0x0 0x0 0x1b0004 0x0 0x0 0x24a5d1b6818 0x12dc 0x0 0x0 0x1f0003 0x12dc 0xffffffffffffff70 0x0 0x0 0x0 0x0 0x0 0x0 0x9 0x1 0x0 oops 2 9 jdk/internal/reflect/ReflectionFactory 16 java/lang/reflect/Field methods 0
ciMethodData java/util/stream/SortedOps makeRef (Ljava/util/stream/AbstractPipeline;Ljava/util/Comparator;)Ljava/util/stream/Stream; 2 3768 orig 80 0 0 0 0 0 0 0 0 0 0 0 0 74 2 0 0 0 0 0 0 0 0 0 0 0 0 0 0 0 0 0 0 0 0 0 0 0 0 0 0 0 0 0 0 0 0 0 0 0 0 0 0 0 0 0 0 0 0 0 0 0 0 0 0 0 0 0 0 0 0 0 0 0 0 0 0 0 0 0 0 data 9 0x60002 0xeb8 0x0 0x0 0x0 0x9 0x2 0x0 0x0 oops 0 methods 0
ciMethodData java/util/stream/SortedOps$OfRef <init> (Ljava/util/stream/AbstractPipeline;Ljava/util/Comparator;)V 2 3779 orig 80 0 0 0 0 0 0 0 0 0 0 0 0 74 2 0 0 0 0 0 0 0 0 0 0 0 0 0 0 0 0 0 0 0 0 0 0 0 0 0 0 0 0 0 0 0 0 0 0 0 0 0 0 0 0 0 0 0 0 0 0 0 0 0 0 0 0 0 0 0 0 0 0 0 0 0 0 0 0 0 0 data 22 0xc0002 0xec3 0x160002 0xec3 0x190004 0x0 0x0 0x24a64abad68 0xe9e 0x24a680cc480 0x25 0x0 0x0 0x0 0x0 0x0 0x0 0x9 0x3 0xde 0x38 0x0 oops 2 7  @bci java/util/Comparator thenComparing (Ljava/util/Comparator;)Ljava/util/Comparator; 7 <appendix> member <vmtarget> ; 9  @bci org/eclipse/jdt/ls/core/internal/handlers/BundleUtils getBundles (Ljava/lang/String;Lorg/osgi/framework/wiring/FrameworkWiring;)[Lorg/osgi/framework/Bundle; 142 <appendix> argL0 ; methods 0
ciMethodData java/util/stream/ReferencePipeline sorted (Ljava/util/Comparator;)Ljava/util/stream/Stream; 2 3763 orig 80 0 0 0 0 0 0 0 0 0 0 0 0 74 2 0 0 0 0 0 0 0 0 0 0 0 0 0 0 0 0 0 0 0 0 0 0 0 0 0 0 0 0 0 0 0 0 0 0 0 0 0 0 0 0 0 0 0 0 0 0 0 0 0 0 0 0 0 0 0 0 0 0 0 0 0 0 0 0 0 0 data 12 0x20002 0xeb3 0x0 0x0 0x0 0x0 0x0 0x0 0x9 0x2 0x0 0x0 oops 0 methods 0
ciMethodData java/lang/Class getGenericInterfaces ()[Ljava/lang/reflect/Type; 1 30 orig 80 0 0 0 0 0 0 0 0 0 0 0 0 74 2 0 0 0 0 0 0 0 0 0 0 0 0 0 0 0 0 0 0 0 0 0 0 0 0 0 0 0 0 0 0 0 0 0 0 0 0 0 0 0 0 0 0 0 0 0 0 0 0 0 0 0 0 0 0 0 0 0 0 0 0 0 0 0 0 0 0 data 37 0x10005 0x1e 0x0 0x0 0x0 0x0 0x0 0x60007 0x1e 0x70 0x0 0xa0005 0x0 0x0 0x0 0x0 0x0 0x0 0xd0003 0x0 0x50 0x110005 0x0 0x0 0x24a65c4bd20 0x1e 0x0 0x0 0x0 0x0 0x0 0x0 0x0 0x0 0x9 0x1 0xffffffffffffffff oops 1 24 sun/reflect/generics/repository/ClassRepository methods 0
ciMethodData sun/reflect/generics/repository/ClassRepository getSuperInterfaces ()[Ljava/lang/reflect/Type; 1 30 orig 80 0 0 0 0 0 0 0 0 0 0 0 0 74 2 0 0 0 0 0 0 0 0 0 0 0 0 0 0 0 0 0 0 0 0 0 0 0 0 0 0 0 0 0 0 0 0 0 0 0 0 0 0 0 0 0 0 0 0 0 0 0 0 0 0 0 0 0 0 0 0 0 0 0 0 0 0 0 0 0 0 data 34 0x60007 0x13 0x58 0xb 0xa0005 0xb 0x0 0x0 0x0 0x0 0x0 0x140005 0x0 0x0 0x24a64fbb3c8 0x1e 0x0 0x0 0x170004 0x0 0x0 0x24a64fbb3c8 0x1e 0x0 0x0 0x0 0x0 0x0 0x0 0x0 0x0 0x9 0x1 0x0 oops 2 14 [Ljava/lang/reflect/Type; 21 [Ljava/lang/reflect/Type; methods 0
ciMethodData sun/reflect/generics/repository/ClassRepository computeSuperInterfaces ()[Ljava/lang/reflect/Type; 1 11 orig 80 0 0 0 0 0 0 0 0 0 0 0 0 74 2 0 0 0 0 0 0 0 0 0 0 0 0 0 0 0 0 0 0 0 0 0 0 0 0 0 0 0 0 0 0 0 0 0 0 0 0 0 0 0 0 0 0 0 0 0 0 0 0 0 0 0 0 0 0 0 0 0 0 0 0 0 0 0 0 0 0 data 65 0x10005 0x0 0x0 0x24a65c4bd20 0xb 0x0 0x0 0x40004 0x0 0x0 0x24a64bd2de8 0xb 0x0 0x0 0x70005 0x0 0x0 0x24a64bd2de8 0xb 0x0 0x0 0x190007 0xb 0x118 0xb 0x1d0005 0x0 0x0 0x24a65c4bd20 0xb 0x0 0x0 0x280005 0x0 0x0 0x24a64c620b8 0xb 0x0 0x0 0x320005 0x0 0x0 0x24a64c61cd8 0xb 0x0 0x0 0x350004 0x0 0x0 0x24a66f3a2a0 0xb 0x0 0x0 0x390003 0xb 0xffffffffffffff00 0x0 0x0 0x0 0x0 0x0 0x0 0x9 0x1 0x0 oops 7 3 sun/reflect/generics/repository/ClassRepository 10 sun/reflect/generics/tree/ClassSignature 17 sun/reflect/generics/tree/ClassSignature 28 sun/reflect/generics/repository/ClassRepository 35 sun/reflect/generics/tree/ClassTypeSignature 42 sun/reflect/generics/visitor/Reifier 49 sun/reflect/generics/reflectiveObjects/ParameterizedTypeImpl methods 0
ciMethodData java/lang/Class getGenericSuperclass ()Ljava/lang/reflect/Type; 2 1779 orig 80 0 0 0 0 0 0 0 0 0 0 0 0 74 2 0 0 0 0 0 0 0 0 0 0 0 0 0 0 0 0 0 0 0 0 0 0 0 0 0 0 0 0 0 0 0 0 0 0 0 0 0 0 0 0 0 0 0 0 0 0 0 0 0 0 0 0 0 0 0 0 0 0 0 0 0 0 0 0 0 0 data 45 0x10005 0x6f3 0x0 0x0 0x0 0x0 0x0 0x60007 0x30b 0x58 0x3e8 0xa0005 0x3e8 0x0 0x0 0x0 0x0 0x0 0xf0005 0x30b 0x0 0x0 0x0 0x0 0x0 0x120007 0x30b 0x20 0x0 0x180005 0x0 0x0 0x24a65c4bd20 0x30b 0x0 0x0 0x0 0x0 0x0 0x0 0x0 0x0 0x9 0x1 0x0 oops 1 32 sun/reflect/generics/repository/ClassRepository methods 0
ciMethodData sun/reflect/generics/repository/ClassRepository getSuperclass ()Ljava/lang/reflect/Type; 1 777 orig 80 0 0 0 0 0 0 0 0 0 0 0 0 74 2 0 0 0 0 0 0 0 0 0 0 0 0 0 0 0 0 0 0 0 0 0 0 0 0 0 0 0 0 0 0 0 0 0 0 0 0 0 0 0 0 0 0 0 0 0 0 0 0 0 0 0 0 0 0 0 0 0 0 0 0 0 0 0 0 0 0 data 20 0x60007 0x2ef 0x58 0x1a 0xa0005 0x1a 0x0 0x0 0x0 0x0 0x0 0x0 0x0 0x0 0x0 0x0 0x0 0x9 0x1 0x0 oops 0 methods 0
ciMethodData sun/reflect/generics/repository/ClassRepository computeSuperclass ()Ljava/lang/reflect/Type; 1 26 orig 80 0 0 0 0 0 0 0 0 0 0 0 0 74 2 0 0 0 0 0 0 0 0 0 0 0 0 0 0 0 0 0 0 0 0 0 0 0 0 0 0 0 0 0 0 0 0 0 0 0 0 0 0 0 0 0 0 0 0 0 0 0 0 0 0 0 0 0 0 0 0 0 0 0 0 0 0 0 0 0 0 data 51 0x10005 0x0 0x0 0x24a65c4bd20 0x1a 0x0 0x0 0x60005 0x0 0x0 0x24a65c4bd20 0x1a 0x0 0x0 0x90004 0x0 0x0 0x24a64bd2de8 0x1a 0x0 0x0 0xc0005 0x0 0x0 0x24a64bd2de8 0x1a 0x0 0x0 0x100005 0x0 0x0 0x24a64c620b8 0x1a 0x0 0x0 0x140005 0x0 0x0 0x24a64c61cd8 0x1a 0x0 0x0 0x0 0x0 0x0 0x0 0x0 0x0 0x9 0x1 0x0 oops 6 3 sun/reflect/generics/repository/ClassRepository 10 sun/reflect/generics/repository/ClassRepository 17 sun/reflect/generics/tree/ClassSignature 24 sun/reflect/generics/tree/ClassSignature 31 sun/reflect/generics/tree/ClassTypeSignature 38 sun/reflect/generics/visitor/Reifier methods 0
ciMethodData java/lang/Class getDeclaredMethods ()[Ljava/lang/reflect/Method; 2 2899 orig 80 0 0 0 0 0 0 0 0 0 0 0 0 74 2 0 0 0 0 0 0 0 0 0 0 0 0 0 0 0 0 0 0 0 0 0 0 0 0 0 0 0 0 0 0 0 0 0 0 0 0 0 0 0 0 0 0 0 0 0 0 0 0 0 0 0 0 0 0 0 0 0 0 0 0 0 0 0 0 0 0 data 33 0x2 0xb53 0x50007 0xb53 0x68 0x0 0xb0002 0x0 0xf0005 0x0 0x0 0x0 0x0 0x0 0x0 0x140005 0xb53 0x0 0x0 0x0 0x0 0x0 0x170002 0xb53 0x0 0x0 0x0 0x0 0x0 0x0 0x9 0x1 0x0 oops 0 methods 0
ciMethodData java/util/logging/Logger log (Ljava/util/logging/Level;Ljava/lang/String;Ljava/lang/Object;)V 1 0 orig 80 0 0 0 0 0 0 0 0 0 0 0 0 74 2 0 0 0 0 0 0 0 0 0 0 0 0 0 0 0 0 0 0 0 0 0 0 0 0 0 0 0 0 0 0 0 0 0 0 0 0 0 0 0 0 0 0 0 0 0 0 0 0 0 0 0 0 0 0 0 0 0 0 0 0 0 0 0 0 0 0 data 46 0x20005 0x0 0x0 0x0 0x0 0x0 0x0 0x50007 0x0 0x20 0x0 0xf0002 0x0 0x1b0004 0x0 0x0 0x0 0x0 0x0 0x0 0x220005 0x0 0x0 0x0 0x0 0x0 0x0 0x280005 0x0 0x0 0x0 0x0 0x0 0x0 0x0 0x0 0x0 0x0 0x0 0x0 0x9 0x4 0x0 0x0 0x0 0x0 oops 0 methods 0
ciMethodData sun/reflect/annotation/AnnotationParser toArray (Ljava/util/Map;)[Ljava/lang/annotation/Annotation; 2 2032 orig 80 0 0 0 0 0 0 0 0 0 0 0 0 74 2 0 0 0 0 0 0 0 0 0 0 0 0 0 0 0 0 0 0 0 0 0 0 0 0 0 0 0 0 0 0 0 0 0 0 0 0 0 0 0 0 0 0 0 0 0 0 0 0 0 0 0 0 0 0 0 0 0 0 0 0 0 0 0 0 0 0 data 30 0x10005 0x0 0x0 0x24a6380d6b0 0x44b 0x24a6380d600 0x3a5 0x90005 0x0 0x0 0x24a6380f7d8 0x44b 0x24a689e4100 0x3a5 0xe0004 0x0 0x0 0x24a64ec4768 0x7f0 0x0 0x0 0x0 0x0 0x0 0x0 0x0 0x0 0x9 0x1 0xffffffffffffffff oops 5 3 java/util/LinkedHashMap 5 java/util/Collections$EmptyMap 10 java/util/LinkedHashMap$LinkedValues 12 java/util/Collections$EmptySet 17 [Ljava/lang/annotation/Annotation; methods 0
ciMethodData java/lang/reflect/AccessibleObject getAnnotations ()[Ljava/lang/annotation/Annotation; 2 1242 orig 80 0 0 0 0 0 0 0 0 0 0 0 0 74 2 0 0 0 0 0 0 0 0 0 0 0 0 0 0 0 0 0 0 0 0 0 0 0 0 0 0 0 0 0 0 0 0 0 0 0 0 0 0 0 0 0 0 0 0 0 0 0 0 0 0 0 0 0 0 0 0 0 0 0 0 0 0 0 0 0 0 data 16 0x10005 0x16e 0x0 0x24a5d1b6a78 0x314 0x24a5d1b6818 0x58 0x0 0x0 0x0 0x0 0x0 0x0 0x9 0x1 0x0 oops 2 3 java/lang/reflect/Constructor 5 java/lang/reflect/Field methods 0
ciMethodData sun/reflect/annotation/AnnotatedTypeFactory$AnnotatedTypeBaseImpl getAnnotations ()[Ljava/lang/annotation/Annotation; 1 955 orig 80 0 0 0 0 0 0 0 0 0 0 0 0 74 2 0 0 0 0 0 0 0 0 0 0 0 0 0 0 0 0 0 0 0 0 0 0 0 0 0 0 0 0 0 0 0 0 0 0 0 0 0 0 0 0 0 0 0 0 0 0 0 0 0 0 0 0 0 0 0 0 0 0 0 0 0 0 0 0 0 0 data 16 0x10005 0x3bb 0x0 0x0 0x0 0x0 0x0 0x0 0x0 0x0 0x0 0x0 0x0 0x9 0x1 0x0 oops 0 methods 0
ciMethodData sun/reflect/annotation/AnnotatedTypeFactory$AnnotatedTypeBaseImpl getDeclaredAnnotations ()[Ljava/lang/annotation/Annotation; 1 964 orig 80 0 0 0 0 0 0 0 0 0 0 0 0 74 2 0 0 0 0 0 0 0 0 0 0 0 0 0 0 0 0 0 0 0 0 0 0 0 0 0 0 0 0 0 0 0 0 0 0 0 0 0 0 0 0 0 0 0 0 0 0 0 0 0 0 0 0 0 0 0 0 0 0 0 0 0 0 0 0 0 0 data 30 0x40005 0x0 0x0 0x24a6380d6b0 0x3c4 0x0 0x0 0xd0005 0x0 0x0 0x24a6380f7d8 0x3c4 0x0 0x0 0x120004 0x0 0x0 0x24a64ec4768 0x3c4 0x0 0x0 0x0 0x0 0x0 0x0 0x0 0x0 0x9 0x1 0x0 oops 3 3 java/util/LinkedHashMap 10 java/util/LinkedHashMap$LinkedValues 17 [Ljava/lang/annotation/Annotation; methods 0
ciMethodData java/lang/reflect/Executable getAnnotatedParameterTypes ()[Ljava/lang/reflect/AnnotatedType; 1 631 orig 80 0 0 0 0 0 0 0 0 0 0 0 0 74 2 0 0 0 0 0 0 0 0 0 0 0 0 0 0 0 0 0 0 0 0 0 0 0 0 0 0 0 0 0 0 0 0 0 0 0 0 0 0 0 0 0 0 0 0 0 0 0 0 0 0 0 0 0 0 0 0 0 0 0 0 0 0 0 0 0 0 data 48 0x10005 0x0 0x0 0x24a5d1b6a78 0x26d 0x24a5d1b6938 0xa 0x40002 0x277 0x80005 0x0 0x0 0x24a5d1b6a78 0x26d 0x24a5d1b6938 0xa 0xb0005 0x0 0x0 0x24a6380db90 0x277 0x0 0x0 0x120005 0x0 0x0 0x24a5d1b6a78 0x26d 0x24a5d1b6938 0xa 0x160005 0x0 0x0 0x24a5d1b6a78 0x26d 0x24a5d1b6938 0xa 0x1c0002 0x277 0x0 0x0 0x0 0x0 0x0 0x0 0x9 0x1 0xffffffffffffffff oops 9 3 java/lang/reflect/Constructor 5 java/lang/reflect/Method 12 java/lang/reflect/Constructor 14 java/lang/reflect/Method 19 java/lang/System$2 26 java/lang/reflect/Constructor 28 java/lang/reflect/Method 33 java/lang/reflect/Constructor 35 java/lang/reflect/Method methods 0
ciMethodData java/lang/reflect/Executable sharedGetParameterAnnotations ([Ljava/lang/Class;[B)[[Ljava/lang/annotation/Annotation; 1 631 orig 80 0 0 0 0 0 0 0 0 0 0 0 0 74 2 0 0 0 0 0 0 0 0 0 0 0 0 0 0 0 0 0 0 0 0 0 0 0 0 0 0 0 0 0 0 0 0 0 0 0 0 0 0 0 0 0 0 0 0 0 0 0 0 0 0 0 0 0 0 0 0 0 0 0 0 0 0 0 0 0 0 data 53 0x40007 0x9 0x20 0x26e 0x100005 0x0 0x0 0x24a5d1b6a78 0x9 0x0 0x0 0x190007 0x9 0xf8 0x0 0x210005 0x0 0x0 0x0 0x0 0x0 0x0 0x240007 0x0 0xa0 0x0 0x3a0002 0x0 0x470007 0x0 0x70 0x0 0x520004 0x0 0x0 0x0 0x0 0x0 0x0 0x560003 0x0 0xffffffffffffffa8 0x0 0x0 0x0 0x0 0x0 0x0 0x9 0x3 0xffffffffffffffff 0xffffffffffffffff 0x0 oops 1 7 java/lang/reflect/Constructor methods 0
ciMethodData java/lang/reflect/Executable parseParameterAnnotations ([B)[[Ljava/lang/annotation/Annotation; 1 9 orig 80 0 0 0 0 0 0 0 0 0 0 0 0 74 2 0 0 0 0 0 0 0 0 0 0 0 0 0 0 0 0 0 0 0 0 0 0 0 0 0 0 0 0 0 0 0 0 0 0 0 0 0 0 0 0 0 0 0 0 0 0 0 0 0 0 0 0 0 0 0 0 0 0 0 0 0 0 0 0 0 0 data 35 0x10002 0x9 0x50005 0x0 0x0 0x24a5d1b6a78 0x9 0x0 0x0 0x80005 0x0 0x0 0x24a6380db90 0x9 0x0 0x0 0xe0005 0x0 0x0 0x24a5d1b6a78 0x9 0x0 0x0 0x110002 0x9 0x0 0x0 0x0 0x0 0x0 0x0 0x9 0x2 0xffffffffffffffff 0x0 oops 3 5 java/lang/reflect/Constructor 12 java/lang/System$2 19 java/lang/reflect/Constructor methods 0
ciMethodData sun/reflect/annotation/AnnotationParser parseParameterAnnotations ([BLjdk/internal/reflect/ConstantPool;Ljava/lang/Class;)[[Ljava/lang/annotation/Annotation; 1 9 orig 80 0 0 0 0 0 0 0 0 0 0 0 0 74 2 0 0 0 0 0 0 0 0 0 0 0 0 0 0 0 0 0 0 0 0 0 0 0 0 0 0 0 0 0 0 0 0 0 0 0 0 0 0 0 0 0 0 0 0 0 0 0 0 0 0 0 0 0 0 0 0 0 0 0 0 0 0 0 0 0 0 data 17 0x30002 0x9 0xe0002 0x0 0x180002 0x0 0x0 0x0 0x0 0x0 0x0 0x0 0x9 0x3 0x0 0xffffffffffffffff 0xffffffffffffffff oops 0 methods 0
ciMethodData sun/reflect/annotation/AnnotationParser parseParameterAnnotations2 ([BLjdk/internal/reflect/ConstantPool;Ljava/lang/Class;)[[Ljava/lang/annotation/Annotation; 1 9 orig 80 0 0 0 0 0 0 0 0 0 0 0 0 74 2 0 0 0 0 0 0 0 0 0 0 0 0 0 0 0 0 0 0 0 0 0 0 0 0 0 0 0 0 0 0 0 0 0 0 0 0 0 0 0 0 0 0 0 0 0 0 0 0 0 0 0 0 0 0 0 0 0 0 0 0 0 0 0 0 0 0 data 97 0x10002 0x9 0x60005 0x0 0x0 0x24a63fa8a70 0x9 0x0 0x0 0x1d0007 0x9 0x268 0xf 0x210005 0x0 0x0 0x24a63fa8a70 0xf 0x0 0x0 0x2f0002 0xf 0x3b0007 0xf 0x140 0x9 0x420002 0x9 0x490007 0x0 0xf8 0x9 0x4e0005 0x0 0x0 0x24a6795cec0 0x3 0x24a65324ea8 0x6 0x530002 0x9 0x5a0005 0x0 0x0 0x24a63fa8b20 0x9 0x0 0x0 0x600007 0x0 0x58 0x9 0x670005 0x0 0x0 0x24a5d1b87c8 0x9 0x0 0x0 0x700003 0x9 0xfffffffffffffed8 0x7c0005 0x0 0x0 0x24a5d1b87c8 0xf 0x0 0x0 0x810004 0x0 0x0 0x24a64ec4768 0xf 0x0 0x0 0x840004 0x0 0x0 0x24a64ec4768 0xf 0x0 0x0 0x880003 0xf 0xfffffffffffffdb0 0x0 0x0 0x0 0x0 0x0 0x0 0x9 0x3 0x0 0xffffffffffffffff 0xffffffffffffffff oops 9 5 java/nio/HeapByteBuffer 16 java/nio/HeapByteBuffer 35 jdk/proxy7/$Proxy31 37 jdk/proxy6/$Proxy24 44 sun/reflect/annotation/AnnotationType 55 java/util/ArrayList 65 java/util/ArrayList 72 [Ljava/lang/annotation/Annotation; 79 [Ljava/lang/annotation/Annotation; methods 0
ciMethodData java/lang/reflect/Field getDeclaredAnnotations ()[Ljava/lang/annotation/Annotation; 1 360 orig 80 0 0 0 0 0 0 0 0 0 0 0 0 74 2 0 0 0 0 0 0 0 0 0 0 0 0 0 0 0 0 0 0 0 0 0 0 0 0 0 0 0 0 0 0 0 0 0 0 0 0 0 0 0 0 0 0 0 0 0 0 0 0 0 0 0 0 0 0 0 0 0 0 0 0 0 0 0 0 0 0 data 18 0x10005 0x168 0x0 0x0 0x0 0x0 0x0 0x40002 0x168 0x0 0x0 0x0 0x0 0x0 0x0 0x9 0x1 0x0 oops 0 methods 0
ciMethodData java/lang/reflect/Field getAnnotatedType ()Ljava/lang/reflect/AnnotatedType; 1 363 orig 80 0 0 0 0 0 0 0 0 0 0 0 0 74 2 0 0 0 0 0 0 0 0 0 0 0 0 0 0 0 0 0 0 0 0 0 0 0 0 0 0 0 0 0 0 0 0 0 0 0 0 0 0 0 0 0 0 0 0 0 0 0 0 0 0 0 0 0 0 0 0 0 0 0 0 0 0 0 0 0 0 data 48 0x10005 0x16b 0x0 0x0 0x0 0x0 0x0 0x40002 0x16b 0x80005 0x16b 0x0 0x0 0x0 0x0 0x0 0xb0005 0x0 0x0 0x24a6380db90 0x16b 0x0 0x0 0x120005 0x16b 0x0 0x0 0x0 0x0 0x0 0x160005 0x16b 0x0 0x0 0x0 0x0 0x0 0x1c0002 0x16b 0x0 0x0 0x0 0x0 0x0 0x0 0x9 0x1 0xffffffffffffffff oops 1 19 java/lang/System$2 methods 0
ciMethodData sun/reflect/annotation/AnnotationParser parseAnnotation (Ljava/nio/ByteBuffer;Ljdk/internal/reflect/ConstantPool;Ljava/lang/Class;Z)Ljava/lang/annotation/Annotation; 1 9 orig 80 0 0 0 0 0 0 0 0 0 0 0 0 74 2 0 0 0 0 0 0 0 0 0 0 0 0 0 0 0 0 0 0 0 0 0 0 0 0 0 0 0 0 0 0 0 0 0 0 0 0 0 0 0 0 0 0 0 0 0 0 0 0 0 0 0 0 0 0 0 0 0 0 0 0 0 0 0 0 0 0 data 14 0x50002 0x9 0x0 0x0 0x0 0x0 0x0 0x0 0x9 0x4 0xffffffffffffffff 0xffffffffffffffff 0xffffffffffffffff 0x0 oops 0 methods 0
ciMethodData sun/reflect/generics/parser/SignatureParser parseZeroOrMoreFormalTypeParameters ()[Lsun/reflect/generics/tree/FormalTypeParameter; 1 58 orig 80 0 0 0 0 0 0 0 0 0 0 0 0 74 2 0 0 0 0 0 0 0 0 0 0 0 0 0 0 0 0 0 0 0 0 0 0 0 0 0 0 0 0 0 0 0 0 0 0 0 0 0 0 0 0 0 0 0 0 0 0 0 0 0 0 0 0 0 0 0 0 0 0 0 0 0 0 0 0 0 0 data 27 0x10005 0x3a 0x0 0x0 0x0 0x0 0x0 0x60007 0x3a 0x58 0x0 0xa0005 0x0 0x0 0x0 0x0 0x0 0x0 0x0 0x0 0x0 0x0 0x0 0x0 0x9 0x1 0xffffffffffffffff oops 0 methods 0
ciMethodData sun/reflect/generics/parser/SignatureParser parseFormalTypeParameters ()[Lsun/reflect/generics/tree/FormalTypeParameter; 1 0 orig 80 0 0 0 0 0 0 0 0 0 0 0 0 74 2 0 0 0 0 0 0 0 0 0 0 0 0 0 0 0 0 0 0 0 0 0 0 0 0 0 0 0 0 0 0 0 0 0 0 0 0 0 0 0 0 0 0 0 0 0 0 0 0 0 0 0 0 0 0 0 0 0 0 0 0 0 0 0 0 0 0 data 130 0x50002 0x0 0xc0007 0x0 0x88 0x0 0x100005 0x0 0x0 0x0 0x0 0x0 0x0 0x150007 0x0 0x30 0x0 0x1c0002 0x0 0x210005 0x0 0x0 0x0 0x0 0x0 0x0 0x260007 0x0 0x58 0x0 0x2c0005 0x0 0x0 0x0 0x0 0x0 0x0 0x310005 0x0 0x0 0x0 0x0 0x0 0x0 0x360005 0x0 0x0 0x0 0x0 0x0 0x0 0x390005 0x0 0x0 0x0 0x0 0x0 0x0 0x400005 0x0 0x0 0x0 0x0 0x0 0x0 0x450007 0x0 0xe0 0x0 0x4f0005 0x0 0x0 0x0 0x0 0x0 0x0 0x520005 0x0 0x0 0x0 0x0 0x0 0x0 0x5a0005 0x0 0x0 0x0 0x0 0x0 0x0 0x5d0003 0x0 0xffffffffffffff00 0x610005 0x0 0x0 0x0 0x0 0x0 0x0 0x660005 0x0 0x0 0x0 0x0 0x0 0x0 0x6e0005 0x0 0x0 0x0 0x0 0x0 0x0 0x730004 0x0 0x0 0x0 0x0 0x0 0x0 0x0 0x0 0x0 0x0 0x0 0x0 0x9 0x1 0xffffffffffffffff oops 0 methods 0
ciMethod com/google/common/collect/Lists newArrayList ()Ljava/util/ArrayList; 512 0 2470 0 0
ciMethod com/google/common/collect/Hashing smear (I)I 530 0 7275 0 -1
ciMethod com/google/inject/internal/MoreTypes canonicalizeForKey (Lcom/google/inject/TypeLiteral;)Lcom/google/inject/TypeLiteral; 532 0 2780 0 -1
ciMethod com/google/inject/internal/MoreTypes isFullySpecified (Ljava/lang/reflect/Type;)Z 534 0 3009 0 -1
ciMethod com/google/inject/internal/MoreTypes canonicalize (Ljava/lang/reflect/Type;)Ljava/lang/reflect/Type; 538 0 12048 0 -1
ciMethod com/google/inject/internal/MoreTypes getRawType (Ljava/lang/reflect/Type;)Ljava/lang/Class; 514 0 9068 0 -1
ciMethod com/google/inject/internal/MoreTypes getGenericSupertype (Ljava/lang/reflect/Type;Ljava/lang/Class;Ljava/lang/Class;)Ljava/lang/reflect/Type; 556 0 2249 0 0
ciMethod com/google/inject/internal/MoreTypes resolveTypeVariable (Ljava/lang/reflect/Type;Ljava/lang/Class;Ljava/lang/reflect/TypeVariable;)Ljava/lang/reflect/Type; 152 0 411 0 0
ciMethod com/google/inject/internal/MoreTypes indexOf ([Ljava/lang/Object;Ljava/lang/Object;)I 0 0 1 0 -1
ciMethod com/google/inject/internal/MoreTypes getSharedTypeArguments (Ljava/lang/reflect/ParameterizedType;)[Ljava/lang/reflect/Type; 54 0 350 0 -1
ciMethod com/google/inject/internal/MoreTypes declaringClassOf (Ljava/lang/reflect/TypeVariable;)Ljava/lang/Class; 408 0 411 0 -1
ciMethod com/google/common/collect/ImmutableMapEntry getKey ()Ljava/lang/Object; 562 0 3014 0 -1
ciMethod com/google/common/collect/ImmutableMapEntry getValue ()Ljava/lang/Object; 18 0 9 0 -1
ciMethod com/google/common/collect/ImmutableMapEntry getNextInKeyBucket ()Lcom/google/common/collect/ImmutableMapEntry; 320 0 160 0 -1
ciMethod com/google/common/collect/RegularImmutableMap get (Ljava/lang/Object;)Ljava/lang/Object; 532 0 2772 0 -1
ciMethod com/google/common/collect/RegularImmutableMap get (Ljava/lang/Object;[Lcom/google/common/collect/ImmutableMapEntry;I)Ljava/lang/Object; 532 582 2772 0 -1
ciMethod com/google/common/collect/Ordering from (Ljava/util/Comparator;)Lcom/google/common/collect/Ordering; 514 0 2118 0 0
ciMethod com/google/common/collect/Ordering <init> ()V 824 0 4260 0 0
ciMethod com/google/inject/internal/DeclaredMembers getDeclaredFields (Ljava/lang/Class;)[Ljava/lang/reflect/Field; 478 0 1897 0 0
ciMethod com/google/inject/internal/DeclaredMembers getDeclaredMethods (Ljava/lang/Class;)[Ljava/lang/reflect/Method; 512 0 2118 0 0
ciMethod com/google/inject/internal/DeclaredMembers lambda$getDeclaredMethods$2 (I)[Ljava/lang/reflect/Method; 514 0 2167 0 0
ciMethod com/google/inject/internal/DeclaredMembers lambda$getDeclaredFields$0 (I)[Ljava/lang/reflect/Field; 512 0 2078 0 0
ciMethod  @bci com/google/inject/internal/DeclaredMembers getDeclaredMethods (Ljava/lang/Class;)[Ljava/lang/reflect/Method; 62 <appendix> argL0 ; apply (I)Ljava/lang/Object; 514 0 2166 0 0
ciMethod com/google/common/collect/Ordering lexicographical ()Lcom/google/common/collect/Ordering; 514 0 2118 0 0
ciMethod com/google/common/collect/ComparatorOrdering <init> (Ljava/util/Comparator;)V 514 0 2129 0 0
ciMethod com/google/common/collect/LexicographicalOrdering <init> (Ljava/util/Comparator;)V 514 0 2131 0 0
ciMethod com/google/inject/internal/Annotations isMarker (Ljava/lang/Class;)Z 512 0 382 0 -1
ciMethod com/google/inject/internal/Annotations getKey (Lcom/google/inject/TypeLiteral;Ljava/lang/reflect/Member;[Ljava/lang/annotation/Annotation;Lcom/google/inject/internal/Errors;)Lcom/google/inject/Key; 512 0 1183 0 0
ciMethod com/google/inject/internal/Annotations findBindingAnnotation (Lcom/google/inject/internal/Errors;Ljava/lang/reflect/Member;[Ljava/lang/annotation/Annotation;)Ljava/lang/annotation/Annotation; 512 348 2053 0 -1
ciMethod com/google/inject/internal/Annotations isBindingAnnotation (Ljava/lang/Class;)Z 512 0 1474 0 -1
ciMethod com/google/inject/internal/Annotations canonicalizeIfNamed (Ljava/lang/annotation/Annotation;)Ljava/lang/annotation/Annotation; 512 0 374 0 -1
ciMethod com/google/inject/Key$AnnotationTypeStrategy <init> (Ljava/lang/Class;Ljava/lang/annotation/Annotation;)V 284 0 158 0 -1
ciMethodData com/google/common/base/Preconditions checkNotNull (Ljava/lang/Object;Ljava/lang/Object;)Ljava/lang/Object; 2 24923 orig 80 0 0 0 0 0 0 0 0 0 0 0 0 74 2 0 0 0 0 0 0 0 0 0 0 0 0 0 0 0 0 0 0 0 0 0 0 0 0 0 0 0 0 0 0 0 0 0 0 0 0 0 0 0 0 0 0 0 0 0 0 0 0 0 0 0 0 0 0 0 0 0 0 0 0 0 0 0 0 0 0 data 18 0x10007 0x615b 0x40 0x0 0x90002 0x0 0xc0002 0x0 0x0 0x0 0x0 0x0 0x0 0x0 0x9 0x2 0x0 0xffffffffffffffff oops 0 methods 0
ciMethodData com/google/common/base/Preconditions checkNotNull (Ljava/lang/Object;)Ljava/lang/Object; 2 20672 orig 80 0 0 0 0 0 0 0 0 0 0 0 0 74 2 0 0 0 0 0 0 0 0 0 0 0 0 0 0 0 0 0 0 0 0 0 0 0 0 0 0 0 0 0 0 0 0 0 0 0 0 0 0 0 0 0 0 0 0 0 0 0 0 0 0 0 0 0 0 0 0 0 0 0 0 0 0 0 0 0 0 data 15 0x10007 0x50c0 0x30 0x0 0x80002 0x0 0x0 0x0 0x0 0x0 0x0 0x0 0x9 0x1 0x0 oops 0 methods 0
ciMethodData com/google/common/base/Preconditions checkArgument (ZLjava/lang/String;Ljava/lang/Object;Ljava/lang/Object;)V 2 3642 orig 80 0 0 0 0 0 0 0 0 0 0 0 0 74 2 0 0 0 0 0 0 0 0 0 0 0 0 0 0 0 0 0 0 0 0 0 0 0 0 0 0 0 0 0 0 0 0 0 0 0 0 0 0 0 0 0 0 0 0 0 0 0 0 0 0 0 0 0 0 0 0 0 0 0 0 0 0 0 0 0 0 data 34 0x10007 0xe3a 0xb0 0x0 0x100004 0x0 0x0 0x0 0x0 0x0 0x0 0x140004 0x0 0x0 0x0 0x0 0x0 0x0 0x150002 0x0 0x180002 0x0 0x0 0x0 0x0 0x0 0x0 0x0 0x9 0x4 0x0 0xffffffffffffffff 0x0 0x0 oops 0 methods 0
ciMethod com/google/inject/spi/InjectionPoint <init> (Lcom/google/inject/TypeLiteral;Ljava/lang/reflect/Method;Z)V 28 0 11 0 0
ciMethod com/google/inject/spi/InjectionPoint <init> (Lcom/google/inject/TypeLiteral;Ljava/lang/reflect/Field;Z)V 514 0 617 0 0
ciMethod com/google/inject/spi/InjectionPoint forMember (Lcom/google/inject/internal/Errors;Ljava/lang/reflect/Member;Lcom/google/inject/TypeLiteral;[Ljava/lang/reflect/AnnotatedType;[[Ljava/lang/annotation/Annotation;Ljava/util/function/Predicate;)Lcom/google/common/collect/ImmutableList; 512 282 873 0 0
ciMethod com/google/inject/spi/InjectionPoint newDependency (Lcom/google/inject/Key;ZI)Lcom/google/inject/spi/Dependency; 512 0 1183 0 0
ciMethod com/google/inject/spi/InjectionPoint checkForMisplacedBindingAnnotations (Ljava/lang/reflect/Member;Lcom/google/inject/internal/Errors;)Z 2 0 580 0 0
ciMethod com/google/inject/spi/InjectionPoint getAtInject (Ljava/lang/reflect/AnnotatedElement;)Ljava/lang/annotation/Annotation; 542 0 12963 0 0
ciMethod com/google/inject/spi/InjectionPoint getInjectionPoints (Lcom/google/inject/TypeLiteral;ZLcom/google/inject/internal/Errors;)Ljava/util/Set; 256 3754 1155 0 -1
ciMethod com/google/inject/spi/InjectionPoint getDeclaredFields (Lcom/google/inject/TypeLiteral;)[Ljava/lang/reflect/Field; 478 0 1788 0 0
ciMethod com/google/inject/spi/InjectionPoint getDeclaredMethods (Lcom/google/inject/TypeLiteral;)[Ljava/lang/reflect/Method; 478 0 1788 0 0
ciMethod com/google/inject/spi/InjectionPoint isEligibleForInjection (Ljava/lang/reflect/Method;Z)Z 566 0 10389 0 0
ciMethod com/google/inject/spi/InjectionPoint isValidMethod (Lcom/google/inject/spi/InjectionPoint$InjectableMethod;Lcom/google/inject/internal/Errors;)Z 2 0 11 0 0
ciMethod com/google/inject/spi/InjectionPoint hierarchyFor (Lcom/google/inject/TypeLiteral;)Ljava/util/List; 256 478 1156 0 0
ciMethod com/google/inject/spi/InjectionPoint getAnnotations (Ljava/lang/reflect/Field;)[Ljava/lang/annotation/Annotation; 514 0 617 0 0
ciMethod com/google/inject/spi/InjectionPoint$InjectableMember <init> (Lcom/google/inject/TypeLiteral;Ljava/lang/annotation/Annotation;)V 214 0 580 0 0
ciMethod com/google/inject/spi/InjectionPoint$InjectableMember toInjectionPoint ()Lcom/google/inject/spi/InjectionPoint; 0 0 1 0 -1
ciMethod com/google/inject/spi/InjectionPoint$InjectableField <init> (Lcom/google/inject/TypeLiteral;Ljava/lang/reflect/Field;Ljava/lang/annotation/Annotation;)V 212 0 513 0 0
ciMethod com/google/inject/spi/InjectionPoint$InjectableField toInjectionPoint ()Lcom/google/inject/spi/InjectionPoint; 512 0 617 0 0
ciMethod com/google/inject/spi/InjectionPoint$InjectableMethod <init> (Lcom/google/inject/TypeLiteral;Ljava/lang/reflect/Method;Ljava/lang/annotation/Annotation;)V 2 0 11 0 0
ciMethod com/google/inject/spi/InjectionPoint$InjectableMethod toInjectionPoint ()Lcom/google/inject/spi/InjectionPoint; 28 0 11 0 0
ciMethod com/google/inject/spi/InjectionPoint$InjectableMethod isFinal ()Z 28 0 11 0 -1
ciMethod com/google/inject/spi/InjectionPoint$InjectableMembers <init> ()V 256 0 1156 0 0
ciMethod com/google/inject/spi/InjectionPoint$InjectableMembers add (Lcom/google/inject/spi/InjectionPoint$InjectableMember;)V 214 0 523 0 0
ciMethod com/google/inject/spi/InjectionPoint$InjectableMembers isEmpty ()Z 256 0 1156 0 0
ciMethod  @bci com/google/inject/internal/DeclaredMembers getDeclaredFields (Ljava/lang/Class;)[Ljava/lang/reflect/Field; 38 <appendix> argL0 ; apply (I)Ljava/lang/Object; 512 0 2078 0 0
ciMethod com/google/inject/Inject optional ()Z 0 0 1 0 -1
ciMethod com/google/inject/internal/Nullability hasNullableAnnotation ([Ljava/lang/annotation/Annotation;)Z 512 242 2354 0 0
ciMethod com/google/inject/spi/InjectionPoint$OverrideIndex <init> (Lcom/google/inject/spi/InjectionPoint$InjectableMembers;)V 2 0 11 0 0
ciMethod com/google/inject/spi/InjectionPoint$OverrideIndex removeIfOverriddenBy (Ljava/lang/reflect/Method;ZLcom/google/inject/spi/InjectionPoint$InjectableMethod;)Z 12 0 36 0 0
ciMethod com/google/inject/spi/InjectionPoint$OverrideIndex add (Lcom/google/inject/spi/InjectionPoint$InjectableMethod;)V 2 0 11 0 0
ciMethod com/google/inject/internal/KotlinSupport getInstance ()Lcom/google/inject/internal/KotlinSupportInterface; 512 0 3035 0 88
ciMethod com/google/inject/internal/KotlinSupportInterface getAnnotations (Ljava/lang/reflect/Field;)[Ljava/lang/annotation/Annotation; 0 0 1 0 -1
ciMethod com/google/inject/internal/KotlinSupportInterface isNullable (Ljava/lang/reflect/Field;)Z 0 0 1 0 -1
ciMethod com/google/inject/internal/KotlinSupportInterface getIsParameterKotlinNullablePredicate (Ljava/lang/reflect/Method;)Ljava/util/function/Predicate; 0 0 1 0 -1
ciMethod com/google/inject/internal/KotlinSupport$KotlinUnsupported getAnnotations (Ljava/lang/reflect/Field;)[Ljava/lang/annotation/Annotation; 514 0 617 0 0
ciMethod com/google/inject/internal/KotlinSupport$KotlinUnsupported isNullable (Ljava/lang/reflect/Field;)Z 256 0 480 0 0
ciMethod com/google/inject/internal/KotlinSupport$KotlinUnsupported getIsParameterKotlinNullablePredicate (Ljava/lang/reflect/Method;)Ljava/util/function/Predicate; 28 0 11 0 0
ciMethod com/google/inject/internal/KotlinSupport$KotlinUnsupported lambda$static$0 (Ljava/lang/Integer;)Z 256 0 426 0 -1
ciMethod  @bci com/google/inject/internal/KotlinSupport$KotlinUnsupported <clinit> ()V 7 <appendix> argL0 ; test (Ljava/lang/Object;)Z 518 0 563 0 0
ciMethod com/google/inject/Key$AnnotationInstanceStrategy <init> (Ljava/lang/annotation/Annotation;)V 514 0 374 0 -1
ciMethodData com/google/inject/spi/InjectionPoint getAtInject (Ljava/lang/reflect/AnnotatedElement;)Ljava/lang/annotation/Annotation; 2 14338 orig 80 0 0 0 0 0 0 0 0 0 0 0 0 74 2 0 0 0 0 0 0 0 0 0 0 0 0 0 0 0 0 0 0 0 0 0 0 0 0 0 0 0 0 0 0 0 0 0 0 0 0 0 0 0 0 0 0 0 0 0 0 0 0 0 0 0 0 0 0 0 0 0 0 0 0 0 0 0 0 0 0 data 30 0x30005 0x0 0x0 0x24a5d1b6818 0xf7c 0x24a5d1b6938 0x2886 0xa0007 0x237 0x70 0x35cb 0x100005 0x0 0x0 0x24a5d1b6938 0x2882 0x24a5d1b6818 0xd49 0x150003 0x35cb 0x18 0x0 0x0 0x0 0x0 0x0 0x0 0x9 0x1 0x0 oops 4 3 java/lang/reflect/Field 5 java/lang/reflect/Method 14 java/lang/reflect/Method 16 java/lang/reflect/Field methods 0
ciMethodData com/google/inject/spi/InjectionPoint isEligibleForInjection (Ljava/lang/reflect/Method;Z)Z 2 11854 orig 80 0 0 0 0 0 0 0 0 0 0 0 0 74 2 0 0 0 0 0 0 0 0 0 0 0 0 0 0 0 0 0 0 0 0 0 0 0 0 0 0 0 0 0 0 0 0 0 0 0 0 0 0 0 0 0 0 0 0 0 0 0 0 0 0 0 0 0 0 0 0 0 0 0 0 0 0 0 0 0 0 data 48 0x10005 0x2e4e 0x0 0x0 0x0 0x0 0x0 0x40002 0x2e4e 0x80007 0x3a2 0xe8 0x2aac 0xc0005 0x2aac 0x0 0x0 0x0 0x0 0x0 0xf0007 0x92 0x90 0x2a1a 0x130005 0x2a1a 0x0 0x0 0x0 0x0 0x0 0x160007 0x8c 0x38 0x298e 0x1a0003 0x298e 0x18 0x0 0x0 0x0 0x0 0x0 0x0 0x9 0x2 0x0 0x0 oops 0 methods 0
ciMethodData com/google/inject/TypeLiteral <init> (Ljava/lang/reflect/Type;)V 2 13046 orig 80 1 0 0 0 0 0 0 0 0 0 0 0 74 2 0 0 0 0 0 0 0 0 0 0 0 0 0 0 0 0 0 0 0 0 0 0 0 0 0 0 0 0 0 0 0 0 0 0 0 0 0 0 0 0 0 0 0 0 0 0 0 0 0 0 0 0 0 0 0 0 0 0 0 0 0 0 0 0 0 0 data 32 0x10002 0x32f6 0x80002 0x32f6 0xb0004 0x0 0x0 0x24a5d1b4f18 0x31e5 0x24a66f3a2a0 0x10d 0xe0002 0x32f6 0x190002 0x32f8 0x240005 0x0 0x0 0x24a5d1b4f18 0x31e5 0x24a65326db0 0x113 0x0 0x0 0x0 0x0 0x0 0x0 0x9 0x2 0xe 0x0 oops 4 7 java/lang/Class 9 sun/reflect/generics/reflectiveObjects/ParameterizedTypeImpl 18 java/lang/Class 20 com/google/inject/internal/MoreTypes$ParameterizedTypeImpl methods 0
ciMethodData com/google/inject/TypeLiteral resolveType (Ljava/lang/reflect/Type;)Ljava/lang/reflect/Type; 2 3380 orig 80 0 0 0 0 0 0 0 0 0 0 0 0 74 2 0 0 0 0 0 0 0 0 0 0 0 0 0 0 0 0 0 0 0 0 0 0 0 0 0 0 0 0 0 0 0 0 0 0 0 0 0 0 0 0 0 0 0 0 0 0 0 0 0 0 0 0 0 0 0 0 0 0 0 0 0 0 0 0 0 0 data 253 0x10104 0xfffffffffffff5ba 0x0 0x24a66f3a2a0 0xd 0x24a66f3a350 0x150 0x40007 0xbe3 0xa0 0x150 0x80004 0x0 0x0 0x24a66f3a350 0x150 0x0 0x0 0x150002 0x150 0x1b0007 0x0 0x20 0x150 0x200003 0x0 0xffffffffffffff40 0x240104 0xfffffffffffff5ba 0x0 0x24a66f3a2a0 0xd 0x24a5d1b4f18 0x1a 0x270007 0xbe3 0x110 0x0 0x2b0004 0x0 0x0 0x0 0x0 0x0 0x0 0x300005 0x0 0x0 0x0 0x0 0x0 0x0 0x380005 0x0 0x0 0x0 0x0 0x0 0x0 0x400007 0x0 0x38 0x0 0x440003 0x0 0x28 0x490002 0x0 0x4e0104 0xfffffffffffff757 0x0 0x24a66f3a2a0 0x19d 0x24a5d1b4f18 0x1a 0x510007 0xa46 0x310 0x19d 0x550004 0x0 0x0 0x24a66f3a2a0 0x19d 0x0 0x0 0x5a0005 0x0 0x0 0x24a66f3a2a0 0x19d 0x0 0x0 0x620005 0x0 0x0 0x24a655e7728 0x19d 0x0 0x0 0x6a0007 0x19d 0x38 0x0 0x6e0003 0x0 0x18 0x750005 0x0 0x0 0x24a66f3a2a0 0x19d 0x0 0x0 0x880007 0x19d 0x158 0x1b6 0x910005 0x0 0x0 0x24a655e7728 0x1b6 0x0 0x0 0x9d0007 0x1b6 0xe8 0x0 0xa20007 0x0 0x90 0x0 0xa70005 0x0 0x0 0x0 0x0 0x0 0x0 0xaa0004 0x0 0x0 0x0 0x0 0x0 0x0 0xb80004 0x0 0x0 0x0 0x0 0x0 0x0 0xbc0003 0x1b6 0xfffffffffffffec0 0xc10007 0x19d 0x80 0x0 0xc70005 0x0 0x0 0x0 0x0 0x0 0x0 0xce0002 0x0 0xd10003 0x0 0x18 0xd70104 0xfffffffffffff757 0x0 0x24a5d1b4f18 0x1a 0x0 0x0 0xda0007 0xa46 0x1f0 0x0 0xde0004 0x0 0x0 0x0 0x0 0x0 0x0 0xe30005 0x0 0x0 0x0 0x0 0x0 0x0 0xea0005 0x0 0x0 0x0 0x0 0x0 0x0 0xf40007 0x0 0xa0 0x0 0xfb0005 0x0 0x0 0x0 0x0 0x0 0x0 0x1050007 0x0 0x30 0x0 0x10a0002 0x0 0x10e0003 0x0 0xa0 0x1150007 0x0 0x88 0x0 0x11d0005 0x0 0x0 0x0 0x0 0x0 0x0 0x1280007 0x0 0x30 0x0 0x12d0002 0x0 0x0 0x0 0x0 0x0 0x0 0x0 0x0 0x9 0x2 0x0 0x0 oops 13 3 sun/reflect/generics/reflectiveObjects/ParameterizedTypeImpl 5 sun/reflect/generics/reflectiveObjects/TypeVariableImpl 14 sun/reflect/generics/reflectiveObjects/TypeVariableImpl 30 sun/reflect/generics/reflectiveObjects/ParameterizedTypeImpl 32 java/lang/Class 71 sun/reflect/generics/reflectiveObjects/ParameterizedTypeImpl 73 java/lang/Class 82 sun/reflect/generics/reflectiveObjects/ParameterizedTypeImpl 89 sun/reflect/generics/reflectiveObjects/ParameterizedTypeImpl 96 com/google/inject/TypeLiteral 110 sun/reflect/generics/reflectiveObjects/ParameterizedTypeImpl 121 com/google/inject/TypeLiteral 176 java/lang/Class methods 0
ciMethodData com/google/inject/internal/MoreTypes resolveTypeVariable (Ljava/lang/reflect/Type;Ljava/lang/Class;Ljava/lang/reflect/TypeVariable;)Ljava/lang/reflect/Type; 1 336 orig 80 0 0 0 0 0 0 0 0 0 0 0 0 74 2 0 0 0 0 0 0 0 0 0 0 0 0 0 0 0 0 0 0 0 0 0 0 0 0 0 0 0 0 0 0 0 0 0 0 0 0 0 0 0 0 0 0 0 0 0 0 0 0 0 0 0 0 0 0 0 0 0 0 0 0 0 0 0 0 0 0 data 48 0x10002 0x150 0x60007 0x150 0x20 0x0 0xe0002 0x150 0x150004 0xfffffffffffffeb0 0x0 0x24a5d1b4f18 0x82 0x0 0x0 0x180007 0x150 0xb0 0x0 0x1c0005 0x0 0x0 0x0 0x0 0x0 0x0 0x200002 0x0 0x270004 0x0 0x0 0x0 0x0 0x0 0x0 0x2a0002 0x0 0x0 0x0 0x0 0x0 0x0 0x0 0x9 0x3 0x0 0xffffffffffffffff 0xffffffffffffffff oops 1 11 java/lang/Class methods 0
ciMethodData com/google/inject/TypeLiteral resolve (Ljava/lang/reflect/Type;)Lcom/google/inject/TypeLiteral; 2 2503 orig 80 0 0 0 0 0 0 0 0 0 0 0 0 74 2 0 0 0 0 0 0 0 0 0 0 0 0 0 0 0 0 0 0 0 0 0 0 0 0 0 0 0 0 0 0 0 0 0 0 0 0 0 0 0 0 0 0 0 0 0 0 0 0 0 0 0 0 0 0 0 0 0 0 0 0 0 0 0 0 0 0 data 19 0x20005 0x0 0x0 0x24a655e7728 0x9c7 0x0 0x0 0x50002 0x9c7 0x0 0x0 0x0 0x0 0x0 0x0 0x9 0x2 0xffffffffffffffff 0xffffffffffffffff oops 1 3 com/google/inject/TypeLiteral methods 0
ciMethodData com/google/inject/TypeLiteral get (Ljava/lang/reflect/Type;)Lcom/google/inject/TypeLiteral; 2 3909 orig 80 0 0 0 0 0 0 0 0 0 0 0 0 74 2 0 0 0 0 0 0 0 0 0 0 0 0 0 0 0 0 0 0 0 0 0 0 0 0 0 0 0 0 0 0 0 0 0 0 0 0 0 0 0 0 0 0 0 0 0 0 0 0 0 0 0 0 0 0 0 0 0 0 0 0 0 0 0 0 0 0 data 8 0x50002 0xf45 0x0 0x0 0x0 0x9 0x1 0x0 oops 0 methods 0
ciMethodData com/google/inject/internal/MoreTypes getGenericSupertype (Ljava/lang/reflect/Type;Ljava/lang/Class;Ljava/lang/Class;)Ljava/lang/reflect/Type; 2 1972 orig 80 0 0 0 0 0 0 0 0 0 0 0 0 74 2 0 0 0 0 0 0 0 0 0 0 0 0 0 0 0 0 0 0 0 0 0 0 0 0 0 0 0 0 0 0 0 0 0 0 0 0 0 0 0 0 0 0 0 0 0 0 0 0 0 0 0 0 0 0 0 0 0 0 0 0 0 0 0 0 0 0 data 127 0x20007 0x672 0x20 0x142 0x80005 0x672 0x0 0x0 0x0 0x0 0x0 0xb0007 0x65c 0x188 0x16 0xf0005 0x16 0x0 0x0 0x0 0x0 0x0 0x1e0007 0x0 0x130 0x16 0x260007 0x0 0x58 0x16 0x2a0005 0x16 0x0 0x0 0x0 0x0 0x0 0x360005 0x0 0x0 0x0 0x0 0x0 0x0 0x390007 0x0 0x68 0x0 0x3d0005 0x0 0x0 0x0 0x0 0x0 0x0 0x480002 0x0 0x4f0003 0x0 0xfffffffffffffee8 0x530005 0x65c 0x0 0x0 0x0 0x0 0x0 0x560007 0x0 0x188 0x65c 0x5c0007 0x0 0x168 0x65c 0x600005 0x65c 0x0 0x0 0x0 0x0 0x0 0x660007 0x0 0x58 0x65c 0x6a0005 0x65c 0x0 0x0 0x0 0x0 0x0 0x700005 0x0 0x0 0x0 0x0 0x0 0x0 0x730007 0x0 0x68 0x0 0x770005 0x0 0x0 0x0 0x0 0x0 0x0 0x7c0002 0x0 0x820003 0x0 0xfffffffffffffeb0 0x0 0x0 0x0 0x0 0x0 0x0 0x9 0x3 0x0 0xffffffffffffffff 0xffffffffffffffff oops 0 methods 0
ciMethodData com/google/inject/internal/MoreTypes canonicalizeForKey (Lcom/google/inject/TypeLiteral;)Lcom/google/inject/TypeLiteral; 2 2514 orig 80 0 0 0 0 0 0 0 0 0 0 0 0 74 2 0 0 0 0 0 0 0 0 0 0 0 0 0 0 0 0 0 0 0 0 0 0 0 0 0 0 0 0 0 0 0 0 0 0 0 0 0 0 0 0 0 0 0 0 0 0 0 0 0 0 0 0 0 0 0 0 0 0 0 0 0 0 0 0 0 0 data 102 0x10005 0x9d2 0x0 0x0 0x0 0x0 0x0 0x60002 0x9d2 0x90007 0x9d2 0xb0 0x0 0x100002 0x0 0x140005 0x0 0x0 0x0 0x0 0x0 0x0 0x1d0005 0x0 0x0 0x0 0x0 0x0 0x0 0x200002 0x0 0x250005 0x9d2 0x0 0x0 0x0 0x0 0x0 0x2a0007 0x9ca 0x88 0x8 0x2e0004 0x0 0x0 0x24a65326db0 0x8 0x0 0x0 0x330002 0x8 0x380002 0x0 0x3b0002 0x8 0x450005 0x9c9 0x0 0x24a65fa6bb0 0x1 0x0 0x0 0x480104 0x0 0x0 0x0 0x0 0x0 0x0 0x4d0007 0x9ca 0x20 0x0 0x530005 0x9ca 0x0 0x0 0x0 0x0 0x0 0x580007 0x0 0x20 0x9ca 0x5e0005 0x0 0x0 0x0 0x0 0x0 0x0 0x610002 0x0 0x0 0x0 0x0 0x0 0x0 0x0 0x9 0x1 0xffffffffffffffff oops 2 45 com/google/inject/internal/MoreTypes$ParameterizedTypeImpl 58 com/google/common/collect/RegularImmutableMap methods 0
ciMethodData com/google/inject/internal/Errors getMessages ()Ljava/util/List; 1 0 orig 80 0 0 0 0 0 0 0 0 0 0 0 0 74 2 0 0 0 0 0 0 0 0 0 0 0 0 0 0 0 0 0 0 0 0 0 0 0 0 0 0 0 0 0 0 0 0 0 0 0 0 0 0 0 0 0 0 0 0 0 0 0 0 0 0 0 0 0 0 0 0 0 0 0 0 0 0 0 0 0 0 data 24 0x70007 0x0 0x30 0x0 0xa0002 0x0 0x130002 0x0 0x1d0005 0x0 0x0 0x0 0x0 0x0 0x0 0x0 0x0 0x0 0x0 0x0 0x0 0x9 0x1 0xffffffffffffffff oops 0 methods 0
ciMethodData com/google/common/collect/Ordering <init> ()V 2 3848 orig 80 0 0 0 0 0 0 0 0 0 0 0 0 74 2 0 0 0 0 0 0 0 0 0 0 0 0 0 0 0 0 0 0 0 0 0 0 0 0 0 0 0 0 0 0 0 0 0 0 0 0 0 0 0 0 0 0 0 0 0 0 0 0 0 0 0 0 0 0 0 0 0 0 0 0 0 0 0 0 0 0 data 7 0x10002 0xf08 0x0 0x0 0x9 0x1 0x0 oops 0 methods 0
ciMethodData com/google/common/collect/RegularImmutableMap get (Ljava/lang/Object;)Ljava/lang/Object; 2 2506 orig 80 0 0 0 0 0 0 0 0 0 0 0 0 74 2 0 0 0 0 0 0 0 0 0 0 0 0 0 0 0 0 0 0 0 0 0 0 0 0 0 0 0 0 0 0 0 0 0 0 0 0 0 0 0 0 0 0 0 0 0 0 0 0 0 0 0 0 0 0 0 0 0 0 0 0 0 0 0 0 0 0 data 12 0x90002 0x9ca 0x0 0x0 0x0 0x0 0x0 0x0 0x9 0x2 0x0 0xffffffffffffffff oops 0 methods 0
ciMethodData com/google/common/collect/RegularImmutableMap get (Ljava/lang/Object;[Lcom/google/common/collect/ImmutableMapEntry;I)Ljava/lang/Object; 2 2506 orig 80 0 0 0 0 0 0 0 0 0 0 0 0 74 2 0 0 0 0 0 0 0 0 0 0 0 0 0 0 0 0 0 0 0 0 0 0 0 0 0 0 0 0 0 0 0 0 0 0 0 0 0 0 0 0 0 0 0 0 0 0 0 0 0 0 0 0 0 0 0 0 0 0 0 0 0 0 0 0 0 0 data 67 0x10007 0x0 0x40 0x9ca 0x50007 0x9ca 0x20 0x0 0xb0005 0x0 0x0 0x24a655e7728 0x9ca 0x0 0x0 0xe0002 0x9ca 0x1b0007 0x9ca 0x138 0xa99 0x200005 0xa99 0x0 0x0 0x0 0x0 0x0 0x280005 0x0 0x0 0x24a655e7728 0xa99 0x0 0x0 0x2b0007 0xa99 0x58 0x0 0x300005 0x0 0x0 0x0 0x0 0x0 0x0 0x360005 0x0 0x0 0x24a65fa8408 0x9ca 0x24a65fa8a90 0xcf 0x3b0003 0xa99 0xfffffffffffffee0 0x0 0x0 0x0 0x0 0x0 0x0 0x9 0x3 0xffffffffffffffff 0x0 0x0 oops 4 11 com/google/inject/TypeLiteral 31 com/google/inject/TypeLiteral 49 com/google/common/collect/ImmutableMapEntry 51 com/google/common/collect/ImmutableMapEntry$NonTerminalImmutableMapEntry methods 0
ciMethodData com/google/inject/Key computeHashCode ()I 2 2392 orig 80 0 0 0 0 0 0 0 0 0 0 0 0 74 2 0 0 0 0 0 0 0 0 0 0 0 0 0 0 0 0 0 0 0 0 0 0 0 0 0 0 0 0 0 0 0 0 0 0 0 0 0 0 0 0 0 0 0 0 0 0 0 0 0 0 0 0 0 0 0 0 0 0 0 0 0 0 0 0 0 0 data 23 0x40005 0x958 0x0 0x0 0x0 0x0 0x0 0xe0005 0x9c 0x0 0x24a65325c78 0x12f 0x24a65faa838 0x78d 0x0 0x0 0x0 0x0 0x0 0x0 0x9 0x1 0x0 oops 2 10 com/google/inject/Key$AnnotationInstanceStrategy 12 com/google/inject/Key$NullAnnotationStrategy methods 0
ciMethodData com/google/inject/Key <init> (Lcom/google/inject/TypeLiteral;Lcom/google/inject/Key$AnnotationStrategy;)V 2 1535 orig 80 0 0 0 0 0 0 0 0 0 0 0 0 74 2 0 0 0 0 0 0 0 0 0 0 0 0 0 0 0 0 0 0 0 0 0 0 0 0 0 0 0 0 0 0 0 0 0 0 0 0 0 0 0 0 0 0 0 0 0 0 0 0 0 0 0 0 0 0 0 0 0 0 0 0 0 0 0 0 0 0 data 17 0x10002 0x5ff 0xb0002 0x5ff 0x130002 0x5ff 0x0 0x0 0x0 0x0 0x0 0x0 0x9 0x3 0xe 0xffffffffffffffff 0x0 oops 0 methods 0
ciMethodData com/google/common/collect/Ordering from (Ljava/util/Comparator;)Lcom/google/common/collect/Ordering; 2 1872 orig 80 0 0 0 0 0 0 0 0 0 0 0 0 74 2 0 0 0 0 0 0 0 0 0 0 0 0 0 0 0 0 0 0 0 0 0 0 0 0 0 0 0 0 0 0 0 0 0 0 0 0 0 0 0 0 0 0 0 0 0 0 0 0 0 0 0 0 0 0 0 0 0 0 0 0 0 0 0 0 0 0 data 32 0x10004 0xfffffffffffff8b0 0x0 0x0 0x0 0x0 0x0 0x40007 0x750 0x70 0x0 0x80004 0x0 0x0 0x0 0x0 0x0 0x0 0xb0003 0x0 0x28 0x130002 0x750 0x0 0x0 0x0 0x0 0x0 0x0 0x9 0x1 0x0 oops 0 methods 0
ciMethodData com/google/common/collect/ComparatorOrdering <init> (Ljava/util/Comparator;)V 2 1873 orig 80 0 0 0 0 0 0 0 0 0 0 0 0 74 2 0 0 0 0 0 0 0 0 0 0 0 0 0 0 0 0 0 0 0 0 0 0 0 0 0 0 0 0 0 0 0 0 0 0 0 0 0 0 0 0 0 0 0 0 0 0 0 0 0 0 0 0 0 0 0 0 0 0 0 0 0 0 0 0 0 0 data 21 0x10002 0x751 0x60002 0x751 0x90004 0x0 0x0 0x24a661ad1d8 0x751 0x0 0x0 0x0 0x0 0x0 0x0 0x0 0x0 0x9 0x2 0x6 0x0 oops 1 7  @bci java/util/Comparator comparing (Ljava/util/function/Function;)Ljava/util/Comparator; 6 <appendix> member <vmtarget> ; methods 0
ciMethodData com/google/common/collect/Ordering lexicographical ()Lcom/google/common/collect/Ordering; 2 1874 orig 80 0 0 0 0 0 0 0 0 0 0 0 0 74 2 0 0 0 0 0 0 0 0 0 0 0 0 0 0 0 0 0 0 0 0 0 0 0 0 0 0 0 0 0 0 0 0 0 0 0 0 0 0 0 0 0 0 0 0 0 0 0 0 0 0 0 0 0 0 0 0 0 0 0 0 0 0 0 0 0 0 data 8 0x50002 0x752 0x0 0x0 0x0 0x9 0x1 0x0 oops 0 methods 0
ciMethodData com/google/common/collect/LexicographicalOrdering <init> (Ljava/util/Comparator;)V 2 1874 orig 80 0 0 0 0 0 0 0 0 0 0 0 0 74 2 0 0 0 0 0 0 0 0 0 0 0 0 0 0 0 0 0 0 0 0 0 0 0 0 0 0 0 0 0 0 0 0 0 0 0 0 0 0 0 0 0 0 0 0 0 0 0 0 0 0 0 0 0 0 0 0 0 0 0 0 0 0 0 0 0 0 data 10 0x10002 0x752 0x0 0x0 0x0 0x0 0x9 0x2 0x6 0x0 oops 0 methods 0
ciMethodData com/google/common/collect/ImmutableSet builder ()Lcom/google/common/collect/ImmutableSet$Builder; 1 408 orig 80 0 0 0 0 0 0 0 0 0 0 0 0 74 2 0 0 0 0 0 0 0 0 0 0 0 0 0 0 0 0 0 0 0 0 0 0 0 0 0 0 0 0 0 0 0 0 0 0 0 0 0 0 0 0 0 0 0 0 0 0 0 0 0 0 0 0 0 0 0 0 0 0 0 0 0 0 0 0 0 0 data 6 0x40002 0x198 0x0 0x0 0x9 0x0 oops 0 methods 0
ciMethodData com/google/common/collect/ImmutableSet$Builder <init> ()V 1 408 orig 80 0 0 0 0 0 0 0 0 0 0 0 0 74 2 0 0 0 0 0 0 0 0 0 0 0 0 0 0 0 0 0 0 0 0 0 0 0 0 0 0 0 0 0 0 0 0 0 0 0 0 0 0 0 0 0 0 0 0 0 0 0 0 0 0 0 0 0 0 0 0 0 0 0 0 0 0 0 0 0 0 data 7 0x20002 0x198 0x0 0x0 0x9 0x1 0x0 oops 0 methods 0
ciMethodData com/google/common/collect/ImmutableSet$Builder <init> (I)V 1 408 orig 80 0 0 0 0 0 0 0 0 0 0 0 0 74 2 0 0 0 0 0 0 0 0 0 0 0 0 0 0 0 0 0 0 0 0 0 0 0 0 0 0 0 0 0 0 0 0 0 0 0 0 0 0 0 0 0 0 0 0 0 0 0 0 0 0 0 0 0 0 0 0 0 0 0 0 0 0 0 0 0 0 data 23 0x10002 0x198 0x50007 0x198 0x48 0x0 0xe0002 0x0 0x140003 0x0 0x28 0x180002 0x198 0x0 0x0 0x0 0x0 0x0 0x0 0x9 0x2 0x0 0x0 oops 0 methods 0
ciMethodData com/google/common/collect/ImmutableSet$Builder add (Ljava/lang/Object;)Lcom/google/common/collect/ImmutableSet$Builder; 1 635 orig 80 0 0 0 0 0 0 0 0 0 0 0 0 74 2 0 0 0 0 0 0 0 0 0 0 0 0 0 0 0 0 0 0 0 0 0 0 0 0 0 0 0 0 0 0 0 0 0 0 0 0 0 0 0 0 0 0 0 0 0 0 0 0 0 0 0 0 0 0 0 0 0 0 0 0 0 0 0 0 0 0 data 28 0x40002 0x27b 0x90002 0x27b 0xe0005 0x27b 0x0 0x0 0x0 0x0 0x0 0x170005 0x0 0x0 0x24a689ea298 0x19d 0x24a689ea8f0 0xde 0x0 0x0 0x0 0x0 0x0 0x0 0x9 0x2 0x0 0x0 oops 2 14 com/google/common/collect/ImmutableSet$EmptySetBuilderImpl 16 com/google/common/collect/ImmutableSet$RegularSetBuilderImpl methods 0
ciMethodData com/google/common/collect/ImmutableSet$Builder copyIfNecessary ()V 1 635 orig 80 0 0 0 0 0 0 0 0 0 0 0 0 74 2 0 0 0 0 0 0 0 0 0 0 0 0 0 0 0 0 0 0 0 0 0 0 0 0 0 0 0 0 0 0 0 0 0 0 0 0 0 0 0 0 0 0 0 0 0 0 0 0 0 0 0 0 0 0 0 0 0 0 0 0 0 0 0 0 0 0 data 20 0x40007 0x27b 0x58 0x0 0x80005 0x0 0x0 0x0 0x0 0x0 0x0 0x0 0x0 0x0 0x0 0x0 0x0 0x9 0x1 0x0 oops 0 methods 0
ciMethodData com/google/common/collect/ImmutableSet$Builder copy ()V 1 0 orig 80 0 0 0 0 0 0 0 0 0 0 0 0 74 2 0 0 0 0 0 0 0 0 0 0 0 0 0 0 0 0 0 0 0 0 0 0 0 0 0 0 0 0 0 0 0 0 0 0 0 0 0 0 0 0 0 0 0 0 0 0 0 0 0 0 0 0 0 0 0 0 0 0 0 0 0 0 0 0 0 0 data 18 0x40002 0x0 0xd0005 0x0 0x0 0x0 0x0 0x0 0x0 0x0 0x0 0x0 0x0 0x0 0x0 0x9 0x1 0x4 oops 0 methods 0
ciMethodData com/google/common/collect/ImmutableSet$Builder build ()Lcom/google/common/collect/ImmutableSet; 1 413 orig 80 0 0 0 0 0 0 0 0 0 0 0 0 74 2 0 0 0 0 0 0 0 0 0 0 0 0 0 0 0 0 0 0 0 0 0 0 0 0 0 0 0 0 0 0 0 0 0 0 0 0 0 0 0 0 0 0 0 0 0 0 0 0 0 0 0 0 0 0 0 0 0 0 0 0 0 0 0 0 0 0 data 25 0x40002 0x19d 0x120005 0x0 0x0 0x24a689ea8f0 0x19d 0x0 0x0 0x1c0005 0x0 0x0 0x24a689ea8f0 0x19d 0x0 0x0 0x0 0x0 0x0 0x0 0x0 0x0 0x9 0x1 0x6 oops 2 5 com/google/common/collect/ImmutableSet$RegularSetBuilderImpl 12 com/google/common/collect/ImmutableSet$RegularSetBuilderImpl methods 0
ciMethodData com/google/inject/internal/DeclaredMembers getDeclaredMethods (Ljava/lang/Class;)[Ljava/lang/reflect/Method; 2 1862 orig 80 0 0 0 0 0 0 0 0 0 0 0 0 74 2 0 0 0 0 0 0 0 0 0 0 0 0 0 0 0 0 0 0 0 0 0 0 0 0 0 0 0 0 0 0 0 0 0 0 0 0 0 0 0 0 0 0 0 0 0 0 0 0 0 0 0 0 0 0 0 0 0 0 0 0 0 0 0 0 0 0 data 92 0x10005 0x746 0x0 0x0 0x0 0x0 0x0 0x40002 0x746 0x7000a 0x746 0x1 0x24a662f88c0 0xc0002 0x746 0xf000a 0x746 0x1 0x24a662f8970 0x14000a 0x746 0x1 0x24a662f8a20 0x190002 0x746 0x1c0005 0x0 0x0 0x24a661ad1d8 0x746 0x0 0x0 0x21000a 0x746 0x1 0x24a662f8ad0 0x26000a 0x746 0x1 0x24a662f8b80 0x2b0002 0x746 0x2e0002 0x746 0x310005 0x0 0x0 0x24a662f8c30 0x746 0x0 0x0 0x340005 0x0 0x0 0x24a64abad68 0x746 0x0 0x0 0x390005 0x0 0x0 0x24a661ad288 0x746 0x0 0x0 0x3e000a 0x746 0x1 0x24a6541da10 0x430005 0x0 0x0 0x24a661ad3e8 0x746 0x0 0x0 0x480004 0x0 0x0 0x24a687cde18 0x746 0x0 0x0 0x0 0x0 0x0 0x0 0x0 0x0 0x9 0x1 0x0 oops 12 12  @bci com/google/inject/internal/DeclaredMembers getDeclaredMethods (Ljava/lang/Class;)[Ljava/lang/reflect/Method; 7 <appendix> argL0 ; 18  @bci com/google/inject/internal/DeclaredMembers getDeclaredMethods (Ljava/lang/Class;)[Ljava/lang/reflect/Method; 15 <appendix> argL0 ; 22  @bci com/google/inject/internal/DeclaredMembers getDeclaredMethods (Ljava/lang/Class;)[Ljava/lang/reflect/Method; 20 <appendix> argL0 ; 28  @bci java/util/Comparator comparing (Ljava/util/function/Function;)Ljava/util/Comparator; 6 <appendix> member <vmtarget> ; 35  @bci com/google/inject/internal/DeclaredMembers getDeclaredMethods (Ljava/lang/Class;)[Ljava/lang/reflect/Method; 33 <appendix> argL0 ; 39  @bci com/google/inject/internal/DeclaredMembers getDeclaredMethods (Ljava/lang/Class;)[Ljava/lang/reflect/Method; 38 <appendix> argL0 ; 47 com/google/common/collect/ComparatorOrdering 54  @bci java/util/Comparator thenComparing (Ljava/util/Comparator;)Ljava/util/Comparator; 7 <appendix> member <vmtarget> ; 61 java/util/stream/ReferencePipeline$Head 68  @bci com/google/inject/internal/DeclaredMembers getDeclaredMethods (Ljava/lang/Class;)[Ljava/lang/reflect/Method; 62 <appendix> argL0 ; 72 java/util/stream/SortedOps$OfRef 79 [Ljava/lang/reflect/Method; methods 0
ciMethodData  @bci com/google/inject/internal/DeclaredMembers getDeclaredMethods (Ljava/lang/Class;)[Ljava/lang/reflect/Method; 62 <appendix> argL0 ; apply (I)Ljava/lang/Object; 2 1910 orig 80 0 0 0 0 0 0 0 0 0 0 0 0 74 2 0 0 0 0 0 0 0 0 0 0 0 0 0 0 0 0 0 0 0 0 0 0 0 0 0 0 0 0 0 0 0 0 0 0 0 0 0 0 0 0 0 0 0 0 0 0 0 0 0 0 0 0 0 0 0 0 0 0 0 0 0 0 0 0 0 0 data 12 0x10002 0x776 0x0 0x0 0x0 0x0 0x0 0x0 0x9 0x2 0x0 0x0 oops 0 methods 0
ciMethodData com/google/inject/internal/DeclaredMembers lambda$getDeclaredMethods$2 (I)[Ljava/lang/reflect/Method; 2 1910 orig 80 0 0 0 0 0 0 0 0 0 0 0 0 74 2 0 0 0 0 0 0 0 0 0 0 0 0 0 0 0 0 0 0 0 0 0 0 0 0 0 0 0 0 0 0 0 0 0 0 0 0 0 0 0 0 0 0 0 0 0 0 0 0 0 0 0 0 0 0 0 0 0 0 0 0 0 0 0 0 0 0 data 5 0x0 0x0 0x9 0x1 0x0 oops 0 methods 0
ciMethodData com/google/inject/spi/InjectionPoint getInjectionPoints (Lcom/google/inject/TypeLiteral;ZLcom/google/inject/internal/Errors;)Ljava/util/Set; 2 1027 orig 80 0 0 0 0 0 0 0 0 0 0 0 0 74 2 0 0 0 0 0 0 0 0 0 0 0 0 0 0 0 0 0 0 0 0 0 0 0 0 0 0 0 0 0 0 0 0 0 0 0 0 0 0 0 0 0 0 0 0 0 0 0 0 0 0 0 0 0 0 0 0 0 0 0 0 0 0 0 0 0 0 data 306 0x40002 0x403 0xc0002 0x403 0x130005 0x0 0x0 0x24a5d1b87c8 0x403 0x0 0x0 0x220007 0x403 0x6d8 0x607 0x270007 0x607 0x78 0x0 0x2e0007 0x0 0x58 0x0 0x330007 0x0 0x38 0x0 0x3e0003 0x0 0x18 0x4d0005 0x0 0x0 0x24a5d1b87c8 0x607 0x0 0x0 0x520004 0x0 0x0 0x24a655e7728 0x607 0x0 0x0 0x590002 0x607 0x6a0007 0x607 0x1d8 0xf13 0x760005 0xf13 0x0 0x0 0x0 0x0 0x0 0x790002 0xf13 0x7d0007 0x302 0x158 0xc11 0x820002 0xc11 0x890007 0xa7e 0x128 0x193 0x960002 0x193 0xa00007 0x0 0xc0 0x193 0xa50005 0x193 0x0 0x0 0x0 0x0 0x0 0xa80002 0x193 0xab0007 0x193 0x58 0x0 0xb10005 0x0 0x0 0x0 0x0 0x0 0x0 0xb80005 0x0 0x0 0x24a655e83b8 0x193 0x0 0x0 0xbe0003 0xf13 0xfffffffffffffe40 0xc30002 0x607 0xd40007 0x607 0x3c0 0x240d 0xe10002 0x240d 0xe40007 0x378 0x378 0x2095 0xe90002 0x2095 0xf00007 0x208b 0x298 0xa 0xfd0002 0xa 0x1050002 0xa 0x1080007 0x0 0x50 0xa 0x10e0002 0xa 0x1110007 0xa 0xe8 0x0 0x1160007 0x0 0x2b8 0x0 0x1200005 0x0 0x0 0x0 0x0 0x0 0x0 0x1270007 0x0 0x58 0x0 0x1340005 0x0 0x0 0x0 0x0 0x0 0x0 0x1370003 0x0 0x208 0x13b0007 0xa 0x70 0x0 0x1410005 0x0 0x0 0x0 0x0 0x0 0x0 0x1440003 0x0 0xd0 0x1490007 0x0 0x48 0xa 0x1510002 0xa 0x1560003 0xa 0x50 0x1600005 0x0 0x0 0x0 0x0 0x0 0x0 0x1680005 0x0 0x0 0x24a655e8468 0xa 0x0 0x0 0x16b0003 0xa 0xc8 0x1700007 0x206d 0xb0 0x1e 0x1790005 0x0 0x0 0x24a655e8468 0x1e 0x0 0x0 0x1800007 0x1e 0x58 0x0 0x18d0005 0x0 0x0 0x0 0x0 0x0 0x0 0x1930003 0x240d 0xfffffffffffffc58 0x1990003 0x607 0xfffffffffffff940 0x19d0005 0x0 0x0 0x24a655e83b8 0x403 0x0 0x0 0x1a00007 0x155 0x30 0x2ae 0x1a30002 0x2ae 0x1a70002 0x155 0x1b40007 0x155 0x150 0x19d 0x1bb0005 0x0 0x0 0x24a655e8518 0xa 0x24a655e85c8 0x193 0x1be0005 0x0 0x0 0x24a655e8678 0x19d 0x0 0x0 0x1c20003 0x19d 0xa8 0x1cc0007 0x0 0x90 0x0 0x1d20005 0x0 0x0 0x0 0x0 0x0 0x0 0x1d50005 0x0 0x0 0x0 0x0 0x0 0x0 0x1e00003 0x19d 0xfffffffffffffec8 0x1e50005 0x0 0x0 0x24a655e8678 0x155 0x0 0x0 0x0 0x0 0x0 0x0 0x0 0x0 0x0 0x9 0x3 0x0 0x0 0x0 oops 11 7 java/util/ArrayList 33 java/util/ArrayList 40 com/google/inject/TypeLiteral 98 com/google/inject/spi/InjectionPoint$InjectableMembers 195 com/google/inject/spi/InjectionPoint$OverrideIndex 209 com/google/inject/spi/InjectionPoint$OverrideIndex 233 com/google/inject/spi/InjectionPoint$InjectableMembers 252 com/google/inject/spi/InjectionPoint$InjectableMethod 254 com/google/inject/spi/InjectionPoint$InjectableField 259 com/google/common/collect/ImmutableSet$Builder 290 com/google/common/collect/ImmutableSet$Builder methods 0
ciMethodData com/google/inject/spi/InjectionPoint$InjectableMembers <init> ()V 2 1040 orig 80 0 0 0 0 0 0 0 0 0 0 0 0 74 2 0 0 0 0 0 0 0 0 0 0 0 0 0 0 0 0 0 0 0 0 0 0 0 0 0 0 0 0 0 0 0 0 0 0 0 0 0 0 0 0 0 0 0 0 0 0 0 0 0 0 0 0 0 0 0 0 0 0 0 0 0 0 0 0 0 0 data 7 0x10002 0x410 0x0 0x0 0x9 0x1 0x0 oops 0 methods 0
ciMethodData com/google/inject/spi/InjectionPoint hierarchyFor (Lcom/google/inject/TypeLiteral;)Ljava/util/List; 2 1040 orig 80 0 0 0 0 0 0 0 0 0 0 0 0 74 2 0 0 0 0 0 0 0 0 0 0 0 0 0 0 0 0 0 0 0 0 0 0 0 0 0 0 0 0 0 0 0 0 0 0 0 0 0 0 0 0 0 0 0 0 0 0 0 0 0 0 0 0 0 0 0 0 0 0 0 0 0 0 0 0 0 0 data 53 0x40002 0x410 0xb0005 0xa2a 0x0 0x0 0x0 0x0 0x0 0x100007 0x410 0x118 0x61a 0x150005 0x0 0x0 0x24a5d1b87c8 0x61a 0x0 0x0 0x1d0005 0x61a 0x0 0x0 0x0 0x0 0x0 0x200005 0x61a 0x0 0x0 0x0 0x0 0x0 0x230005 0x0 0x0 0x24a655e7728 0x61a 0x0 0x0 0x270003 0x61a 0xfffffffffffffec8 0x0 0x0 0x0 0x0 0x0 0x0 0x9 0x1 0x0 oops 2 16 java/util/ArrayList 37 com/google/inject/TypeLiteral methods 0
ciMethodData com/google/inject/spi/InjectionPoint getDeclaredFields (Lcom/google/inject/TypeLiteral;)[Ljava/lang/reflect/Field; 2 1658 orig 80 0 0 0 0 0 0 0 0 0 0 0 0 74 2 0 0 0 0 0 0 0 0 0 0 0 0 0 0 0 0 0 0 0 0 0 0 0 0 0 0 0 0 0 0 0 0 0 0 0 0 0 0 0 0 0 0 0 0 0 0 0 0 0 0 0 0 0 0 0 0 0 0 0 0 0 0 0 0 0 0 data 18 0x10005 0x67a 0x0 0x0 0x0 0x0 0x0 0x40002 0x67a 0x0 0x0 0x0 0x0 0x0 0x0 0x9 0x1 0x0 oops 0 methods 0
ciMethodData com/google/inject/internal/DeclaredMembers getDeclaredFields (Ljava/lang/Class;)[Ljava/lang/reflect/Field; 2 1658 orig 80 0 0 0 0 0 0 0 0 0 0 0 0 74 2 0 0 0 0 0 0 0 0 0 0 0 0 0 0 0 0 0 0 0 0 0 0 0 0 0 0 0 0 0 0 0 0 0 0 0 0 0 0 0 0 0 0 0 0 0 0 0 0 0 0 0 0 0 0 0 0 0 0 0 0 0 0 0 0 0 0 data 66 0x10005 0x67a 0x0 0x0 0x0 0x0 0x0 0x40002 0x67a 0x7000a 0x67a 0x1 0x24a661acfc8 0xc0002 0x67a 0xf000a 0x67a 0x1 0x24a661ad078 0x14000a 0x67a 0x1 0x24a661ad128 0x190002 0x67a 0x1c0005 0x0 0x0 0x24a661ad1d8 0x67a 0x0 0x0 0x210005 0x0 0x0 0x24a661ad288 0x67a 0x0 0x0 0x26000a 0x67a 0x1 0x24a661ad338 0x2b0005 0x0 0x0 0x24a661ad3e8 0x67a 0x0 0x0 0x300004 0x0 0x0 0x24a687cd658 0x67a 0x0 0x0 0x0 0x0 0x0 0x0 0x0 0x0 0x9 0x1 0x0 oops 8 12  @bci com/google/inject/internal/DeclaredMembers getDeclaredFields (Ljava/lang/Class;)[Ljava/lang/reflect/Field; 7 <appendix> argL0 ; 18  @bci com/google/inject/internal/DeclaredMembers getDeclaredFields (Ljava/lang/Class;)[Ljava/lang/reflect/Field; 15 <appendix> argL0 ; 22  @bci com/google/inject/internal/DeclaredMembers getDeclaredFields (Ljava/lang/Class;)[Ljava/lang/reflect/Field; 20 <appendix> argL0 ; 28  @bci java/util/Comparator comparing (Ljava/util/function/Function;)Ljava/util/Comparator; 6 <appendix> member <vmtarget> ; 35 java/util/stream/ReferencePipeline$Head 42  @bci com/google/inject/internal/DeclaredMembers getDeclaredFields (Ljava/lang/Class;)[Ljava/lang/reflect/Field; 38 <appendix> argL0 ; 46 java/util/stream/SortedOps$OfRef 53 [Ljava/lang/reflect/Field; methods 0
ciMethodData com/google/inject/spi/InjectionPoint$InjectableField <init> (Lcom/google/inject/TypeLiteral;Ljava/lang/reflect/Field;Ljava/lang/annotation/Annotation;)V 1 463 orig 80 0 0 0 0 0 0 0 0 0 0 0 0 74 2 0 0 0 0 0 0 0 0 0 0 0 0 0 0 0 0 0 0 0 0 0 0 0 0 0 0 0 0 0 0 0 0 0 0 0 0 0 0 0 0 0 0 0 0 0 0 0 0 0 0 0 0 0 0 0 0 0 0 0 0 0 0 0 0 0 0 data 12 0x30002 0x1cf 0x0 0x0 0x0 0x0 0x9 0x4 0x1e 0x0 0x0 0xffffffffffffffff oops 0 methods 0
ciMethodData com/google/inject/spi/InjectionPoint$InjectableMember <init> (Lcom/google/inject/TypeLiteral;Ljava/lang/annotation/Annotation;)V 1 473 orig 80 0 0 0 0 0 0 0 0 0 0 0 0 74 2 0 0 0 0 0 0 0 0 0 0 0 0 0 0 0 0 0 0 0 0 0 0 0 0 0 0 0 0 0 0 0 0 0 0 0 0 0 0 0 0 0 0 0 0 0 0 0 0 0 0 0 0 0 0 0 0 0 0 0 0 0 0 0 0 0 0 data 38 0x10002 0x1d9 0xa0005 0x0 0x0 0x24a689dde90 0x1d3 0x24a689ddf40 0x6 0x110007 0x6 0x20 0x1d3 0x260004 0x0 0x0 0x24a689ddf40 0x6 0x0 0x0 0x290005 0x0 0x0 0x24a689ddf40 0x6 0x0 0x0 0x0 0x0 0x0 0x0 0x0 0x0 0x9 0x3 0x6 0x0 0xffffffffffffffff oops 4 5 jdk/proxy6/$Proxy19 7 jdk/proxy7/$Proxy28 16 jdk/proxy7/$Proxy28 23 jdk/proxy7/$Proxy28 methods 0
ciMethodData com/google/inject/spi/InjectionPoint$InjectableMembers add (Lcom/google/inject/spi/InjectionPoint$InjectableMember;)V 1 473 orig 80 0 0 0 0 0 0 0 0 0 0 0 0 74 2 0 0 0 0 0 0 0 0 0 0 0 0 0 0 0 0 0 0 0 0 0 0 0 0 0 0 0 0 0 0 0 0 0 0 0 0 0 0 0 0 0 0 0 0 0 0 0 0 0 0 0 0 0 0 0 0 0 0 0 0 0 0 0 0 0 0 data 17 0x40007 0x6d 0x38 0x16c 0x110003 0x16c 0x18 0x0 0x0 0x0 0x0 0x0 0x0 0x9 0x2 0x6 0xc oops 0 methods 0
ciMethodData com/google/inject/spi/InjectionPoint getDeclaredMethods (Lcom/google/inject/TypeLiteral;)[Ljava/lang/reflect/Method; 2 1839 orig 80 0 0 0 0 0 0 0 0 0 0 0 0 74 2 0 0 0 0 0 0 0 0 0 0 0 0 0 0 0 0 0 0 0 0 0 0 0 0 0 0 0 0 0 0 0 0 0 0 0 0 0 0 0 0 0 0 0 0 0 0 0 0 0 0 0 0 0 0 0 0 0 0 0 0 0 0 0 0 0 0 data 18 0x10005 0x72f 0x0 0x0 0x0 0x0 0x0 0x40002 0x72f 0x0 0x0 0x0 0x0 0x0 0x0 0x9 0x1 0x0 oops 0 methods 0
ciMethodData com/google/inject/spi/InjectionPoint$InjectableMethod <init> (Lcom/google/inject/TypeLiteral;Ljava/lang/reflect/Method;Ljava/lang/annotation/Annotation;)V 1 10 orig 80 0 0 0 0 0 0 0 0 0 0 0 0 74 2 0 0 0 0 0 0 0 0 0 0 0 0 0 0 0 0 0 0 0 0 0 0 0 0 0 0 0 0 0 0 0 0 0 0 0 0 0 0 0 0 0 0 0 0 0 0 0 0 0 0 0 0 0 0 0 0 0 0 0 0 0 0 0 0 0 0 data 12 0x30002 0xa 0x0 0x0 0x0 0x0 0x9 0x4 0x1e 0x0 0x0 0xffffffffffffffff oops 0 methods 0
ciMethodData com/google/inject/spi/InjectionPoint checkForMisplacedBindingAnnotations (Ljava/lang/reflect/Member;Lcom/google/inject/internal/Errors;)Z 1 884 orig 80 0 0 0 0 0 0 0 0 0 0 0 0 74 2 0 0 0 0 0 0 0 0 0 0 0 0 0 0 0 0 0 0 0 0 0 0 0 0 0 0 0 0 0 0 0 0 0 0 0 0 0 0 0 0 0 0 0 0 0 0 0 0 0 0 0 0 0 0 0 0 0 0 0 0 0 0 0 0 0 0 data 76 0x30004 0x0 0x0 0x24a5d1b6938 0xd 0x24a5d1b6a78 0x367 0x60005 0x0 0x0 0x24a5d1b6938 0xd 0x24a5d1b6a78 0x367 0xb0002 0x374 0x100007 0x0 0x20 0x374 0x160004 0x0 0x0 0x0 0x0 0x0 0x0 0x190007 0x0 0x100 0x0 0x1d0005 0x0 0x0 0x0 0x0 0x0 0x0 0x230005 0x0 0x0 0x0 0x0 0x0 0x0 0x280005 0x0 0x0 0x0 0x0 0x0 0x0 0x2b0007 0x0 0x20 0x0 0x300003 0x0 0x18 0x370005 0x0 0x0 0x0 0x0 0x0 0x0 0x0 0x0 0x0 0x0 0x0 0x0 0x9 0x2 0xffffffffffffffff 0x0 oops 4 3 java/lang/reflect/Method 5 java/lang/reflect/Constructor 10 java/lang/reflect/Method 12 java/lang/reflect/Constructor methods 0
ciMethodData com/google/inject/spi/InjectionPoint isValidMethod (Lcom/google/inject/spi/InjectionPoint$InjectableMethod;Lcom/google/inject/internal/Errors;)Z 1 13 orig 80 0 0 0 0 0 0 0 0 0 0 0 0 74 2 0 0 0 0 0 0 0 0 0 0 0 0 0 0 0 0 0 0 0 0 0 0 0 0 0 0 0 0 0 0 0 0 0 0 0 0 0 0 0 0 0 0 0 0 0 0 0 0 0 0 0 0 0 0 0 0 0 0 0 0 0 0 0 0 0 0 data 52 0x60007 0x8 0x150 0x5 0xf0005 0x5 0x0 0x0 0x0 0x0 0x0 0x120002 0x5 0x150007 0x5 0x58 0x0 0x1a0005 0x0 0x0 0x0 0x0 0x0 0x0 0x210005 0x5 0x0 0x0 0x0 0x0 0x0 0x250007 0x5 0x58 0x0 0x2a0005 0x0 0x0 0x0 0x0 0x0 0x0 0x0 0x0 0x0 0x0 0x0 0x0 0x9 0x2 0x0 0x0 oops 0 methods 0
ciMethodData com/google/inject/spi/InjectionPoint$OverrideIndex <init> (Lcom/google/inject/spi/InjectionPoint$InjectableMembers;)V 1 10 orig 80 0 0 0 0 0 0 0 0 0 0 0 0 74 2 0 0 0 0 0 0 0 0 0 0 0 0 0 0 0 0 0 0 0 0 0 0 0 0 0 0 0 0 0 0 0 0 0 0 0 0 0 0 0 0 0 0 0 0 0 0 0 0 0 0 0 0 0 0 0 0 0 0 0 0 0 0 0 0 0 0 data 10 0x10002 0xa 0x0 0x0 0x0 0x0 0x9 0x2 0xe 0x0 oops 0 methods 0
ciMethodData com/google/inject/spi/InjectionPoint$OverrideIndex removeIfOverriddenBy (Ljava/lang/reflect/Method;ZLcom/google/inject/spi/InjectionPoint$InjectableMethod;)Z 1 38 orig 80 0 0 0 0 0 0 0 0 0 0 0 0 74 2 0 0 0 0 0 0 0 0 0 0 0 0 0 0 0 0 0 0 0 0 0 0 0 0 0 0 0 0 0 0 0 0 0 0 0 0 0 0 0 0 0 0 0 0 0 0 0 0 0 0 0 0 0 0 0 0 0 0 0 0 0 0 0 0 0 0 data 183 0x70007 0x0 0x20 0x26 0x100007 0x0 0x210 0x0 0x180002 0x0 0x290007 0x0 0x1e0 0x0 0x2e0004 0x0 0x0 0x0 0x0 0x0 0x0 0x310007 0x0 0x38 0x0 0x340003 0x0 0x150 0x390004 0x0 0x0 0x0 0x0 0x0 0x0 0x400005 0x0 0x0 0x0 0x0 0x0 0x0 0x430007 0x0 0x38 0x0 0x460003 0x0 0xa8 0x4d0002 0x0 0x560005 0x0 0x0 0x0 0x0 0x0 0x0 0x690002 0x0 0x6e0005 0x0 0x0 0x0 0x0 0x0 0x0 0x7b0003 0x0 0xfffffffffffffe38 0x890002 0x0 0x980005 0x0 0x0 0x0 0x0 0x0 0x0 0x9d0004 0x0 0x0 0x0 0x0 0x0 0x0 0xa70007 0x0 0x290 0x0 0xac0005 0x0 0x0 0x0 0x0 0x0 0x0 0xb50005 0x0 0x0 0x0 0x0 0x0 0x0 0xba0007 0x0 0x200 0x0 0xbf0005 0x0 0x0 0x0 0x0 0x0 0x0 0xc40004 0x0 0x0 0x0 0x0 0x0 0x0 0xcf0002 0x0 0xd20007 0x0 0x148 0x0 0xda0007 0x0 0x40 0x0 0xe20007 0x0 0x38 0x0 0xe60003 0x0 0x18 0xed0007 0x0 0x20 0x0 0xf70007 0x0 0x40 0x0 0xfc0007 0x0 0x90 0x0 0x1040005 0x0 0x0 0x0 0x0 0x0 0x0 0x10f0005 0x0 0x0 0x0 0x0 0x0 0x0 0x1120003 0x0 0xfffffffffffffde0 0x0 0x0 0x0 0x0 0x0 0x0 0x0 0x0 0x0 0x9 0x4 0x0 0x0 0x0 0x0 oops 0 methods 0
ciMethodData com/google/inject/spi/InjectionPoint$OverrideIndex add (Lcom/google/inject/spi/InjectionPoint$InjectableMethod;)V 1 13 orig 80 0 0 0 0 0 0 0 0 0 0 0 0 74 2 0 0 0 0 0 0 0 0 0 0 0 0 0 0 0 0 0 0 0 0 0 0 0 0 0 0 0 0 0 0 0 0 0 0 0 0 0 0 0 0 0 0 0 0 0 0 0 0 0 0 0 0 0 0 0 0 0 0 0 0 0 0 0 0 0 0 data 70 0x50005 0x0 0x0 0x24a655e83b8 0xd 0x0 0x0 0xf0007 0x0 0x78 0xd 0x130005 0x0 0x0 0x24a655e8518 0xd 0x0 0x0 0x160007 0xd 0x20 0x0 0x1e0007 0xd 0x130 0x0 0x290007 0x0 0x38 0x0 0x300003 0x0 0x28 0x3b0002 0x0 0x44000a 0x0 0x1 0x0 0x490005 0x0 0x0 0x0 0x0 0x0 0x0 0x4e0004 0x0 0x0 0x0 0x0 0x0 0x0 0x520005 0x0 0x0 0x0 0x0 0x0 0x0 0x0 0x0 0x0 0x0 0x0 0x0 0x9 0x2 0x0 0xc oops 2 3 com/google/inject/spi/InjectionPoint$InjectableMembers 14 com/google/inject/spi/InjectionPoint$InjectableMethod methods 0
ciMethodData com/google/inject/spi/InjectionPoint$InjectableMembers isEmpty ()Z 2 1377 orig 80 0 0 0 0 0 0 0 0 0 0 0 0 74 2 0 0 0 0 0 0 0 0 0 0 0 0 0 0 0 0 0 0 0 0 0 0 0 0 0 0 0 0 0 0 0 0 0 0 0 0 0 0 0 0 0 0 0 0 0 0 0 0 0 0 0 0 0 0 0 0 0 0 0 0 0 0 0 0 0 0 data 16 0x40007 0x17a 0x38 0x3e7 0x80003 0x3e7 0x18 0x0 0x0 0x0 0x0 0x0 0x0 0x9 0x1 0x0 oops 0 methods 0
ciMethod jdk/proxy7/$Proxy28 optional ()Z 4 0 6 0 0
ciMethodData com/google/inject/TypeLiteral getSupertype (Ljava/lang/Class;)Lcom/google/inject/TypeLiteral; 2 1582 orig 80 0 0 0 0 0 0 0 0 0 0 0 0 74 2 0 0 0 0 0 0 0 0 0 0 0 0 0 0 0 0 0 0 0 0 0 0 0 0 0 0 0 0 0 0 0 0 0 0 0 0 0 0 0 0 0 0 0 0 0 0 0 0 0 0 0 0 0 0 0 0 0 0 0 0 0 0 0 0 0 0 data 28 0x50005 0x62e 0x0 0x0 0x0 0x0 0x0 0xf0002 0x62e 0x1c0002 0x62e 0x1f0005 0x0 0x0 0x24a655e7728 0x62e 0x0 0x0 0x0 0x0 0x0 0x0 0x0 0x0 0x9 0x2 0x0 0x0 oops 1 14 com/google/inject/TypeLiteral methods 0
ciMethodData com/google/inject/internal/Errors hasErrors ()Z 2 4831 orig 80 0 0 0 0 0 0 0 0 0 0 0 0 74 2 0 0 0 0 0 0 0 0 0 0 0 0 0 0 0 0 0 0 0 0 0 0 0 0 0 0 0 0 0 0 0 0 0 0 0 0 0 0 0 0 0 0 0 0 0 0 0 0 0 0 0 0 0 0 0 0 0 0 0 0 0 0 0 0 0 0 data 16 0x70007 0x12df 0x38 0x0 0xb0003 0x0 0x18 0x0 0x0 0x0 0x0 0x0 0x0 0x9 0x1 0x0 oops 0 methods 0
ciMethodData  @bci com/google/inject/internal/DeclaredMembers getDeclaredFields (Ljava/lang/Class;)[Ljava/lang/reflect/Field; 38 <appendix> argL0 ; apply (I)Ljava/lang/Object; 2 1822 orig 80 0 0 0 0 0 0 0 0 0 0 0 0 74 2 0 0 0 0 0 0 0 0 0 0 0 0 0 0 0 0 0 0 0 0 0 0 0 0 0 0 0 0 0 0 0 0 0 0 0 0 0 0 0 0 0 0 0 0 0 0 0 0 0 0 0 0 0 0 0 0 0 0 0 0 0 0 0 0 0 0 data 12 0x10002 0x71e 0x0 0x0 0x0 0x0 0x0 0x0 0x9 0x2 0x0 0x0 oops 0 methods 0
ciMethodData com/google/inject/internal/DeclaredMembers lambda$getDeclaredFields$0 (I)[Ljava/lang/reflect/Field; 2 1822 orig 80 0 0 0 0 0 0 0 0 0 0 0 0 74 2 0 0 0 0 0 0 0 0 0 0 0 0 0 0 0 0 0 0 0 0 0 0 0 0 0 0 0 0 0 0 0 0 0 0 0 0 0 0 0 0 0 0 0 0 0 0 0 0 0 0 0 0 0 0 0 0 0 0 0 0 0 0 0 0 0 0 data 5 0x0 0x0 0x9 0x1 0x0 oops 0 methods 0
ciMethodData com/google/common/collect/ImmutableCollection <init> ()V 2 1657 orig 80 0 0 0 0 0 0 0 0 0 0 0 0 74 2 0 0 0 0 0 0 0 0 0 0 0 0 0 0 0 0 0 0 0 0 0 0 0 0 0 0 0 0 0 0 0 0 0 0 0 0 0 0 0 0 0 0 0 0 0 0 0 0 0 0 0 0 0 0 0 0 0 0 0 0 0 0 0 0 0 0 data 7 0x10002 0x679 0x0 0x0 0x9 0x1 0x0 oops 0 methods 0
ciMethodData com/google/common/collect/ImmutableList <init> ()V 2 1001 orig 80 0 0 0 0 0 0 0 0 0 0 0 0 74 2 0 0 0 0 0 0 0 0 0 0 0 0 0 0 0 0 0 0 0 0 0 0 0 0 0 0 0 0 0 0 0 0 0 0 0 0 0 0 0 0 0 0 0 0 0 0 0 0 0 0 0 0 0 0 0 0 0 0 0 0 0 0 0 0 0 0 data 7 0x10002 0x3e9 0x0 0x0 0x9 0x1 0x0 oops 0 methods 0
ciMethodData com/google/common/collect/ImmutableList of (Ljava/lang/Object;)Lcom/google/common/collect/ImmutableList; 1 783 orig 80 0 0 0 0 0 0 0 0 0 0 0 0 74 2 0 0 0 0 0 0 0 0 0 0 0 0 0 0 0 0 0 0 0 0 0 0 0 0 0 0 0 0 0 0 0 0 0 0 0 0 0 0 0 0 0 0 0 0 0 0 0 0 0 0 0 0 0 0 0 0 0 0 0 0 0 0 0 0 0 0 data 8 0x50002 0x30f 0x0 0x0 0x0 0x9 0x1 0x0 oops 0 methods 0
ciMethodData com/google/inject/internal/KotlinSupport getInstance ()Lcom/google/inject/internal/KotlinSupportInterface; 2 2779 orig 80 0 0 0 0 0 0 0 0 0 0 0 0 74 2 0 0 0 0 0 0 0 0 0 0 0 0 0 0 0 0 0 0 0 0 0 0 0 0 0 0 0 0 0 0 0 0 0 0 0 0 0 0 0 0 0 0 0 0 0 0 0 0 0 0 0 0 0 0 0 0 0 0 0 0 0 0 0 0 0 0 data 4 0x0 0x0 0x9 0x0 oops 0 methods 0
ciMethodData com/google/inject/internal/Errors size ()I 2 5672 orig 80 0 0 0 0 0 0 0 0 0 0 0 0 74 2 0 0 0 0 0 0 0 0 0 0 0 0 0 0 0 0 0 0 0 0 0 0 0 0 0 0 0 0 0 0 0 0 0 0 0 0 0 0 0 0 0 0 0 0 0 0 0 0 0 0 0 0 0 0 0 0 0 0 0 0 0 0 0 0 0 0 data 23 0x70007 0x0 0x38 0x1628 0xb0003 0x1628 0x50 0x150005 0x0 0x0 0x0 0x0 0x0 0x0 0x0 0x0 0x0 0x0 0x0 0x0 0x9 0x1 0x0 oops 0 methods 0
ciMethodData com/google/inject/internal/Nullability hasNullableAnnotation ([Ljava/lang/annotation/Annotation;)Z 2 2098 orig 80 0 0 0 0 0 0 0 0 0 0 0 0 74 2 0 0 0 0 0 0 0 0 0 0 0 0 0 0 0 0 0 0 0 0 0 0 0 0 0 0 0 0 0 0 0 0 0 0 0 0 0 0 0 0 0 0 0 0 0 0 0 0 0 0 0 0 0 0 0 0 0 0 0 0 0 0 0 0 0 0 data 41 0x90007 0x826 0x100 0x20f 0x130005 0x12 0x0 0x24a689dde90 0x1f1 0x24a6795cec0 0xc 0x1e0005 0x20f 0x0 0x0 0x0 0x0 0x0 0x210005 0x20f 0x0 0x0 0x0 0x0 0x0 0x240007 0x203 0x20 0xc 0x2c0003 0x203 0xffffffffffffff18 0x0 0x0 0x0 0x0 0x0 0x0 0x9 0x1 0x0 oops 2 7 jdk/proxy6/$Proxy19 9 jdk/proxy7/$Proxy31 methods 0
ciMethodData com/google/inject/internal/Errors <init> (Ljava/lang/Object;)V 2 2530 orig 80 0 0 0 0 0 0 0 0 0 0 0 0 74 2 0 0 0 0 0 0 0 0 0 0 0 0 0 0 0 0 0 0 0 0 0 0 0 0 0 0 0 0 0 0 0 0 0 0 0 0 0 0 0 0 0 0 0 0 0 0 0 0 0 0 0 0 0 0 0 0 0 0 0 0 0 0 0 0 0 0 data 10 0x10002 0x9e2 0x0 0x0 0x0 0x0 0x9 0x2 0xe 0x0 oops 0 methods 0
ciMethodData com/google/inject/internal/Errors throwConfigurationExceptionIfErrorsExist ()V 2 2484 orig 80 0 0 0 0 0 0 0 0 0 0 0 0 74 2 0 0 0 0 0 0 0 0 0 0 0 0 0 0 0 0 0 0 0 0 0 0 0 0 0 0 0 0 0 0 0 0 0 0 0 0 0 0 0 0 0 0 0 0 0 0 0 0 0 0 0 0 0 0 0 0 0 0 0 0 0 0 0 0 0 0 data 29 0x10005 0x9b4 0x0 0x0 0x0 0x0 0x0 0x40007 0x0 0x20 0x9b4 0xd0005 0x0 0x0 0x0 0x0 0x0 0x0 0x100002 0x0 0x0 0x0 0x0 0x0 0x0 0x0 0x9 0x1 0xffffffffffffffff oops 0 methods 0
ciMethodData com/google/inject/internal/Annotations findBindingAnnotation (Lcom/google/inject/internal/Errors;Ljava/lang/reflect/Member;[Ljava/lang/annotation/Annotation;)Ljava/lang/annotation/Annotation; 2 1821 orig 80 0 0 0 0 0 0 0 0 0 0 0 0 74 2 0 0 0 0 0 0 0 0 0 0 0 0 0 0 0 0 0 0 0 0 0 0 0 0 0 0 0 0 0 0 0 0 0 0 0 0 0 0 0 0 0 0 0 0 0 0 0 0 0 0 0 0 0 0 0 0 0 0 0 0 0 0 0 0 0 0 data 52 0x110007 0x71d 0x148 0x300 0x1d0005 0x29 0x0 0x24a689dde90 0x2d5 0x24a65321680 0x2 0x260002 0x300 0x290007 0x2e9 0xc8 0x17 0x2d0007 0x17 0xa8 0x0 0x330005 0x0 0x0 0x0 0x0 0x0 0x0 0x3a0005 0x0 0x0 0x0 0x0 0x0 0x0 0x3e0003 0x0 0x18 0x470003 0x300 0xfffffffffffffed0 0x0 0x0 0x0 0x0 0x0 0x0 0x9 0x3 0x0 0x0 0x0 oops 2 7 jdk/proxy6/$Proxy19 9 jdk/proxy1/$Proxy7 methods 0
ciMethodData com/google/inject/internal/Errors duplicateBindingAnnotations (Ljava/lang/reflect/Member;Ljava/lang/Class;Ljava/lang/Class;)Lcom/google/inject/internal/Errors; 1 0 orig 80 0 0 0 0 0 0 0 0 0 0 0 0 74 2 0 0 0 0 0 0 0 0 0 0 0 0 0 0 0 0 0 0 0 0 0 0 0 0 0 0 0 0 0 0 0 0 0 0 0 0 0 0 0 0 0 0 0 0 0 0 0 0 0 0 0 0 0 0 0 0 0 0 0 0 0 0 0 0 0 0 data 40 0xd0004 0x0 0x0 0x0 0x0 0x0 0x0 0x110004 0x0 0x0 0x0 0x0 0x0 0x0 0x150004 0x0 0x0 0x0 0x0 0x0 0x0 0x160005 0x0 0x0 0x0 0x0 0x0 0x0 0x0 0x0 0x0 0x0 0x0 0x0 0x9 0x4 0x0 0x0 0x0 0x0 oops 0 methods 0
ciMethodData com/google/inject/internal/MoreTypes declaringClassOf (Ljava/lang/reflect/TypeVariable;)Ljava/lang/Class; 1 208 orig 80 0 0 0 0 0 0 0 0 0 0 0 0 74 2 0 0 0 0 0 0 0 0 0 0 0 0 0 0 0 0 0 0 0 0 0 0 0 0 0 0 0 0 0 0 0 0 0 0 0 0 0 0 0 0 0 0 0 0 0 0 0 0 0 0 0 0 0 0 0 0 0 0 0 0 0 0 0 0 0 0 data 37 0x10005 0x0 0x0 0x24a66f3a350 0xd0 0x0 0x0 0x80004 0x0 0x0 0x24a5d1b4f18 0xd0 0x0 0x0 0xb0007 0x0 0x70 0xd0 0xf0004 0x0 0x0 0x24a5d1b4f18 0xd0 0x0 0x0 0x120003 0xd0 0x18 0x0 0x0 0x0 0x0 0x0 0x0 0x9 0x1 0xffffffffffffffff oops 3 3 sun/reflect/generics/reflectiveObjects/TypeVariableImpl 10 java/lang/Class 21 java/lang/Class methods 0
ciMethod com/google/inject/util/Types newParameterizedTypeWithOwner (Ljava/lang/reflect/Type;Ljava/lang/reflect/Type;[Ljava/lang/reflect/Type;)Ljava/lang/reflect/ParameterizedType; 16 0 5 0 -1
ciMethod com/google/inject/util/Types arrayOf (Ljava/lang/reflect/Type;)Ljava/lang/reflect/GenericArrayType; 0 0 1 0 -1
ciMethod com/google/inject/util/Types subtypeOf (Ljava/lang/reflect/Type;)Ljava/lang/reflect/WildcardType; 0 0 1 0 -1
ciMethod com/google/inject/util/Types supertypeOf (Ljava/lang/reflect/Type;)Ljava/lang/reflect/WildcardType; 0 0 1 0 -1
ciMethod com/google/inject/util/Types providerOf (Ljava/lang/reflect/Type;)Ljava/lang/reflect/ParameterizedType; 16 0 8 0 -1
ciMethodData com/google/inject/spi/InjectionPoint newDependency (Lcom/google/inject/Key;ZI)Lcom/google/inject/spi/Dependency; 1 936 orig 80 0 0 0 0 0 0 0 0 0 0 0 0 74 2 0 0 0 0 0 0 0 0 0 0 0 0 0 0 0 0 0 0 0 0 0 0 0 0 0 0 0 0 0 0 0 0 0 0 0 0 0 0 0 0 0 0 0 0 0 0 0 0 0 0 0 0 0 0 0 0 0 0 0 0 0 0 0 0 0 0 data 11 0x80002 0x3a8 0x0 0x0 0x0 0x9 0x4 0x0 0x0 0x0 0x0 oops 0 methods 0
ciMethodData com/google/common/collect/SingletonImmutableList <init> (Ljava/lang/Object;)V 1 783 orig 80 0 0 0 0 0 0 0 0 0 0 0 0 74 2 0 0 0 0 0 0 0 0 0 0 0 0 0 0 0 0 0 0 0 0 0 0 0 0 0 0 0 0 0 0 0 0 0 0 0 0 0 0 0 0 0 0 0 0 0 0 0 0 0 0 0 0 0 0 0 0 0 0 0 0 0 0 0 0 0 0 data 14 0x10002 0x30f 0x60002 0x30f 0x0 0x0 0x0 0x0 0x0 0x0 0x9 0x2 0x6 0x0 oops 0 methods 0
ciMethodData com/google/common/collect/Lists newArrayList ()Ljava/util/ArrayList; 2 2305 orig 80 0 0 0 0 0 0 0 0 0 0 0 0 74 2 0 0 0 0 0 0 0 0 0 0 0 0 0 0 0 0 0 0 0 0 0 0 0 0 0 0 0 0 0 0 0 0 0 0 0 0 0 0 0 0 0 0 0 0 0 0 0 0 0 0 0 0 0 0 0 0 0 0 0 0 0 0 0 0 0 0 data 6 0x40002 0x901 0x0 0x0 0x9 0x0 oops 0 methods 0
ciMethodData com/google/common/collect/ImmutableList copyOf (Ljava/util/Collection;)Lcom/google/common/collect/ImmutableList; 2 1392 orig 80 0 0 0 0 0 0 0 0 0 0 0 0 74 2 0 0 0 0 0 0 0 0 0 0 0 0 0 0 0 0 0 0 0 0 0 0 0 0 0 0 0 0 0 0 0 0 0 0 0 0 0 0 0 0 0 0 0 0 0 0 0 0 0 0 0 0 0 0 0 0 0 0 0 0 0 0 0 0 0 0 data 66 0x10004 0xfffffffffffffa94 0x0 0x24a5d1b87c8 0x1 0x24a64e8cb70 0x4 0x40007 0x56c 0x148 0x4 0x80004 0x0 0x0 0x24a64e8cb70 0x4 0x0 0x0 0xb0005 0x0 0x0 0x24a64e8cb70 0x4 0x0 0x0 0x100005 0x0 0x0 0x24a64e8cb70 0x4 0x0 0x0 0x130007 0x4 0x80 0x0 0x170005 0x0 0x0 0x0 0x0 0x0 0x0 0x1a0002 0x0 0x1d0003 0x0 0x18 0x230005 0x0 0x0 0x24a5d1b87c8 0x56c 0x0 0x0 0x280002 0x56c 0x0 0x0 0x0 0x0 0x0 0x0 0x9 0x1 0xffffffffffffffff oops 6 3 java/util/ArrayList 5 com/google/common/collect/SingletonImmutableList 14 com/google/common/collect/SingletonImmutableList 21 com/google/common/collect/SingletonImmutableList 28 com/google/common/collect/SingletonImmutableList 51 java/util/ArrayList methods 0
ciMethodData com/google/inject/internal/Annotations getKey (Lcom/google/inject/TypeLiteral;Ljava/lang/reflect/Member;[Ljava/lang/annotation/Annotation;Lcom/google/inject/internal/Errors;)Lcom/google/inject/Key; 1 936 orig 80 0 0 0 0 0 0 0 0 0 0 0 0 74 2 0 0 0 0 0 0 0 0 0 0 0 0 0 0 0 0 0 0 0 0 0 0 0 0 0 0 0 0 0 0 0 0 0 0 0 0 0 0 0 0 0 0 0 0 0 0 0 0 0 0 0 0 0 0 0 0 0 0 0 0 0 0 0 0 0 0 data 39 0x10005 0x3a8 0x0 0x0 0x0 0x0 0x0 0x90002 0x3a8 0x110005 0x3a8 0x0 0x0 0x0 0x0 0x0 0x160007 0x16 0x48 0x392 0x1a0002 0x392 0x1d0003 0x392 0x28 0x230002 0x16 0x0 0x0 0x0 0x0 0x0 0x0 0x9 0x4 0xffffffffffffffff 0x0 0x0 0x0 oops 0 methods 0
ciMethodData com/google/inject/spi/Dependency <init> (Lcom/google/inject/spi/InjectionPoint;Lcom/google/inject/Key;ZI)V 2 1268 orig 80 0 0 0 0 0 0 0 0 0 0 0 0 74 2 0 0 0 0 0 0 0 0 0 0 0 0 0 0 0 0 0 0 0 0 0 0 0 0 0 0 0 0 0 0 0 0 0 0 0 0 0 0 0 0 0 0 0 0 0 0 0 0 0 0 0 0 0 0 0 0 0 0 0 0 0 0 0 0 0 0 data 24 0x10002 0x4f4 0xd0002 0x4f4 0x100004 0x0 0x0 0x24a64e8a7c0 0x4c 0x0 0x0 0x0 0x0 0x0 0x0 0x0 0x0 0x9 0x5 0xe 0x0 0x0 0x0 0x0 oops 1 7 com/google/inject/Key methods 0
ciMethodData com/google/inject/Key get (Lcom/google/inject/TypeLiteral;Ljava/lang/annotation/Annotation;)Lcom/google/inject/Key; 1 163 orig 80 0 0 0 0 0 0 0 0 0 0 0 0 74 2 0 0 0 0 0 0 0 0 0 0 0 0 0 0 0 0 0 0 0 0 0 0 0 0 0 0 0 0 0 0 0 0 0 0 0 0 0 0 0 0 0 0 0 0 0 0 0 0 0 0 0 0 0 0 0 0 0 0 0 0 0 0 0 0 0 0 data 14 0x60002 0xa3 0x90002 0xa3 0x0 0x0 0x0 0x0 0x0 0x0 0x9 0x2 0xffffffffffffffff 0x0 oops 0 methods 0
ciMethodData com/google/inject/Key strategyFor (Ljava/lang/annotation/Annotation;)Lcom/google/inject/Key$AnnotationStrategy; 1 203 orig 80 0 0 0 0 0 0 0 0 0 0 0 0 74 2 0 0 0 0 0 0 0 0 0 0 0 0 0 0 0 0 0 0 0 0 0 0 0 0 0 0 0 0 0 0 0 0 0 0 0 0 0 0 0 0 0 0 0 0 0 0 0 0 0 0 0 0 0 0 0 0 0 0 0 0 0 0 0 0 0 0 data 34 0x30002 0xcb 0x80005 0xb5 0x0 0x24a65324ea8 0xe 0x24a65324f58 0x8 0xf0002 0xcb 0x130002 0xcb 0x170002 0xcb 0x1a0007 0xc3 0x30 0x8 0x230002 0x8 0x2c0002 0xc3 0x2f0002 0xc3 0x0 0x0 0x0 0x0 0x0 0x0 0x9 0x1 0x0 oops 2 5 jdk/proxy6/$Proxy24 7 jdk/proxy7/$Proxy33 methods 0
ciMethodData jdk/proxy7/$Proxy28 optional ()Z 1 6 orig 80 0 0 0 0 0 0 0 0 0 0 0 0 74 2 0 0 0 0 0 0 0 0 0 0 0 0 0 0 0 0 0 0 0 0 0 0 0 0 0 0 0 0 0 0 0 0 0 0 0 0 0 0 0 0 0 0 0 0 0 0 0 0 0 0 0 0 0 0 0 0 0 0 0 0 0 0 0 0 0 0 data 32 0x90005 0x0 0x0 0x24a65088eb0 0x6 0x0 0x0 0xe0004 0x0 0x0 0x24a5d1b8d88 0x6 0x0 0x0 0x110005 0x6 0x0 0x0 0x0 0x0 0x0 0x1c0002 0x0 0x0 0x0 0x0 0x0 0x0 0x0 0x9 0x1 0xffffffffffffffff oops 2 3 sun/reflect/annotation/AnnotationInvocationHandler 10 java/lang/Boolean methods 0
ciMethodData com/google/inject/spi/InjectionPoint forMember (Lcom/google/inject/internal/Errors;Ljava/lang/reflect/Member;Lcom/google/inject/TypeLiteral;[Ljava/lang/reflect/AnnotatedType;[[Ljava/lang/annotation/Annotation;Ljava/util/function/Predicate;)Lcom/google/common/collect/ImmutableList; 1 617 orig 80 0 0 0 0 0 0 0 0 0 0 0 0 74 2 0 0 0 0 0 0 0 0 0 0 0 0 0 0 0 0 0 0 0 0 0 0 0 0 0 0 0 0 0 0 0 0 0 0 0 0 0 0 0 0 0 0 0 0 0 0 0 0 0 0 0 0 0 0 0 0 0 0 0 0 0 0 0 0 0 0 data 148 0x2 0x269 0xa0005 0x0 0x0 0x24a655e7728 0x269 0x0 0x0 0xd0005 0x0 0x0 0x24a64e8cac0 0x1f2 0x24a64e8cb70 0x77 0x160005 0x0 0x0 0x24a64e8cc20 0x324 0x24a64e8ccd0 0xee 0x1b0007 0x269 0x328 0x1a9 0x200005 0x0 0x0 0x24a64e8ccd0 0x77 0x24a64e8cc20 0x132 0x250004 0x0 0x0 0x24a655e7728 0x1a9 0x0 0x0 0x2f0005 0x0 0x0 0x24a64e8cd80 0x16a 0x24a64e8ce30 0x3f 0x430002 0x1a9 0x4a0002 0x1a9 0x4d0007 0x3 0xb8 0x1a6 0x520002 0x1a6 0x550007 0x0 0x88 0x1a6 0x5c0002 0x1a6 0x5f0005 0x0 0x0 0x24a64e87ad0 0x1a6 0x0 0x0 0x640007 0x1a6 0x38 0x0 0x680003 0x3 0x18 0x770002 0x1a9 0x7a0005 0x0 0x0 0x24a5d1b87c8 0x1a9 0x0 0x0 0x830003 0x1a9 0x110 0x8b0005 0x0 0x0 0x0 0x0 0x0 0x0 0x8e0005 0x0 0x0 0x0 0x0 0x0 0x0 0x920003 0x0 0x88 0x9a0005 0x0 0x0 0x0 0x0 0x0 0x0 0x9d0005 0x0 0x0 0x0 0x0 0x0 0x0 0xa10003 0x1a9 0xfffffffffffffcb8 0xa50005 0x269 0x0 0x0 0x0 0x0 0x0 0xaa0002 0x269 0x0 0x0 0x0 0x0 0x0 0x0 0x9 0x7 0x0 0x0 0x0 0x0 0x0 0x0 0x0 oops 12 5 com/google/inject/TypeLiteral 12 com/google/common/collect/RegularImmutableList 14 com/google/common/collect/SingletonImmutableList 19 com/google/common/collect/Iterators$ArrayItr 21 com/google/common/collect/Iterators$SingletonIterator 30 com/google/common/collect/Iterators$SingletonIterator 32 com/google/common/collect/Iterators$ArrayItr 37 com/google/inject/TypeLiteral 44 sun/reflect/annotation/AnnotatedTypeFactory$AnnotatedTypeBaseImpl 46 sun/reflect/annotation/AnnotatedTypeFactory$AnnotatedParameterizedTypeImpl 67  @bci com/google/inject/internal/KotlinSupport$KotlinUnsupported <clinit> ()V 7 <appendix> argL0 ; 83 java/util/ArrayList methods 0
ciMethodData com/google/inject/TypeLiteral resolveAll ([Ljava/lang/reflect/Type;)Ljava/util/List; 1 631 orig 80 0 0 0 0 0 0 0 0 0 0 0 0 74 2 0 0 0 0 0 0 0 0 0 0 0 0 0 0 0 0 0 0 0 0 0 0 0 0 0 0 0 0 0 0 0 0 0 0 0 0 0 0 0 0 0 0 0 0 0 0 0 0 0 0 0 0 0 0 0 0 0 0 0 0 0 0 0 0 0 0 data 33 0xb0007 0x277 0xa8 0x1af 0x140005 0x0 0x0 0x24a655e7728 0x1af 0x0 0x0 0x170004 0x0 0x0 0x24a655e7728 0x1af 0x0 0x0 0x1b0003 0x1af 0xffffffffffffff70 0x1f0002 0x277 0x0 0x0 0x0 0x0 0x0 0x0 0x9 0x2 0xffffffffffffffff 0x0 oops 2 7 com/google/inject/TypeLiteral 14 com/google/inject/TypeLiteral methods 0
ciMethodData com/google/inject/TypeLiteral getParameterTypes (Ljava/lang/reflect/Member;)Ljava/util/List; 1 631 orig 80 0 0 0 0 0 0 0 0 0 0 0 0 74 2 0 0 0 0 0 0 0 0 0 0 0 0 0 0 0 0 0 0 0 0 0 0 0 0 0 0 0 0 0 0 0 0 0 0 0 0 0 0 0 0 0 0 0 0 0 0 0 0 0 0 0 0 0 0 0 0 0 0 0 0 0 0 0 0 0 0 data 125 0x10004 0xfffffffffffffd93 0x0 0x24a5d1b6a78 0x4 0x24a5d1b6938 0xa 0x40007 0x26d 0x128 0xa 0x80004 0x0 0x0 0x24a5d1b6938 0xa 0x0 0x0 0xd0005 0xa 0x0 0x0 0x0 0x0 0x0 0x140005 0xa 0x0 0x0 0x0 0x0 0x0 0x1e0002 0xa 0x220005 0xa 0x0 0x0 0x0 0x0 0x0 0x260003 0xa 0x240 0x2a0004 0x0 0x0 0x24a5d1b6a78 0x26d 0x0 0x0 0x2d0007 0x0 0x128 0x26d 0x310004 0x0 0x0 0x24a5d1b6a78 0x26d 0x0 0x0 0x360005 0x26d 0x0 0x0 0x0 0x0 0x0 0x3d0005 0x26d 0x0 0x0 0x0 0x0 0x0 0x470002 0x26d 0x4b0005 0x26d 0x0 0x0 0x0 0x0 0x0 0x4f0003 0x26d 0xe0 0x5a0002 0x0 0x5f0005 0x0 0x0 0x0 0x0 0x0 0x0 0x630005 0x0 0x0 0x0 0x0 0x0 0x0 0x660005 0x0 0x0 0x0 0x0 0x0 0x0 0x690002 0x0 0x6f0002 0x277 0x0 0x0 0x0 0x0 0x0 0x0 0x9 0x2 0xffffffffffffffff 0xffffffffffffffff oops 5 3 java/lang/reflect/Constructor 5 java/lang/reflect/Method 14 java/lang/reflect/Method 47 java/lang/reflect/Constructor 58 java/lang/reflect/Constructor methods 0
ciMethodData com/google/inject/spi/InjectionPoint$InjectableField toInjectionPoint ()Lcom/google/inject/spi/InjectionPoint; 1 361 orig 80 0 0 0 0 0 0 0 0 0 0 0 0 74 2 0 0 0 0 0 0 0 0 0 0 0 0 0 0 0 0 0 0 0 0 0 0 0 0 0 0 0 0 0 0 0 0 0 0 0 0 0 0 0 0 0 0 0 0 0 0 0 0 0 0 0 0 0 0 0 0 0 0 0 0 0 0 0 0 0 0 data 9 0x100002 0x169 0x0 0x0 0x0 0x0 0x9 0x1 0x0 oops 0 methods 0
ciMethodData com/google/inject/spi/InjectionPoint <init> (Lcom/google/inject/TypeLiteral;Ljava/lang/reflect/Field;Z)V 1 360 orig 80 0 0 0 0 0 0 0 0 0 0 0 0 74 2 0 0 0 0 0 0 0 0 0 0 0 0 0 0 0 0 0 0 0 0 0 0 0 0 0 0 0 0 0 0 0 0 0 0 0 0 0 0 0 0 0 0 0 0 0 0 0 0 0 0 0 0 0 0 0 0 0 0 0 0 0 0 0 0 0 0 data 114 0x10002 0x168 0x140002 0x168 0x1a0005 0x168 0x0 0x0 0x0 0x0 0x0 0x1d0005 0x0 0x0 0x24a64e8cd80 0x162 0x24a64e8ce30 0x6 0x290002 0x168 0x330005 0x0 0x0 0x24a655e7728 0x168 0x0 0x0 0x3b0002 0x168 0x400003 0x168 0x110 0x490005 0x0 0x0 0x0 0x0 0x0 0x0 0x4c0005 0x0 0x0 0x0 0x0 0x0 0x0 0x500003 0x0 0x88 0x590005 0x0 0x0 0x0 0x0 0x0 0x0 0x5c0005 0x0 0x0 0x0 0x0 0x0 0x0 0x620005 0x168 0x0 0x0 0x0 0x0 0x0 0x670002 0x168 0x6a0007 0x6 0xb8 0x162 0x6f0002 0x162 0x720007 0x0 0x88 0x162 0x750002 0x162 0x790005 0x0 0x0 0x24a65cdbe28 0x162 0x0 0x0 0x7e0007 0x162 0x38 0x0 0x820003 0x6 0x18 0x8f0002 0x168 0x920002 0x168 0x0 0x0 0x0 0x0 0x0 0x0 0x9 0x4 0x0 0x0 0x0 0x0 oops 4 14 sun/reflect/annotation/AnnotatedTypeFactory$AnnotatedTypeBaseImpl 16 sun/reflect/annotation/AnnotatedTypeFactory$AnnotatedParameterizedTypeImpl 23 com/google/inject/TypeLiteral 87 com/google/inject/internal/KotlinSupport$KotlinUnsupported methods 0
ciMethodData com/google/inject/spi/InjectionPoint getAnnotations (Ljava/lang/reflect/Field;)[Ljava/lang/annotation/Annotation; 1 360 orig 80 0 0 0 0 0 0 0 0 0 0 0 0 74 2 0 0 0 0 0 0 0 0 0 0 0 0 0 0 0 0 0 0 0 0 0 0 0 0 0 0 0 0 0 0 0 0 0 0 0 0 0 0 0 0 0 0 0 0 0 0 0 0 0 0 0 0 0 0 0 0 0 0 0 0 0 0 0 0 0 0 data 38 0x10005 0x0 0x0 0x24a5d1b6818 0x168 0x0 0x0 0x50002 0x168 0x90005 0x0 0x0 0x24a65cdbe28 0x168 0x0 0x0 0x110007 0x0 0x20 0x168 0x1a0002 0x0 0x1d0004 0x0 0x0 0x0 0x0 0x0 0x0 0x0 0x0 0x0 0x0 0x0 0x0 0x9 0x1 0x0 oops 2 3 java/lang/reflect/Field 12 com/google/inject/internal/KotlinSupport$KotlinUnsupported methods 0
ciMethodData com/google/inject/internal/KotlinSupport$KotlinUnsupported getAnnotations (Ljava/lang/reflect/Field;)[Ljava/lang/annotation/Annotation; 1 360 orig 80 0 0 0 0 0 0 0 0 0 0 0 0 74 2 0 0 0 0 0 0 0 0 0 0 0 0 0 0 0 0 0 0 0 0 0 0 0 0 0 0 0 0 0 0 0 0 0 0 0 0 0 0 0 0 0 0 0 0 0 0 0 0 0 0 0 0 0 0 0 0 0 0 0 0 0 0 0 0 0 0 data 6 0x0 0x0 0x9 0x2 0x0 0x0 oops 0 methods 0
ciMethodData com/google/inject/TypeLiteral getFieldType (Ljava/lang/reflect/Field;)Lcom/google/inject/TypeLiteral; 1 361 orig 80 0 0 0 0 0 0 0 0 0 0 0 0 74 2 0 0 0 0 0 0 0 0 0 0 0 0 0 0 0 0 0 0 0 0 0 0 0 0 0 0 0 0 0 0 0 0 0 0 0 0 0 0 0 0 0 0 0 0 0 0 0 0 0 0 0 0 0 0 0 0 0 0 0 0 0 0 0 0 0 0 data 40 0x10005 0x169 0x0 0x0 0x0 0x0 0x0 0x80005 0x169 0x0 0x0 0x0 0x0 0x0 0x120002 0x169 0x170005 0x169 0x0 0x0 0x0 0x0 0x0 0x1a0005 0x0 0x0 0x24a655e7728 0x169 0x0 0x0 0x0 0x0 0x0 0x0 0x0 0x0 0x9 0x2 0xffffffffffffffff 0x0 oops 1 26 com/google/inject/TypeLiteral methods 0
ciMethodData com/google/inject/internal/KotlinSupport$KotlinUnsupported isNullable (Ljava/lang/reflect/Field;)Z 1 352 orig 80 0 0 0 0 0 0 0 0 0 0 0 0 74 2 0 0 0 0 0 0 0 0 0 0 0 0 0 0 0 0 0 0 0 0 0 0 0 0 0 0 0 0 0 0 0 0 0 0 0 0 0 0 0 0 0 0 0 0 0 0 0 0 0 0 0 0 0 0 0 0 0 0 0 0 0 0 0 0 0 0 data 5 0x0 0x9 0x2 0x0 0x0 oops 0 methods 0
ciMethodData com/google/inject/internal/Errors addMessage (Lcom/google/inject/internal/ErrorId;Ljava/lang/String;[Ljava/lang/Object;)Lcom/google/inject/internal/Errors; 1 0 orig 80 0 0 0 0 0 0 0 0 0 0 0 0 74 2 0 0 0 0 0 0 0 0 0 0 0 0 0 0 0 0 0 0 0 0 0 0 0 0 0 0 0 0 0 0 0 0 0 0 0 0 0 0 0 0 0 0 0 0 0 0 0 0 0 0 0 0 0 0 0 0 0 0 0 0 0 0 0 0 0 0 data 10 0x50002 0x0 0x0 0x0 0x9 0x4 0x0 0xffffffffffffffff 0xffffffffffffffff 0xffffffffffffffff oops 0 methods 0
ciMethodData com/google/inject/internal/KotlinSupport$KotlinUnsupported lambda$static$0 (Ljava/lang/Integer;)Z 1 303 orig 80 0 0 0 0 0 0 0 0 0 0 0 0 74 2 0 0 0 0 0 0 0 0 0 0 0 0 0 0 0 0 0 0 0 0 0 0 0 0 0 0 0 0 0 0 0 0 0 0 0 0 0 0 0 0 0 0 0 0 0 0 0 0 0 0 0 0 0 0 0 0 0 0 0 0 0 0 0 0 0 0 data 4 0x0 0x9 0x1 0x0 oops 0 methods 0
ciMethodData  @bci com/google/inject/internal/KotlinSupport$KotlinUnsupported <clinit> ()V 7 <appendix> argL0 ; test (Ljava/lang/Object;)Z 1 309 orig 80 0 0 0 0 0 0 0 0 0 0 0 0 74 2 0 0 0 0 0 0 0 0 0 0 0 0 0 0 0 0 0 0 0 0 0 0 0 0 0 0 0 0 0 0 0 0 0 0 0 0 0 0 0 0 0 0 0 0 0 0 0 0 0 0 0 0 0 0 0 0 0 0 0 0 0 0 0 0 0 0 data 19 0x10004 0x0 0x0 0x24a5d1b9198 0x135 0x0 0x0 0x40002 0x135 0x0 0x0 0x0 0x0 0x0 0x0 0x9 0x2 0x0 0x0 oops 1 3 java/lang/Integer methods 0
ciMethodData com/google/common/collect/ImmutableCollection$Builder <init> ()V 1 562 orig 80 0 0 0 0 0 0 0 0 0 0 0 0 74 2 0 0 0 0 0 0 0 0 0 0 0 0 0 0 0 0 0 0 0 0 0 0 0 0 0 0 0 0 0 0 0 0 0 0 0 0 0 0 0 0 0 0 0 0 0 0 0 0 0 0 0 0 0 0 0 0 0 0 0 0 0 0 0 0 0 0 data 7 0x10002 0x232 0x0 0x0 0x9 0x1 0x0 oops 0 methods 0
ciMethodData com/google/common/collect/ImmutableSet$EmptySetBuilderImpl instance ()Lcom/google/common/collect/ImmutableSet$SetBuilderImpl; 1 280 orig 80 0 0 0 0 0 0 0 0 0 0 0 0 74 2 0 0 0 0 0 0 0 0 0 0 0 0 0 0 0 0 0 0 0 0 0 0 0 0 0 0 0 0 0 0 0 0 0 0 0 0 0 0 0 0 0 0 0 0 0 0 0 0 0 0 0 0 0 0 0 0 0 0 0 0 0 0 0 0 0 0 data 4 0x0 0x0 0x9 0x0 oops 0 methods 0
compile com/google/inject/spi/InjectionPoint getInjectionPoints (Lcom/google/inject/TypeLiteral;ZLcom/google/inject/internal/Errors;)Ljava/util/Set; -1 4 inline 396 0 -1 0 com/google/inject/spi/InjectionPoint getInjectionPoints (Lcom/google/inject/TypeLiteral;ZLcom/google/inject/internal/Errors;)Ljava/util/Set; 1 4 0 com/google/inject/spi/InjectionPoint$InjectableMembers <init> ()V 2 1 0 java/lang/Object <init> ()V 1 12 0 com/google/inject/spi/InjectionPoint hierarchyFor (Lcom/google/inject/TypeLiteral;)Ljava/util/List; 2 4 0 java/util/ArrayList <init> ()V 3 1 0 java/util/AbstractList <init> ()V 4 1 0 java/util/AbstractCollection <init> ()V 5 1 0 java/lang/Object <init> ()V 2 11 0 com/google/inject/TypeLiteral getRawType ()Ljava/lang/Class; 2 21 0 java/util/ArrayList add (Ljava/lang/Object;)Z 3 20 0 java/util/ArrayList add (Ljava/lang/Object;[Ljava/lang/Object;I)V 4 7 0 java/util/ArrayList grow ()[Ljava/lang/Object; 5 7 0 java/util/ArrayList grow (I)[Ljava/lang/Object; 6 27 0 jdk/internal/util/ArraysSupport newLength (III)I 2 29 0 com/google/inject/TypeLiteral getRawType ()Ljava/lang/Class; 2 35 0 com/google/inject/TypeLiteral getSupertype (Ljava/lang/Class;)Lcom/google/inject/TypeLiteral; 3 15 0 com/google/common/base/Preconditions checkArgument (ZLjava/lang/String;Ljava/lang/Object;Ljava/lang/Object;)V 3 28 0 com/google/inject/internal/MoreTypes getGenericSupertype (Ljava/lang/reflect/Type;Ljava/lang/Class;Ljava/lang/Class;)Ljava/lang/reflect/Type; 4 15 0 java/lang/Class getInterfaces ()[Ljava/lang/Class; 4 42 0 java/lang/Class getGenericInterfaces ()[Ljava/lang/reflect/Type; 5 10 0 java/lang/Class getInterfaces ()[Ljava/lang/Class; 4 106 0 java/lang/Class getGenericSuperclass ()Ljava/lang/reflect/Type; 5 1 0 java/lang/Class getGenericInfo ()Lsun/reflect/generics/repository/ClassRepository; 6 27 0 java/lang/Class getFactory ()Lsun/reflect/generics/factory/GenericsFactory; 6 30 0 sun/reflect/generics/repository/ClassRepository make (Ljava/lang/String;Lsun/reflect/generics/factory/GenericsFactory;)Lsun/reflect/generics/repository/ClassRepository; 7 6 0 sun/reflect/generics/repository/ClassRepository <init> (Ljava/lang/String;Lsun/reflect/generics/factory/GenericsFactory;)V 8 3 0 sun/reflect/generics/repository/GenericDeclRepository <init> (Ljava/lang/String;Lsun/reflect/generics/factory/GenericsFactory;)V 9 3 0 sun/reflect/generics/repository/AbstractRepository <init> (Ljava/lang/String;Lsun/reflect/generics/factory/GenericsFactory;)V 10 1 0 java/lang/Object <init> ()V 10 7 0 sun/reflect/generics/repository/ClassRepository parse (Ljava/lang/String;)Lsun/reflect/generics/tree/Tree; 5 24 0 sun/reflect/generics/repository/ClassRepository getSuperclass ()Ljava/lang/reflect/Type; 3 31 0 com/google/inject/TypeLiteral resolve (Ljava/lang/reflect/Type;)Lcom/google/inject/TypeLiteral; 4 2 0 com/google/inject/TypeLiteral resolveType (Ljava/lang/reflect/Type;)Ljava/lang/reflect/Type; 5 90 0 sun/reflect/generics/reflectiveObjects/ParameterizedTypeImpl getOwnerType ()Ljava/lang/reflect/Type; 5 117 0 sun/reflect/generics/reflectiveObjects/ParameterizedTypeImpl getActualTypeArguments ()[Ljava/lang/reflect/Type; 4 5 0 com/google/inject/TypeLiteral get (Ljava/lang/reflect/Type;)Lcom/google/inject/TypeLiteral; 1 19 0 java/util/ArrayList size ()I 1 77 0 java/util/ArrayList get (I)Ljava/lang/Object; 2 5 0 java/util/Objects checkIndex (II)I 2 11 0 java/util/ArrayList elementData (I)Ljava/lang/Object; 1 89 0 com/google/inject/spi/InjectionPoint getDeclaredFields (Lcom/google/inject/TypeLiteral;)[Ljava/lang/reflect/Field; 2 1 0 com/google/inject/TypeLiteral getRawType ()Ljava/lang/Class; 2 4 0 com/google/inject/internal/DeclaredMembers getDeclaredFields (Ljava/lang/Class;)[Ljava/lang/reflect/Field; 3 1 0 java/lang/Class getDeclaredFields ()[Ljava/lang/reflect/Field; 4 0 0 java/lang/System getSecurityManager ()Ljava/lang/SecurityManager; 5 0 0 java/lang/System allowSecurityManager ()Z 4 20 0 java/lang/Class privateGetDeclaredFields (Z)[Ljava/lang/reflect/Field; 5 1 0 java/lang/Class reflectionData ()Ljava/lang/Class$ReflectionData; 6 15 0 java/lang/ref/SoftReference get ()Ljava/lang/Object; 5 37 0 jdk/internal/reflect/Reflection filterFields (Ljava/lang/Class;[Ljava/lang/reflect/Field;)[Ljava/lang/reflect/Field; 4 23 0 java/lang/Class copyFields ([Ljava/lang/reflect/Field;)[Ljava/lang/reflect/Field; 5 6 0 java/lang/Class getReflectionFactory ()Ljdk/internal/reflect/ReflectionFactory; 5 24 0 jdk/internal/reflect/ReflectionFactory copyField (Ljava/lang/reflect/Field;)Ljava/lang/reflect/Field; 6 5 0 java/lang/reflect/ReflectAccess copyField (Ljava/lang/reflect/Field;)Ljava/lang/reflect/Field; 7 1 0 java/lang/reflect/Field copy ()Ljava/lang/reflect/Field; 8 53 0 java/lang/reflect/Field <init> (Ljava/lang/Class;Ljava/lang/String;Ljava/lang/Class;IZILjava/lang/String;[B)V 9 1 0 java/lang/reflect/AccessibleObject <init> ()V 10 1 0 java/lang/Object <init> ()V 3 4 0 java/util/Arrays stream ([Ljava/lang/Object;)Ljava/util/stream/Stream; 4 4 0 java/util/Arrays stream ([Ljava/lang/Object;II)Ljava/util/stream/Stream; 5 3 0 java/util/Arrays spliterator ([Ljava/lang/Object;II)Ljava/util/Spliterator; 6 6 0 java/util/Spliterators spliterator ([Ljava/lang/Object;III)Ljava/util/Spliterator; 7 1 0 java/util/Objects requireNonNull (Ljava/lang/Object;)Ljava/lang/Object; 7 10 0 java/util/Spliterators checkFromToBounds (III)V 7 21 0 java/util/Spliterators$ArraySpliterator <init> ([Ljava/lang/Object;III)V 8 1 0 java/lang/Object <init> ()V 5 7 0 java/util/stream/StreamSupport stream (Ljava/util/Spliterator;Z)Ljava/util/stream/Stream; 6 1 0 java/util/Objects requireNonNull (Ljava/lang/Object;)Ljava/lang/Object; 6 11 0 java/util/stream/StreamOpFlag fromCharacteristics (Ljava/util/Spliterator;)I 7 1 0 java/util/Spliterators$ArraySpliterator characteristics ()I 6 15 0 java/util/stream/ReferencePipeline$Head <init> (Ljava/util/Spliterator;IZ)V 7 4 0 java/util/stream/ReferencePipeline <init> (Ljava/util/Spliterator;IZ)V 8 4 0 java/util/stream/AbstractPipeline <init> (Ljava/util/Spliterator;IZ)V 9 1 0 java/util/stream/PipelineHelper <init> ()V 10 1 0 java/lang/Object <init> ()V 3 7 0 java/lang/invoke/Invokers$Holder linkToTargetMethod (Ljava/lang/Object;)Ljava/lang/Object; 4 4 0  @bci jdk/internal/misc/ExtendedMapMode <clinit> ()V 0 <appendix> form vmentry <vmtarget> ; invoke (Ljava/lang/Object;)Ljava/lang/Object; 3 12 0 java/util/Comparator comparing (Ljava/util/function/Function;)Ljava/util/Comparator; 4 1 0 java/util/Objects requireNonNull (Ljava/lang/Object;)Ljava/lang/Object; 4 6 0 java/lang/invoke/Invokers$Holder linkToTargetMethod (Ljava/lang/Object;Ljava/lang/Object;)Ljava/lang/Object; 5 5 0 java/lang/invoke/DirectMethodHandle$Holder newInvokeSpecial (Ljava/lang/Object;Ljava/lang/Object;)Ljava/lang/Object; 6 1 0 java/lang/invoke/DirectMethodHandle allocateInstance (Ljava/lang/Object;)Ljava/lang/Object; 6 6 0 java/lang/invoke/DirectMethodHandle constructorMethod (Ljava/lang/Object;)Ljava/lang/Object; 6 16 0  @bci java/util/Comparator comparing (Ljava/util/function/Function;)Ljava/util/Comparator; 6 <appendix> member <vmtarget> ; <init> (Ljava/util/function/Function;)V 7 1 0 java/lang/Object <init> ()V 3 15 0 java/lang/invoke/Invokers$Holder linkToTargetMethod (Ljava/lang/Object;)Ljava/lang/Object; 4 4 0  @bci jdk/internal/misc/ExtendedMapMode <clinit> ()V 0 <appendix> form vmentry <vmtarget> ; invoke (Ljava/lang/Object;)Ljava/lang/Object; 3 20 0 java/lang/invoke/Invokers$Holder linkToTargetMethod (Ljava/lang/Object;)Ljava/lang/Object; 4 4 0  @bci jdk/internal/misc/ExtendedMapMode <clinit> ()V 0 <appendix> form vmentry <vmtarget> ; invoke (Ljava/lang/Object;)Ljava/lang/Object; 3 25 0 java/util/Comparator comparing (Ljava/util/function/Function;)Ljava/util/Comparator; 4 1 0 java/util/Objects requireNonNull (Ljava/lang/Object;)Ljava/lang/Object; 4 6 0 java/lang/invoke/Invokers$Holder linkToTargetMethod (Ljava/lang/Object;Ljava/lang/Object;)Ljava/lang/Object; 5 5 0 java/lang/invoke/DirectMethodHandle$Holder newInvokeSpecial (Ljava/lang/Object;Ljava/lang/Object;)Ljava/lang/Object; 6 1 0 java/lang/invoke/DirectMethodHandle allocateInstance (Ljava/lang/Object;)Ljava/lang/Object; 6 6 0 java/lang/invoke/DirectMethodHandle constructorMethod (Ljava/lang/Object;)Ljava/lang/Object; 6 16 0  @bci java/util/Comparator comparing (Ljava/util/function/Function;)Ljava/util/Comparator; 6 <appendix> member <vmtarget> ; <init> (Ljava/util/function/Function;)V 7 1 0 java/lang/Object <init> ()V 3 28 0 java/util/Comparator thenComparing (Ljava/util/function/Function;Ljava/util/Comparator;)Ljava/util/Comparator; 4 3 0 java/util/Comparator comparing (Ljava/util/function/Function;Ljava/util/Comparator;)Ljava/util/Comparator; 5 1 0 java/util/Objects requireNonNull (Ljava/lang/Object;)Ljava/lang/Object; 5 6 0 java/util/Objects requireNonNull (Ljava/lang/Object;)Ljava/lang/Object; 5 12 0 java/lang/invoke/Invokers$Holder linkToTargetMethod (Ljava/lang/Object;Ljava/lang/Object;Ljava/lang/Object;)Ljava/lang/Object; 6 6 0 java/lang/invoke/DirectMethodHandle$Holder newInvokeSpecial (Ljava/lang/Object;Ljava/lang/Object;Ljava/lang/Object;)Ljava/lang/Object; 7 1 0 java/lang/invoke/DirectMethodHandle allocateInstance (Ljava/lang/Object;)Ljava/lang/Object; 7 6 0 java/lang/invoke/DirectMethodHandle constructorMethod (Ljava/lang/Object;)Ljava/lang/Object; 7 19 0  @bci java/util/Comparator comparing (Ljava/util/function/Function;Ljava/util/Comparator;)Ljava/util/Comparator; 12 <appendix> member <vmtarget> ; <init> (Ljava/util/Comparator;Ljava/util/function/Function;)V 8 1 0 java/lang/Object <init> ()V 4 6 0 java/util/Comparator thenComparing (Ljava/util/Comparator;)Ljava/util/Comparator; 5 1 0 java/util/Objects requireNonNull (Ljava/lang/Object;)Ljava/lang/Object; 5 7 0 java/lang/invoke/Invokers$Holder linkToTargetMethod (Ljava/lang/Object;Ljava/lang/Object;Ljava/lang/Object;)Ljava/lang/Object; 6 6 0 java/lang/invoke/DirectMethodHandle$Holder newInvokeSpecial (Ljava/lang/Object;Ljava/lang/Object;Ljava/lang/Object;)Ljava/lang/Object; 7 1 0 java/lang/invoke/DirectMethodHandle allocateInstance (Ljava/lang/Object;)Ljava/lang/Object; 7 6 0 java/lang/invoke/DirectMethodHandle constructorMethod (Ljava/lang/Object;)Ljava/lang/Object; 7 19 0  @bci java/util/Comparator thenComparing (Ljava/util/Comparator;)Ljava/util/Comparator; 7 <appendix> member <vmtarget> ; <init> (Ljava/util/Comparator;Ljava/util/Comparator;)V 8 1 0 java/lang/Object <init> ()V 3 33 0 java/util/stream/ReferencePipeline sorted (Ljava/util/Comparator;)Ljava/util/stream/Stream; 4 2 0 java/util/stream/SortedOps makeRef (Ljava/util/stream/AbstractPipeline;Ljava/util/Comparator;)Ljava/util/stream/Stream; 5 6 0 java/util/stream/SortedOps$OfRef <init> (Ljava/util/stream/AbstractPipeline;Ljava/util/Comparator;)V 6 12 0 java/util/stream/ReferencePipeline$StatefulOp <init> (Ljava/util/stream/AbstractPipeline;Ljava/util/stream/StreamShape;I)V 7 3 0 java/util/stream/ReferencePipeline <init> (Ljava/util/stream/AbstractPipeline;I)V 8 3 0 java/util/stream/AbstractPipeline <init> (Ljava/util/stream/AbstractPipeline;I)V 9 1 0 java/util/stream/PipelineHelper <init> ()V 10 1 0 java/lang/Object <init> ()V 9 51 0 java/util/stream/StreamOpFlag combineOpFlags (II)I 10 2 0 java/util/stream/StreamOpFlag getMask (I)I 9 66 0 java/util/stream/ReferencePipeline$StatefulOp opIsStateful ()Z 6 22 0 java/util/Objects requireNonNull (Ljava/lang/Object;)Ljava/lang/Object; 3 38 0 java/lang/invoke/Invokers$Holder linkToTargetMethod (Ljava/lang/Object;)Ljava/lang/Object; 4 4 0  @bci jdk/internal/misc/ExtendedMapMode <clinit> ()V 0 <appendix> form vmentry <vmtarget> ; invoke (Ljava/lang/Object;)Ljava/lang/Object; 3 43 0 java/util/stream/ReferencePipeline toArray (Ljava/util/function/IntFunction;)[Ljava/lang/Object; 4 4 0 java/util/stream/AbstractPipeline evaluateToArrayNode (Ljava/util/function/IntFunction;)Ljava/util/stream/Node; 5 23 0 java/util/stream/AbstractPipeline isParallel ()Z 5 69 0 java/util/stream/AbstractPipeline sourceSpliterator (I)Ljava/util/Spliterator; 6 79 0 java/util/stream/AbstractPipeline isParallel ()Z 5 74 0 java/util/stream/AbstractPipeline evaluate (Ljava/util/Spliterator;ZLjava/util/function/IntFunction;)Ljava/util/stream/Node; 6 1 0 java/util/stream/AbstractPipeline isParallel ()Z 6 19 0 java/util/stream/AbstractPipeline exactOutputSizeIfKnown (Ljava/util/Spliterator;)J 7 1 0 java/util/stream/AbstractPipeline getStreamAndOpFlags ()I 7 9 0 java/util/stream/StreamOpFlag isKnown (I)Z 7 16 0 java/util/Spliterator getExactSizeIfKnown ()J 8 1 0 java/util/Spliterators$ArraySpliterator characteristics ()I 8 19 0 java/util/Spliterators$ArraySpliterator estimateSize ()J 7 40 0 java/util/stream/StreamOpFlag isKnown (I)Z 6 23 0 java/util/stream/ReferencePipeline makeNodeBuilder (JLjava/util/function/IntFunction;)Ljava/util/stream/Node$Builder; 7 2 0 java/util/stream/Nodes builder (JLjava/util/function/IntFunction;)Ljava/util/stream/Node$Builder; 8 20 0 java/util/stream/Nodes$FixedNodeBuilder <init> (JLjava/util/function/IntFunction;)V 9 3 0 java/util/stream/Nodes$ArrayNode <init> (JLjava/util/function/IntFunction;)V 10 1 0 java/lang/Object <init> ()V 10 26 0  @bci com/google/inject/internal/DeclaredMembers getDeclaredFields (Ljava/lang/Class;)[Ljava/lang/reflect/Field; 38 <appendix> argL0 ; apply (I)Ljava/lang/Object; 11 1 0 com/google/inject/internal/DeclaredMembers lambda$getDeclaredFields$0 (I)[Ljava/lang/reflect/Field; 8 26 0 java/util/stream/Nodes builder ()Ljava/util/stream/Node$Builder; 9 4 0 java/util/stream/Nodes$SpinedNodeBuilder <init> ()V 10 1 0 java/util/stream/SpinedBuffer <init> ()V 11 1 0 java/util/stream/AbstractSpinedBuffer <init> ()V 12 1 0 java/lang/Object <init> ()V 6 32 0 java/util/stream/AbstractPipeline wrapAndCopyInto (Ljava/util/stream/Sink;Ljava/util/Spliterator;)Ljava/util/stream/Sink; 7 3 0 java/util/Objects requireNonNull (Ljava/lang/Object;)Ljava/lang/Object; 7 9 0 java/util/stream/AbstractPipeline wrapSink (Ljava/util/stream/Sink;)Ljava/util/stream/Sink; 8 1 0 java/util/Objects requireNonNull (Ljava/lang/Object;)Ljava/lang/Object; 7 13 0 java/util/stream/AbstractPipeline copyInto (Ljava/util/stream/Sink;Ljava/util/Spliterator;)V 8 1 0 java/util/Objects requireNonNull (Ljava/lang/Object;)Ljava/lang/Object; 8 9 0 java/util/stream/AbstractPipeline getStreamAndOpFlags ()I 8 12 0 java/util/stream/StreamOpFlag isKnown (I)Z 6 38 0 java/util/stream/Nodes$FixedNodeBuilder build ()Ljava/util/stream/Node; 6 38 0 java/util/stream/Nodes$SpinedNodeBuilder build ()Ljava/util/stream/Node; 4 8 0 java/util/stream/Nodes flatten (Ljava/util/stream/Node;Ljava/util/function/IntFunction;)Ljava/util/stream/Node; 5 1 0 java/util/stream/Node getChildCount ()I 4 12 0 java/util/stream/Nodes$ArrayNode asArray (Ljava/util/function/IntFunction;)[Ljava/lang/Object; 4 12 0 java/util/stream/Nodes$SpinedNodeBuilder asArray (Ljava/util/function/IntFunction;)[Ljava/lang/Object; 1 118 0 java/lang/reflect/Field getModifiers ()I 1 121 0 java/lang/reflect/Modifier isStatic (I)Z 1 130 0 com/google/inject/spi/InjectionPoint getAtInject (Ljava/lang/reflect/AnnotatedElement;)Ljava/lang/annotation/Annotation; 1 150 0 com/google/inject/spi/InjectionPoint$InjectableField <init> (Lcom/google/inject/TypeLiteral;Ljava/lang/reflect/Field;Ljava/lang/annotation/Annotation;)V 2 3 0 com/google/inject/spi/InjectionPoint$InjectableMember <init> (Lcom/google/inject/TypeLiteral;Ljava/lang/annotation/Annotation;)V 3 1 0 java/lang/Object <init> ()V 1 165 0 java/lang/reflect/Field getModifiers ()I 1 168 0 java/lang/reflect/Modifier isFinal (I)Z 1 184 0 com/google/inject/spi/InjectionPoint$InjectableMembers add (Lcom/google/inject/spi/InjectionPoint$InjectableMember;)V 1 195 0 com/google/inject/spi/InjectionPoint getDeclaredMethods (Lcom/google/inject/TypeLiteral;)[Ljava/lang/reflect/Method; 2 1 0 com/google/inject/TypeLiteral getRawType ()Ljava/lang/Class; 2 4 0 com/google/inject/internal/DeclaredMembers getDeclaredMethods (Ljava/lang/Class;)[Ljava/lang/reflect/Method; 3 1 0 java/lang/Class getDeclaredMethods ()[Ljava/lang/reflect/Method; 4 0 0 java/lang/System getSecurityManager ()Ljava/lang/SecurityManager; 5 0 0 java/lang/System allowSecurityManager ()Z 4 20 0 java/lang/Class privateGetDeclaredMethods (Z)[Ljava/lang/reflect/Method; 5 1 0 java/lang/Class reflectionData ()Ljava/lang/Class$ReflectionData; 6 15 0 java/lang/ref/SoftReference get ()Ljava/lang/Object; 5 37 0 jdk/internal/reflect/Reflection filterMethods (Ljava/lang/Class;[Ljava/lang/reflect/Method;)[Ljava/lang/reflect/Method; 4 23 0 java/lang/Class copyMethods ([Ljava/lang/reflect/Method;)[Ljava/lang/reflect/Method; 5 6 0 java/lang/Class getReflectionFactory ()Ljdk/internal/reflect/ReflectionFactory; 5 24 0 jdk/internal/reflect/ReflectionFactory copyMethod (Ljava/lang/reflect/Method;)Ljava/lang/reflect/Method; 6 5 0 java/lang/reflect/ReflectAccess copyMethod (Ljava/lang/reflect/Method;)Ljava/lang/reflect/Method; 7 1 0 java/lang/reflect/Method copy ()Ljava/lang/reflect/Method; 8 65 0 java/lang/reflect/Method <init> (Ljava/lang/Class;Ljava/lang/String;[Ljava/lang/Class;Ljava/lang/Class;[Ljava/lang/Class;IILjava/lang/String;[B[B[B)V 9 1 0 java/lang/reflect/Executable <init> ()V 10 1 0 java/lang/reflect/AccessibleObject <init> ()V 11 1 0 java/lang/Object <init> ()V 3 4 0 java/util/Arrays stream ([Ljava/lang/Object;)Ljava/util/stream/Stream; 4 4 0 java/util/Arrays stream ([Ljava/lang/Object;II)Ljava/util/stream/Stream; 5 3 0 java/util/Arrays spliterator ([Ljava/lang/Object;II)Ljava/util/Spliterator; 6 6 0 java/util/Spliterators spliterator ([Ljava/lang/Object;III)Ljava/util/Spliterator; 7 1 0 java/util/Objects requireNonNull (Ljava/lang/Object;)Ljava/lang/Object; 7 10 0 java/util/Spliterators checkFromToBounds (III)V 7 21 0 java/util/Spliterators$ArraySpliterator <init> ([Ljava/lang/Object;III)V 8 1 0 java/lang/Object <init> ()V 5 7 0 java/util/stream/StreamSupport stream (Ljava/util/Spliterator;Z)Ljava/util/stream/Stream; 6 1 0 java/util/Objects requireNonNull (Ljava/lang/Object;)Ljava/lang/Object; 6 11 0 java/util/stream/StreamOpFlag fromCharacteristics (Ljava/util/Spliterator;)I 7 1 0 java/util/Spliterators$ArraySpliterator characteristics ()I 6 15 0 java/util/stream/ReferencePipeline$Head <init> (Ljava/util/Spliterator;IZ)V 7 4 0 java/util/stream/ReferencePipeline <init> (Ljava/util/Spliterator;IZ)V 8 4 0 java/util/stream/AbstractPipeline <init> (Ljava/util/Spliterator;IZ)V 9 1 0 java/util/stream/PipelineHelper <init> ()V 10 1 0 java/lang/Object <init> ()V 3 7 0 java/lang/invoke/Invokers$Holder linkToTargetMethod (Ljava/lang/Object;)Ljava/lang/Object; 4 4 0  @bci jdk/internal/misc/ExtendedMapMode <clinit> ()V 0 <appendix> form vmentry <vmtarget> ; invoke (Ljava/lang/Object;)Ljava/lang/Object; 3 12 0 java/util/Comparator comparing (Ljava/util/function/Function;)Ljava/util/Comparator; 4 1 0 java/util/Objects requireNonNull (Ljava/lang/Object;)Ljava/lang/Object; 4 6 0 java/lang/invoke/Invokers$Holder linkToTargetMethod (Ljava/lang/Object;Ljava/lang/Object;)Ljava/lang/Object; 5 5 0 java/lang/invoke/DirectMethodHandle$Holder newInvokeSpecial (Ljava/lang/Object;Ljava/lang/Object;)Ljava/lang/Object; 6 1 0 java/lang/invoke/DirectMethodHandle allocateInstance (Ljava/lang/Object;)Ljava/lang/Object; 6 6 0 java/lang/invoke/DirectMethodHandle constructorMethod (Ljava/lang/Object;)Ljava/lang/Object; 6 16 0  @bci java/util/Comparator comparing (Ljava/util/function/Function;)Ljava/util/Comparator; 6 <appendix> member <vmtarget> ; <init> (Ljava/util/function/Function;)V 7 1 0 java/lang/Object <init> ()V 3 15 0 java/lang/invoke/Invokers$Holder linkToTargetMethod (Ljava/lang/Object;)Ljava/lang/Object; 4 4 0  @bci jdk/internal/misc/ExtendedMapMode <clinit> ()V 0 <appendix> form vmentry <vmtarget> ; invoke (Ljava/lang/Object;)Ljava/lang/Object; 3 20 0 java/lang/invoke/Invokers$Holder linkToTargetMethod (Ljava/lang/Object;)Ljava/lang/Object; 4 4 0  @bci jdk/internal/misc/ExtendedMapMode <clinit> ()V 0 <appendix> form vmentry <vmtarget> ; invoke (Ljava/lang/Object;)Ljava/lang/Object; 3 25 0 java/util/Comparator comparing (Ljava/util/function/Function;)Ljava/util/Comparator; 4 1 0 java/util/Objects requireNonNull (Ljava/lang/Object;)Ljava/lang/Object; 4 6 0 java/lang/invoke/Invokers$Holder linkToTargetMethod (Ljava/lang/Object;Ljava/lang/Object;)Ljava/lang/Object; 5 5 0 java/lang/invoke/DirectMethodHandle$Holder newInvokeSpecial (Ljava/lang/Object;Ljava/lang/Object;)Ljava/lang/Object; 6 1 0 java/lang/invoke/DirectMethodHandle allocateInstance (Ljava/lang/Object;)Ljava/lang/Object; 6 6 0 java/lang/invoke/DirectMethodHandle constructorMethod (Ljava/lang/Object;)Ljava/lang/Object; 6 16 0  @bci java/util/Comparator comparing (Ljava/util/function/Function;)Ljava/util/Comparator; 6 <appendix> member <vmtarget> ; <init> (Ljava/util/function/Function;)V 7 1 0 java/lang/Object <init> ()V 3 28 0 java/util/Comparator thenComparing (Ljava/util/function/Function;Ljava/util/Comparator;)Ljava/util/Comparator; 4 3 0 java/util/Comparator comparing (Ljava/util/function/Function;Ljava/util/Comparator;)Ljava/util/Comparator; 5 1 0 java/util/Objects requireNonNull (Ljava/lang/Object;)Ljava/lang/Object; 5 6 0 java/util/Objects requireNonNull (Ljava/lang/Object;)Ljava/lang/Object; 5 12 0 java/lang/invoke/Invokers$Holder linkToTargetMethod (Ljava/lang/Object;Ljava/lang/Object;Ljava/lang/Object;)Ljava/lang/Object; 6 6 0 java/lang/invoke/DirectMethodHandle$Holder newInvokeSpecial (Ljava/lang/Object;Ljava/lang/Object;Ljava/lang/Object;)Ljava/lang/Object; 7 1 0 java/lang/invoke/DirectMethodHandle allocateInstance (Ljava/lang/Object;)Ljava/lang/Object; 7 6 0 java/lang/invoke/DirectMethodHandle constructorMethod (Ljava/lang/Object;)Ljava/lang/Object; 7 19 0  @bci java/util/Comparator comparing (Ljava/util/function/Function;Ljava/util/Comparator;)Ljava/util/Comparator; 12 <appendix> member <vmtarget> ; <init> (Ljava/util/Comparator;Ljava/util/function/Function;)V 8 1 0 java/lang/Object <init> ()V 4 6 0 java/util/Comparator thenComparing (Ljava/util/Comparator;)Ljava/util/Comparator; 5 1 0 java/util/Objects requireNonNull (Ljava/lang/Object;)Ljava/lang/Object; 5 7 0 java/lang/invoke/Invokers$Holder linkToTargetMethod (Ljava/lang/Object;Ljava/lang/Object;Ljava/lang/Object;)Ljava/lang/Object; 6 6 0 java/lang/invoke/DirectMethodHandle$Holder newInvokeSpecial (Ljava/lang/Object;Ljava/lang/Object;Ljava/lang/Object;)Ljava/lang/Object; 7 1 0 java/lang/invoke/DirectMethodHandle allocateInstance (Ljava/lang/Object;)Ljava/lang/Object; 7 6 0 java/lang/invoke/DirectMethodHandle constructorMethod (Ljava/lang/Object;)Ljava/lang/Object; 7 19 0  @bci java/util/Comparator thenComparing (Ljava/util/Comparator;)Ljava/util/Comparator; 7 <appendix> member <vmtarget> ; <init> (Ljava/util/Comparator;Ljava/util/Comparator;)V 8 1 0 java/lang/Object <init> ()V 3 33 0 java/lang/invoke/Invokers$Holder linkToTargetMethod (Ljava/lang/Object;)Ljava/lang/Object; 4 4 0  @bci jdk/internal/misc/ExtendedMapMode <clinit> ()V 0 <appendix> form vmentry <vmtarget> ; invoke (Ljava/lang/Object;)Ljava/lang/Object; 3 38 0 java/lang/invoke/Invokers$Holder linkToTargetMethod (Ljava/lang/Object;)Ljava/lang/Object; 4 4 0  @bci jdk/internal/misc/ExtendedMapMode <clinit> ()V 0 <appendix> form vmentry <vmtarget> ; invoke (Ljava/lang/Object;)Ljava/lang/Object; 3 43 0 java/util/Comparator comparing (Ljava/util/function/Function;)Ljava/util/Comparator; 4 1 0 java/util/Objects requireNonNull (Ljava/lang/Object;)Ljava/lang/Object; 4 6 0 java/lang/invoke/Invokers$Holder linkToTargetMethod (Ljava/lang/Object;Ljava/lang/Object;)Ljava/lang/Object; 5 5 0 java/lang/invoke/DirectMethodHandle$Holder newInvokeSpecial (Ljava/lang/Object;Ljava/lang/Object;)Ljava/lang/Object; 6 1 0 java/lang/invoke/DirectMethodHandle allocateInstance (Ljava/lang/Object;)Ljava/lang/Object; 6 6 0 java/lang/invoke/DirectMethodHandle constructorMethod (Ljava/lang/Object;)Ljava/lang/Object; 6 16 0  @bci java/util/Comparator comparing (Ljava/util/function/Function;)Ljava/util/Comparator; 6 <appendix> member <vmtarget> ; <init> (Ljava/util/function/Function;)V 7 1 0 java/lang/Object <init> ()V 3 46 0 com/google/common/collect/Ordering from (Ljava/util/Comparator;)Lcom/google/common/collect/Ordering; 4 19 0 com/google/common/collect/ComparatorOrdering <init> (Ljava/util/Comparator;)V 5 1 0 com/google/common/collect/Ordering <init> ()V 6 1 0 java/lang/Object <init> ()V 5 6 0 com/google/common/base/Preconditions checkNotNull (Ljava/lang/Object;)Ljava/lang/Object; 3 49 0 com/google/common/collect/Ordering lexicographical ()Lcom/google/common/collect/Ordering; 4 5 0 com/google/common/collect/LexicographicalOrdering <init> (Ljava/util/Comparator;)V 5 1 0 com/google/common/collect/Ordering <init> ()V 6 1 0 java/lang/Object <init> ()V 3 52 0 java/util/Comparator thenComparing (Ljava/util/function/Function;Ljava/util/Comparator;)Ljava/util/Comparator; 4 3 0 java/util/Comparator comparing (Ljava/util/function/Function;Ljava/util/Comparator;)Ljava/util/Comparator; 5 1 0 java/util/Objects requireNonNull (Ljava/lang/Object;)Ljava/lang/Object; 5 6 0 java/util/Objects requireNonNull (Ljava/lang/Object;)Ljava/lang/Object; 5 12 0 java/lang/invoke/Invokers$Holder linkToTargetMethod (Ljava/lang/Object;Ljava/lang/Object;Ljava/lang/Object;)Ljava/lang/Object; 6 6 0 java/lang/invoke/DirectMethodHandle$Holder newInvokeSpecial (Ljava/lang/Object;Ljava/lang/Object;Ljava/lang/Object;)Ljava/lang/Object; 7 1 0 java/lang/invoke/DirectMethodHandle allocateInstance (Ljava/lang/Object;)Ljava/lang/Object; 7 6 0 java/lang/invoke/DirectMethodHandle constructorMethod (Ljava/lang/Object;)Ljava/lang/Object; 7 19 0  @bci java/util/Comparator comparing (Ljava/util/function/Function;Ljava/util/Comparator;)Ljava/util/Comparator; 12 <appendix> member <vmtarget> ; <init> (Ljava/util/Comparator;Ljava/util/function/Function;)V 8 1 0 java/lang/Object <init> ()V 4 6 0 java/util/Comparator thenComparing (Ljava/util/Comparator;)Ljava/util/Comparator; 5 1 0 java/util/Objects requireNonNull (Ljava/lang/Object;)Ljava/lang/Object; 5 7 0 java/lang/invoke/Invokers$Holder linkToTargetMethod (Ljava/lang/Object;Ljava/lang/Object;Ljava/lang/Object;)Ljava/lang/Object; 6 6 0 java/lang/invoke/DirectMethodHandle$Holder newInvokeSpecial (Ljava/lang/Object;Ljava/lang/Object;Ljava/lang/Object;)Ljava/lang/Object; 7 1 0 java/lang/invoke/DirectMethodHandle allocateInstance (Ljava/lang/Object;)Ljava/lang/Object; 7 6 0 java/lang/invoke/DirectMethodHandle constructorMethod (Ljava/lang/Object;)Ljava/lang/Object; 7 19 0  @bci java/util/Comparator thenComparing (Ljava/util/Comparator;)Ljava/util/Comparator; 7 <appendix> member <vmtarget> ; <init> (Ljava/util/Comparator;Ljava/util/Comparator;)V 8 1 0 java/lang/Object <init> ()V 3 57 0 java/util/stream/ReferencePipeline sorted (Ljava/util/Comparator;)Ljava/util/stream/Stream; 4 2 0 java/util/stream/SortedOps makeRef (Ljava/util/stream/AbstractPipeline;Ljava/util/Comparator;)Ljava/util/stream/Stream; 5 6 0 java/util/stream/SortedOps$OfRef <init> (Ljava/util/stream/AbstractPipeline;Ljava/util/Comparator;)V 6 12 0 java/util/stream/ReferencePipeline$StatefulOp <init> (Ljava/util/stream/AbstractPipeline;Ljava/util/stream/StreamShape;I)V 7 3 0 java/util/stream/ReferencePipeline <init> (Ljava/util/stream/AbstractPipeline;I)V 8 3 0 java/util/stream/AbstractPipeline <init> (Ljava/util/stream/AbstractPipeline;I)V 9 1 0 java/util/stream/PipelineHelper <init> ()V 10 1 0 java/lang/Object <init> ()V 9 51 0 java/util/stream/StreamOpFlag combineOpFlags (II)I 10 2 0 java/util/stream/StreamOpFlag getMask (I)I 9 66 0 java/util/stream/ReferencePipeline$StatefulOp opIsStateful ()Z 6 22 0 java/util/Objects requireNonNull (Ljava/lang/Object;)Ljava/lang/Object; 3 62 0 java/lang/invoke/Invokers$Holder linkToTargetMethod (Ljava/lang/Object;)Ljava/lang/Object; 4 4 0  @bci jdk/internal/misc/ExtendedMapMode <clinit> ()V 0 <appendix> form vmentry <vmtarget> ; invoke (Ljava/lang/Object;)Ljava/lang/Object; 3 67 0 java/util/stream/ReferencePipeline toArray (Ljava/util/function/IntFunction;)[Ljava/lang/Object; 4 4 0 java/util/stream/AbstractPipeline evaluateToArrayNode (Ljava/util/function/IntFunction;)Ljava/util/stream/Node; 5 23 0 java/util/stream/AbstractPipeline isParallel ()Z 5 69 0 java/util/stream/AbstractPipeline sourceSpliterator (I)Ljava/util/Spliterator; 6 79 0 java/util/stream/AbstractPipeline isParallel ()Z 5 74 0 java/util/stream/AbstractPipeline evaluate (Ljava/util/Spliterator;ZLjava/util/function/IntFunction;)Ljava/util/stream/Node; 6 1 0 java/util/stream/AbstractPipeline isParallel ()Z 6 19 0 java/util/stream/AbstractPipeline exactOutputSizeIfKnown (Ljava/util/Spliterator;)J 7 1 0 java/util/stream/AbstractPipeline getStreamAndOpFlags ()I 7 9 0 java/util/stream/StreamOpFlag isKnown (I)Z 7 16 0 java/util/Spliterator getExactSizeIfKnown ()J 8 1 0 java/util/Spliterators$ArraySpliterator characteristics ()I 8 19 0 java/util/Spliterators$ArraySpliterator estimateSize ()J 7 40 0 java/util/stream/StreamOpFlag isKnown (I)Z 6 23 0 java/util/stream/ReferencePipeline makeNodeBuilder (JLjava/util/function/IntFunction;)Ljava/util/stream/Node$Builder; 7 2 0 java/util/stream/Nodes builder (JLjava/util/function/IntFunction;)Ljava/util/stream/Node$Builder; 8 20 0 java/util/stream/Nodes$FixedNodeBuilder <init> (JLjava/util/function/IntFunction;)V 9 3 0 java/util/stream/Nodes$ArrayNode <init> (JLjava/util/function/IntFunction;)V 10 1 0 java/lang/Object <init> ()V 10 26 0  @bci com/google/inject/internal/DeclaredMembers getDeclaredMethods (Ljava/lang/Class;)[Ljava/lang/reflect/Method; 62 <appendix> argL0 ; apply (I)Ljava/lang/Object; 11 1 0 com/google/inject/internal/DeclaredMembers lambda$getDeclaredMethods$2 (I)[Ljava/lang/reflect/Method; 8 26 0 java/util/stream/Nodes builder ()Ljava/util/stream/Node$Builder; 9 4 0 java/util/stream/Nodes$SpinedNodeBuilder <init> ()V 10 1 0 java/util/stream/SpinedBuffer <init> ()V 11 1 0 java/util/stream/AbstractSpinedBuffer <init> ()V 12 1 0 java/lang/Object <init> ()V 6 32 0 java/util/stream/AbstractPipeline wrapAndCopyInto (Ljava/util/stream/Sink;Ljava/util/Spliterator;)Ljava/util/stream/Sink; 7 3 0 java/util/Objects requireNonNull (Ljava/lang/Object;)Ljava/lang/Object; 7 9 0 java/util/stream/AbstractPipeline wrapSink (Ljava/util/stream/Sink;)Ljava/util/stream/Sink; 8 1 0 java/util/Objects requireNonNull (Ljava/lang/Object;)Ljava/lang/Object; 7 13 0 java/util/stream/AbstractPipeline copyInto (Ljava/util/stream/Sink;Ljava/util/Spliterator;)V 8 1 0 java/util/Objects requireNonNull (Ljava/lang/Object;)Ljava/lang/Object; 8 9 0 java/util/stream/AbstractPipeline getStreamAndOpFlags ()I 8 12 0 java/util/stream/StreamOpFlag isKnown (I)Z 6 38 0 java/util/stream/Nodes$FixedNodeBuilder build ()Ljava/util/stream/Node; 6 38 0 java/util/stream/Nodes$SpinedNodeBuilder build ()Ljava/util/stream/Node; 4 8 0 java/util/stream/Nodes flatten (Ljava/util/stream/Node;Ljava/util/function/IntFunction;)Ljava/util/stream/Node; 5 1 0 java/util/stream/Node getChildCount ()I 4 12 0 java/util/stream/Nodes$ArrayNode asArray (Ljava/util/function/IntFunction;)[Ljava/lang/Object; 4 12 0 java/util/stream/Nodes$SpinedNodeBuilder asArray (Ljava/util/function/IntFunction;)[Ljava/lang/Object; 1 225 0 com/google/inject/spi/InjectionPoint isEligibleForInjection (Ljava/lang/reflect/Method;Z)Z 2 1 0 java/lang/reflect/Method getModifiers ()I 2 4 0 java/lang/reflect/Modifier isStatic (I)Z 2 12 0 java/lang/reflect/Method isBridge ()Z 3 1 0 java/lang/reflect/Method getModifiers ()I 2 19 0 java/lang/reflect/Method isSynthetic ()Z 3 1 0 java/lang/reflect/Executable isSynthetic ()Z 4 1 0 java/lang/reflect/Method getModifiers ()I 4 4 0 java/lang/reflect/Modifier isSynthetic (I)Z 1 233 0 com/google/inject/spi/InjectionPoint getAtInject (Ljava/lang/reflect/AnnotatedElement;)Ljava/lang/annotation/Annotation; 1 253 0 com/google/inject/spi/InjectionPoint$InjectableMethod <init> (Lcom/google/inject/TypeLiteral;Ljava/lang/reflect/Method;Ljava/lang/annotation/Annotation;)V 2 3 0 com/google/inject/spi/InjectionPoint$InjectableMember <init> (Lcom/google/inject/TypeLiteral;Ljava/lang/annotation/Annotation;)V 3 1 0 java/lang/Object <init> ()V 1 337 0 com/google/inject/spi/InjectionPoint$OverrideIndex <init> (Lcom/google/inject/spi/InjectionPoint$InjectableMembers;)V 2 1 0 java/lang/Object <init> ()V 1 413 0 com/google/inject/spi/InjectionPoint$InjectableMembers isEmpty ()Z 1 419 0 java/util/Collections emptySet ()Ljava/util/Set; 1 423 0 com/google/common/collect/ImmutableSet builder ()Lcom/google/common/collect/ImmutableSet$Builder; 2 4 0 com/google/common/collect/ImmutableSet$Builder <init> ()V 3 2 0 com/google/common/collect/ImmutableSet$Builder <init> (I)V 4 1 0 com/google/common/collect/ImmutableCollection$Builder <init> ()V 5 1 0 java/lang/Object <init> ()V 4 24 0 com/google/common/collect/ImmutableSet$EmptySetBuilderImpl instance ()Lcom/google/common/collect/ImmutableSet$SetBuilderImpl; 1 443 0 com/google/inject/spi/InjectionPoint$InjectableField toInjectionPoint ()Lcom/google/inject/spi/InjectionPoint; 2 16 0 com/google/inject/spi/InjectionPoint <init> (Lcom/google/inject/TypeLiteral;Ljava/lang/reflect/Field;Z)V 3 1 0 java/lang/Object <init> ()V 3 20 0 com/google/inject/spi/InjectionPoint getAnnotations (Ljava/lang/reflect/Field;)[Ljava/lang/annotation/Annotation; 4 1 0 java/lang/reflect/AccessibleObject getAnnotations ()[Ljava/lang/annotation/Annotation; 5 1 0 java/lang/reflect/Field getDeclaredAnnotations ()[Ljava/lang/annotation/Annotation; 4 5 0 com/google/inject/internal/KotlinSupport getInstance ()Lcom/google/inject/internal/KotlinSupportInterface; 4 9 0 com/google/inject/internal/KotlinSupport$KotlinUnsupported getAnnotations (Ljava/lang/reflect/Field;)[Ljava/lang/annotation/Annotation; 3 29 0 sun/reflect/annotation/AnnotatedTypeFactory$AnnotatedTypeBaseImpl getAnnotations ()[Ljava/lang/annotation/Annotation; 3 41 0 com/google/inject/internal/Errors <init> (Ljava/lang/Object;)V 4 1 0 java/lang/Object <init> ()V 3 117 0 com/google/inject/internal/KotlinSupport getInstance ()Lcom/google/inject/internal/KotlinSupportInterface; 3 121 0 com/google/inject/internal/KotlinSupport$KotlinUnsupported isNullable (Ljava/lang/reflect/Field;)Z 1 443 0 com/google/inject/spi/InjectionPoint$InjectableMethod toInjectionPoint ()Lcom/google/inject/spi/InjectionPoint; 2 16 0 com/google/inject/spi/InjectionPoint <init> (Lcom/google/inject/TypeLiteral;Ljava/lang/reflect/Method;Z)V 3 1 0 java/lang/Object <init> ()V 3 26 0 com/google/inject/internal/Errors <init> (Ljava/lang/Object;)V 4 1 0 java/lang/Object <init> ()V 3 39 0 com/google/inject/internal/KotlinSupport getInstance ()Lcom/google/inject/internal/KotlinSupportInterface; 3 43 0 com/google/inject/internal/KotlinSupport$KotlinUnsupported getIsParameterKotlinNullablePredicate (Ljava/lang/reflect/Method;)Ljava/util/function/Predicate; 3 48 0 com/google/inject/spi/InjectionPoint forMember (Lcom/google/inject/internal/Errors;Ljava/lang/reflect/Member;Lcom/google/inject/TypeLiteral;[Ljava/lang/reflect/AnnotatedType;[[Ljava/lang/annotation/Annotation;Ljava/util/function/Predicate;)Lcom/google/common/collect/ImmutableList; 4 47 0 sun/reflect/annotation/AnnotatedTypeFactory$AnnotatedTypeBaseImpl getAnnotations ()[Ljava/lang/annotation/Annotation; 4 92 0 java/lang/Integer valueOf (I)Ljava/lang/Integer; 5 28 0 java/lang/Integer <init> (I)V 6 1 0 java/lang/Number <init> ()V 7 1 0 java/lang/Object <init> ()V
